category,company,slug,requested_url,page_url,page_title,page_status,page_error,collection_status,collection_error,asset_count,logo_count,banner_count,social_count,reference_count,priority_group,logical_pages,desktop_pages,mobile_pages,stylesheets,scripts,candidates,attempted_assets,logo_paths,banner_paths,social_paths,reference_paths
렌터카_국내,롯데렌터카,lotte-rent-a-car,https://www.lotterentacar.net/hp/kor/main/index.do,https://www.lotterentacar.net/hp/kor/main/index.do,롯데렌터카,200,,complete,asset:https://www.lotterentacar.net/atch/odm/getImage.do?atchFileId=ODM0000000000020261:HTTPError; asset:https://www.lotterentacar.net/atch/odm/getImage.do?atchFileId=ODM0000000000017577:HTTPError; asset:https://www.lotterentacar.net/atch/odm/getImage.do?atchFileId=ODM0000000000021038:HTTPError; asset:https://www.lotterentacar.net/atch/odm/getImage.do?atchFileId=ODM0000000000018263:HTTPError; asset:https://www.lotterentacar.net/atch/odm/getImage.do?atchFileId=ODM0000000000020398:HTTPError; asset:https://www.lotterentacar.net/atch/odm/getImage.do?atchFileId=ODM0000000000016026:HTTPError; asset:https://www.lotterentacar.net/atch/odm/getImage.do?atchFileId=ODM0000000000020059:HTTPError; asset:https://www.lotterentacar.net/atch/odm/getImage.do?atchFileId=ODM0000000000017576:HTTPError; asset:https://www.lotterentacar.net/atch/odm/getImage.do?atchFileId=ODM0000000000018262:HTTPError; asset:https://www.lotterentacar.net/atch/odm/getImage.do?atchFileId=ODM0000000000017454:HTTPError; asset:https://www.lotterentacar.net/atch/odm/getImage.do?atchFileId=ODM0000000000020058:HTTPError; asset:https://www.facebook.com/tr?id=1001781240353375&ev=PageView&noscript=1:ValueError,222,14,164,1,42,장기렌트·리스,28,27,27,28,,879,,"[""assets/렌터카_국내/lotte-rent-a-car/logo-001.png"", ""assets/렌터카_국내/lotte-rent-a-car/logo-002.png"", ""assets/렌터카_국내/lotte-rent-a-car/logo-003.png"", ""assets/렌터카_국내/lotte-rent-a-car/logo-004.svg"", ""assets/렌터카_국내/lotte-rent-a-car/logo-005.svg"", ""assets/렌터카_국내/lotte-rent-a-car/logo-006.svg"", ""assets/렌터카_국내/lotte-rent-a-car/logo-007.svg"", ""assets/렌터카_국내/lotte-rent-a-car/logo-008.svg"", ""assets/렌터카_국내/lotte-rent-a-car/logo-009.png"", ""assets/렌터카_국내/lotte-rent-a-car/logo-010.webp"", ""assets/렌터카_국내/lotte-rent-a-car/logo-011.png"", ""assets/렌터카_국내/lotte-rent-a-car/logo-012.svg"", ""assets/렌터카_국내/lotte-rent-a-car/logo-013.png"", ""assets/렌터카_국내/lotte-rent-a-car/logo-014.png""]","[""assets/렌터카_국내/lotte-rent-a-car/banner-001.webp"", ""assets/렌터카_국내/lotte-rent-a-car/banner-002.webp"", ""assets/렌터카_국내/lotte-rent-a-car/banner-003.webp"", ""assets/렌터카_국내/lotte-rent-a-car/banner-004.webp"", ""assets/렌터카_국내/lotte-rent-a-car/banner-005.webp"", ""assets/렌터카_국내/lotte-rent-a-car/banner-006.webp"", ""assets/렌터카_국내/lotte-rent-a-car/banner-007.webp"", ""assets/렌터카_국내/lotte-rent-a-car/banner-008.webp"", ""assets/렌터카_국내/lotte-rent-a-car/banner-009.webp"", ""assets/렌터카_국내/lotte-rent-a-car/banner-010.webp"", ""assets/렌터카_국내/lotte-rent-a-car/banner-011.webp"", ""assets/렌터카_국내/lotte-rent-a-car/banner-012.webp"", ""assets/렌터카_국내/lotte-rent-a-car/banner-013.webp"", ""assets/렌터카_국내/lotte-rent-a-car/banner-014.webp"", ""assets/렌터카_국내/lotte-rent-a-car/banner-015.webp"", ""assets/렌터카_국내/lotte-rent-a-car/banner-016.webp"", ""assets/렌터카_국내/lotte-rent-a-car/banner-017.webp"", ""assets/렌터카_국내/lotte-rent-a-car/banner-018.webp"", ""assets/렌터카_국내/lotte-rent-a-car/banner-019.webp"", ""assets/렌터카_국내/lotte-rent-a-car/banner-020.webp"", ""assets/렌터카_국내/lotte-rent-a-car/banner-021.webp"", ""assets/렌터카_국내/lotte-rent-a-car/banner-022.webp"", ""assets/렌터카_국내/lotte-rent-a-car/banner-023.webp"", ""assets/렌터카_국내/lotte-rent-a-car/banner-024.webp"", ""assets/렌터카_국내/lotte-rent-a-car/banner-025.webp"", ""assets/렌터카_국내/lotte-rent-a-car/banner-026.webp"", ""assets/렌터카_국내/lotte-rent-a-car/banner-027.webp"", ""assets/렌터카_국내/lotte-rent-a-car/banner-028.webp"", ""assets/렌터카_국내/lotte-rent-a-car/banner-029.webp"", ""assets/렌터카_국내/lotte-rent-a-car/banner-030.webp"", ""assets/렌터카_국내/lotte-rent-a-car/banner-031.webp"", ""assets/렌터카_국내/lotte-rent-a-car/banner-032.webp"", ""assets/렌터카_국내/lotte-rent-a-car/banner-033.webp"", ""assets/렌터카_국내/lotte-rent-a-car/banner-034.webp"", ""assets/렌터카_국내/lotte-rent-a-car/banner-035.webp"", ""assets/렌터카_국내/lotte-rent-a-car/banner-036.webp"", ""assets/렌터카_국내/lotte-rent-a-car/banner-037.webp"", ""assets/렌터카_국내/lotte-rent-a-car/banner-038.webp"", ""assets/렌터카_국내/lotte-rent-a-car/banner-039.webp"", ""assets/렌터카_국내/lotte-rent-a-car/banner-040.webp"", ""assets/렌터카_국내/lotte-rent-a-car/banner-041.webp"", ""assets/렌터카_국내/lotte-rent-a-car/banner-042.webp"", ""assets/렌터카_국내/lotte-rent-a-car/banner-043.webp"", ""assets/렌터카_국내/lotte-rent-a-car/banner-044.webp"", ""assets/렌터카_국내/lotte-rent-a-car/banner-045.webp"", ""assets/렌터카_국내/lotte-rent-a-car/banner-046.webp"", ""assets/렌터카_국내/lotte-rent-a-car/banner-047.webp"", ""assets/렌터카_국내/lotte-rent-a-car/banner-048.webp"", ""assets/렌터카_국내/lotte-rent-a-car/banner-049.webp"", ""assets/렌터카_국내/lotte-rent-a-car/banner-050.webp"", ""assets/렌터카_국내/lotte-rent-a-car/banner-051.webp"", ""assets/렌터카_국내/lotte-rent-a-car/banner-052.webp"", ""assets/렌터카_국내/lotte-rent-a-car/banner-053.webp"", ""assets/렌터카_국내/lotte-rent-a-car/banner-054.webp"", ""assets/렌터카_국내/lotte-rent-a-car/banner-055.webp"", ""assets/렌터카_국내/lotte-rent-a-car/banner-056.webp"", ""assets/렌터카_국내/lotte-rent-a-car/banner-057.webp"", ""assets/렌터카_국내/lotte-rent-a-car/banner-058.webp"", ""assets/렌터카_국내/lotte-rent-a-car/banner-059.webp"", ""assets/렌터카_국내/lotte-rent-a-car/banner-060.webp"", ""assets/렌터카_국내/lotte-rent-a-car/banner-061.webp"", ""assets/렌터카_국내/lotte-rent-a-car/banner-062.webp"", ""assets/렌터카_국내/lotte-rent-a-car/banner-063.webp"", ""assets/렌터카_국내/lotte-rent-a-car/banner-064.webp"", ""assets/렌터카_국내/lotte-rent-a-car/banner-065.webp"", ""assets/렌터카_국내/lotte-rent-a-car/banner-066.webp"", ""assets/렌터카_국내/lotte-rent-a-car/banner-067.webp"", ""assets/렌터카_국내/lotte-rent-a-car/banner-068.webp"", ""assets/렌터카_국내/lotte-rent-a-car/banner-069.webp"", ""assets/렌터카_국내/lotte-rent-a-car/banner-070.webp"", ""assets/렌터카_국내/lotte-rent-a-car/banner-071.webp"", ""assets/렌터카_국내/lotte-rent-a-car/banner-072.webp"", ""assets/렌터카_국내/lotte-rent-a-car/banner-073.webp"", ""assets/렌터카_국내/lotte-rent-a-car/banner-074.webp"", ""assets/렌터카_국내/lotte-rent-a-car/banner-075.webp"", ""assets/렌터카_국내/lotte-rent-a-car/banner-076.webp"", ""assets/렌터카_국내/lotte-rent-a-car/banner-077.webp"", ""assets/렌터카_국내/lotte-rent-a-car/banner-078.webp"", ""assets/렌터카_국내/lotte-rent-a-car/banner-079.webp"", ""assets/렌터카_국내/lotte-rent-a-car/banner-080.webp"", ""assets/렌터카_국내/lotte-rent-a-car/banner-081.webp"", ""assets/렌터카_국내/lotte-rent-a-car/banner-082.webp"", ""assets/렌터카_국내/lotte-rent-a-car/banner-083.webp"", ""assets/렌터카_국내/lotte-rent-a-car/banner-084.webp"", ""assets/렌터카_국내/lotte-rent-a-car/banner-085.webp"", ""assets/렌터카_국내/lotte-rent-a-car/banner-086.webp"", ""assets/렌터카_국내/lotte-rent-a-car/banner-087.webp"", ""assets/렌터카_국내/lotte-rent-a-car/banner-088.webp"", ""assets/렌터카_국내/lotte-rent-a-car/banner-089.webp"", ""assets/렌터카_국내/lotte-rent-a-car/banner-090.webp"", ""assets/렌터카_국내/lotte-rent-a-car/banner-091.webp"", ""assets/렌터카_국내/lotte-rent-a-car/banner-092.webp"", ""assets/렌터카_국내/lotte-rent-a-car/banner-093.webp"", ""assets/렌터카_국내/lotte-rent-a-car/banner-094.webp"", ""assets/렌터카_국내/lotte-rent-a-car/banner-095.webp"", ""assets/렌터카_국내/lotte-rent-a-car/banner-096.webp"", ""assets/렌터카_국내/lotte-rent-a-car/banner-097.webp"", ""assets/렌터카_국내/lotte-rent-a-car/banner-098.webp"", ""assets/렌터카_국내/lotte-rent-a-car/banner-099.webp"", ""assets/렌터카_국내/lotte-rent-a-car/banner-100.webp"", ""assets/렌터카_국내/lotte-rent-a-car/banner-101.webp"", ""assets/렌터카_국내/lotte-rent-a-car/banner-102.webp"", ""assets/렌터카_국내/lotte-rent-a-car/banner-103.webp"", ""assets/렌터카_국내/lotte-rent-a-car/banner-104.webp"", ""assets/렌터카_국내/lotte-rent-a-car/banner-105.webp"", ""assets/렌터카_국내/lotte-rent-a-car/banner-106.webp"", ""assets/렌터카_국내/lotte-rent-a-car/banner-107.webp"", ""assets/렌터카_국내/lotte-rent-a-car/banner-108.webp"", ""assets/렌터카_국내/lotte-rent-a-car/banner-109.webp"", ""assets/렌터카_국내/lotte-rent-a-car/banner-110.webp"", ""assets/렌터카_국내/lotte-rent-a-car/banner-111.webp"", ""assets/렌터카_국내/lotte-rent-a-car/banner-112.webp"", ""assets/렌터카_국내/lotte-rent-a-car/banner-113.webp"", ""assets/렌터카_국내/lotte-rent-a-car/banner-114.webp"", ""assets/렌터카_국내/lotte-rent-a-car/banner-115.webp"", ""assets/렌터카_국내/lotte-rent-a-car/banner-116.webp"", ""assets/렌터카_국내/lotte-rent-a-car/banner-117.webp"", ""assets/렌터카_국내/lotte-rent-a-car/banner-118.webp"", ""assets/렌터카_국내/lotte-rent-a-car/banner-119.webp"", ""assets/렌터카_국내/lotte-rent-a-car/banner-120.webp"", ""assets/렌터카_국내/lotte-rent-a-car/banner-121.webp"", ""assets/렌터카_국내/lotte-rent-a-car/banner-122.webp"", ""assets/렌터카_국내/lotte-rent-a-car/banner-123.webp"", ""assets/렌터카_국내/lotte-rent-a-car/banner-124.webp"", ""assets/렌터카_국내/lotte-rent-a-car/banner-125.webp"", ""assets/렌터카_국내/lotte-rent-a-car/banner-126.webp"", ""assets/렌터카_국내/lotte-rent-a-car/banner-127.webp"", ""assets/렌터카_국내/lotte-rent-a-car/banner-128.webp"", ""assets/렌터카_국내/lotte-rent-a-car/banner-129.webp"", ""assets/렌터카_국내/lotte-rent-a-car/banner-130.webp"", ""assets/렌터카_국내/lotte-rent-a-car/banner-131.webp"", ""assets/렌터카_국내/lotte-rent-a-car/banner-132.webp"", ""assets/렌터카_국내/lotte-rent-a-car/banner-133.webp"", ""assets/렌터카_국내/lotte-rent-a-car/banner-134.webp"", ""assets/렌터카_국내/lotte-rent-a-car/banner-135.webp"", ""assets/렌터카_국내/lotte-rent-a-car/banner-136.webp"", ""assets/렌터카_국내/lotte-rent-a-car/banner-137.webp"", ""assets/렌터카_국내/lotte-rent-a-car/banner-138.webp"", ""assets/렌터카_국내/lotte-rent-a-car/banner-139.webp"", ""assets/렌터카_국내/lotte-rent-a-car/banner-140.webp"", ""assets/렌터카_국내/lotte-rent-a-car/banner-141.webp"", ""assets/렌터카_국내/lotte-rent-a-car/banner-142.webp"", ""assets/렌터카_국내/lotte-rent-a-car/banner-143.webp"", ""assets/렌터카_국내/lotte-rent-a-car/banner-144.webp"", ""assets/렌터카_국내/lotte-rent-a-car/banner-145.webp"", ""assets/렌터카_국내/lotte-rent-a-car/banner-146.webp"", ""assets/렌터카_국내/lotte-rent-a-car/banner-147.webp"", ""assets/렌터카_국내/lotte-rent-a-car/banner-148.webp"", ""assets/렌터카_국내/lotte-rent-a-car/banner-149.webp"", ""assets/렌터카_국내/lotte-rent-a-car/banner-150.webp"", ""assets/렌터카_국내/lotte-rent-a-car/banner-151.webp"", ""assets/렌터카_국내/lotte-rent-a-car/banner-152.webp"", ""assets/렌터카_국내/lotte-rent-a-car/banner-153.webp"", ""assets/렌터카_국내/lotte-rent-a-car/banner-154.webp"", ""assets/렌터카_국내/lotte-rent-a-car/banner-155.webp"", ""assets/렌터카_국내/lotte-rent-a-car/banner-156.webp"", ""assets/렌터카_국내/lotte-rent-a-car/banner-157.webp"", ""assets/렌터카_국내/lotte-rent-a-car/banner-158.webp"", ""assets/렌터카_국내/lotte-rent-a-car/banner-159.webp"", ""assets/렌터카_국내/lotte-rent-a-car/banner-160.webp"", ""assets/렌터카_국내/lotte-rent-a-car/banner-161.webp"", ""assets/렌터카_국내/lotte-rent-a-car/banner-162.webp"", ""assets/렌터카_국내/lotte-rent-a-car/banner-163.webp"", ""assets/렌터카_국내/lotte-rent-a-car/banner-164.webp""]","[""assets/렌터카_국내/lotte-rent-a-car/og.png""]","[""assets/렌터카_국내/lotte-rent-a-car/reference-001.webp"", ""assets/렌터카_국내/lotte-rent-a-car/reference-002.webp"", ""assets/렌터카_국내/lotte-rent-a-car/reference-003.webp"", ""assets/렌터카_국내/lotte-rent-a-car/reference-004.webp"", ""assets/렌터카_국내/lotte-rent-a-car/reference-005.webp"", ""assets/렌터카_국내/lotte-rent-a-car/reference-006.webp"", ""assets/렌터카_국내/lotte-rent-a-car/reference-007.webp"", ""assets/렌터카_국내/lotte-rent-a-car/reference-008.webp"", ""assets/렌터카_국내/lotte-rent-a-car/reference-009.webp"", ""assets/렌터카_국내/lotte-rent-a-car/reference-010.webp"", ""assets/렌터카_국내/lotte-rent-a-car/reference-011.webp"", ""assets/렌터카_국내/lotte-rent-a-car/reference-012.webp"", ""assets/렌터카_국내/lotte-rent-a-car/reference-013.webp"", ""assets/렌터카_국내/lotte-rent-a-car/reference-014.webp"", ""assets/렌터카_국내/lotte-rent-a-car/reference-015.webp"", ""assets/렌터카_국내/lotte-rent-a-car/reference-016.webp"", ""assets/렌터카_국내/lotte-rent-a-car/reference-017.webp"", ""assets/렌터카_국내/lotte-rent-a-car/reference-018.webp"", ""assets/렌터카_국내/lotte-rent-a-car/reference-019.webp"", ""assets/렌터카_국내/lotte-rent-a-car/reference-020.webp"", ""assets/렌터카_국내/lotte-rent-a-car/reference-021.webp"", ""assets/렌터카_국내/lotte-rent-a-car/reference-022.webp"", ""assets/렌터카_국내/lotte-rent-a-car/reference-023.webp"", ""assets/렌터카_국내/lotte-rent-a-car/reference-024.webp"", ""assets/렌터카_국내/lotte-rent-a-car/reference-025.webp"", ""assets/렌터카_국내/lotte-rent-a-car/reference-026.webp"", ""assets/렌터카_국내/lotte-rent-a-car/reference-027.webp"", ""assets/렌터카_국내/lotte-rent-a-car/reference-028.webp"", ""assets/렌터카_국내/lotte-rent-a-car/reference-029.webp"", ""assets/렌터카_국내/lotte-rent-a-car/reference-030.webp"", ""assets/렌터카_국내/lotte-rent-a-car/reference-031.webp"", ""assets/렌터카_국내/lotte-rent-a-car/reference-032.webp"", ""assets/렌터카_국내/lotte-rent-a-car/reference-033.webp"", ""assets/렌터카_국내/lotte-rent-a-car/reference-034.webp"", ""assets/렌터카_국내/lotte-rent-a-car/reference-035.webp"", ""assets/렌터카_국내/lotte-rent-a-car/reference-036.webp"", ""assets/렌터카_국내/lotte-rent-a-car/reference-037.webp"", ""assets/렌터카_국내/lotte-rent-a-car/reference-038.webp"", ""assets/렌터카_국내/lotte-rent-a-car/reference-039.webp"", ""assets/렌터카_국내/lotte-rent-a-car/reference-040.webp"", ""assets/렌터카_국내/lotte-rent-a-car/reference-041.webp"", ""assets/렌터카_국내/lotte-rent-a-car/reference-042.webp""]"
렌터카_국내,SK렌터카,sk-rent-a-car,https://www.skdirect.co.kr/,https://www.skdirect.co.kr/,SK렌터카,200,,complete,asset:https://static.skdirect.co.kr/images/mo/long-rent/test-driver-date-img.png:HTTPError; asset:https://static.skdirect.co.kr/images/mo/common/garbage.svg:HTTPError; asset:https://static.skdirect.co.kr/images/pc/short-rent/kids-item-img.png:HTTPError; asset:https://static.skdirect.co.kr/images/pc/short-rent/wheel-item-img.png:HTTPError; asset:https://static.skdirect.co.kr/assets/common/fonts/SUIT-Regular.woff2:HTTPError; asset:https://static.skdirect.co.kr/assets/common/fonts/SUIT-Regular.ttf:HTTPError; asset:https://static.skdirect.co.kr/assets/common/fonts/SUIT-Bold.woff2:HTTPError; asset:https://static.skdirect.co.kr/assets/common/fonts/SUIT-Bold.ttf:HTTPError; asset:https://static.skdirect.co.kr/assets/common/fonts/SUIT-ExtraBold.woff2:HTTPError; asset:https://static.skdirect.co.kr/assets/common/fonts/SUIT-ExtraBold.ttf:HTTPError; asset:https://static.skdirect.co.kr/assets/common/fonts/SUIT-Heavy.woff2:HTTPError; asset:https://static.skdirect.co.kr/assets/common/fonts/SUIT-Heavy.ttf:HTTPError,222,65,49,2,105,장기렌트·리스,6,3,4,18,,433,,"[""assets/렌터카_국내/sk-rent-a-car/logo-001.svg"", ""assets/렌터카_국내/sk-rent-a-car/logo-002.png"", ""assets/렌터카_국내/sk-rent-a-car/logo-003.png"", ""assets/렌터카_국내/sk-rent-a-car/logo-004.png"", ""assets/렌터카_국내/sk-rent-a-car/logo-005.png"", ""assets/렌터카_국내/sk-rent-a-car/logo-006.png"", ""assets/렌터카_국내/sk-rent-a-car/logo-007.png"", ""assets/렌터카_국내/sk-rent-a-car/logo-008.png"", ""assets/렌터카_국내/sk-rent-a-car/logo-009.png"", ""assets/렌터카_국내/sk-rent-a-car/logo-010.png"", ""assets/렌터카_국내/sk-rent-a-car/logo-011.png"", ""assets/렌터카_국내/sk-rent-a-car/logo-012.png"", ""assets/렌터카_국내/sk-rent-a-car/logo-013.png"", ""assets/렌터카_국내/sk-rent-a-car/logo-014.png"", ""assets/렌터카_국내/sk-rent-a-car/logo-015.png"", ""assets/렌터카_국내/sk-rent-a-car/logo-016.png"", ""assets/렌터카_국내/sk-rent-a-car/logo-017.png"", ""assets/렌터카_국내/sk-rent-a-car/logo-018.png"", ""assets/렌터카_국내/sk-rent-a-car/logo-019.png"", ""assets/렌터카_국내/sk-rent-a-car/logo-020.png"", ""assets/렌터카_국내/sk-rent-a-car/logo-021.png"", ""assets/렌터카_국내/sk-rent-a-car/logo-022.png"", ""assets/렌터카_국내/sk-rent-a-car/logo-023.png"", ""assets/렌터카_국내/sk-rent-a-car/logo-024.png"", ""assets/렌터카_국내/sk-rent-a-car/logo-025.png"", ""assets/렌터카_국내/sk-rent-a-car/logo-026.png"", ""assets/렌터카_국내/sk-rent-a-car/logo-027.png"", ""assets/렌터카_국내/sk-rent-a-car/logo-028.png"", ""assets/렌터카_국내/sk-rent-a-car/logo-029.png"", ""assets/렌터카_국내/sk-rent-a-car/logo-030.png"", ""assets/렌터카_국내/sk-rent-a-car/logo-031.png"", ""assets/렌터카_국내/sk-rent-a-car/logo-032.png"", ""assets/렌터카_국내/sk-rent-a-car/logo-033.png"", ""assets/렌터카_국내/sk-rent-a-car/logo-034.png"", ""assets/렌터카_국내/sk-rent-a-car/logo-035.png"", ""assets/렌터카_국내/sk-rent-a-car/logo-036.png"", ""assets/렌터카_국내/sk-rent-a-car/logo-037.png"", ""assets/렌터카_국내/sk-rent-a-car/logo-038.png"", ""assets/렌터카_국내/sk-rent-a-car/logo-039.png"", ""assets/렌터카_국내/sk-rent-a-car/logo-040.png"", ""assets/렌터카_국내/sk-rent-a-car/logo-041.png"", ""assets/렌터카_국내/sk-rent-a-car/logo-042.png"", ""assets/렌터카_국내/sk-rent-a-car/logo-043.png"", ""assets/렌터카_국내/sk-rent-a-car/logo-044.png"", ""assets/렌터카_국내/sk-rent-a-car/logo-045.png"", ""assets/렌터카_국내/sk-rent-a-car/logo-046.png"", ""assets/렌터카_국내/sk-rent-a-car/logo-047.png"", ""assets/렌터카_국내/sk-rent-a-car/logo-048.png"", ""assets/렌터카_국내/sk-rent-a-car/logo-049.png"", ""assets/렌터카_국내/sk-rent-a-car/logo-050.webp"", ""assets/렌터카_국내/sk-rent-a-car/logo-051.svg"", ""assets/렌터카_국내/sk-rent-a-car/logo-052.svg"", ""assets/렌터카_국내/sk-rent-a-car/logo-053.svg"", ""assets/렌터카_국내/sk-rent-a-car/logo-054.svg"", ""assets/렌터카_국내/sk-rent-a-car/logo-055.svg"", ""assets/렌터카_국내/sk-rent-a-car/logo-056.svg"", ""assets/렌터카_국내/sk-rent-a-car/logo-057.png"", ""assets/렌터카_국내/sk-rent-a-car/logo-058.png"", ""assets/렌터카_국내/sk-rent-a-car/logo-059.png"", ""assets/렌터카_국내/sk-rent-a-car/logo-060.png"", ""assets/렌터카_국내/sk-rent-a-car/logo-061.png"", ""assets/렌터카_국내/sk-rent-a-car/logo-062.png"", ""assets/렌터카_국내/sk-rent-a-car/logo-063.png"", ""assets/렌터카_국내/sk-rent-a-car/logo-064.png"", ""assets/렌터카_국내/sk-rent-a-car/logo-065.png""]","[""assets/렌터카_국내/sk-rent-a-car/banner-001.webp"", ""assets/렌터카_국내/sk-rent-a-car/banner-002.webp"", ""assets/렌터카_국내/sk-rent-a-car/banner-003.webp"", ""assets/렌터카_국내/sk-rent-a-car/banner-004.webp"", ""assets/렌터카_국내/sk-rent-a-car/banner-005.webp"", ""assets/렌터카_국내/sk-rent-a-car/banner-006.webp"", ""assets/렌터카_국내/sk-rent-a-car/banner-007.webp"", ""assets/렌터카_국내/sk-rent-a-car/banner-008.webp"", ""assets/렌터카_국내/sk-rent-a-car/banner-009.webp"", ""assets/렌터카_국내/sk-rent-a-car/banner-010.webp"", ""assets/렌터카_국내/sk-rent-a-car/banner-011.webp"", ""assets/렌터카_국내/sk-rent-a-car/banner-012.webp"", ""assets/렌터카_국내/sk-rent-a-car/banner-013.webp"", ""assets/렌터카_국내/sk-rent-a-car/banner-014.webp"", ""assets/렌터카_국내/sk-rent-a-car/banner-015.webp"", ""assets/렌터카_국내/sk-rent-a-car/banner-016.webp"", ""assets/렌터카_국내/sk-rent-a-car/banner-017.webp"", ""assets/렌터카_국내/sk-rent-a-car/banner-018.webp"", ""assets/렌터카_국내/sk-rent-a-car/banner-019.webp"", ""assets/렌터카_국내/sk-rent-a-car/banner-020.webp"", ""assets/렌터카_국내/sk-rent-a-car/banner-021.webp"", ""assets/렌터카_국내/sk-rent-a-car/banner-022.webp"", ""assets/렌터카_국내/sk-rent-a-car/banner-023.webp"", ""assets/렌터카_국내/sk-rent-a-car/banner-024.webp"", ""assets/렌터카_국내/sk-rent-a-car/banner-025.webp"", ""assets/렌터카_국내/sk-rent-a-car/banner-026.webp"", ""assets/렌터카_국내/sk-rent-a-car/banner-027.webp"", ""assets/렌터카_국내/sk-rent-a-car/banner-028.webp"", ""assets/렌터카_국내/sk-rent-a-car/banner-029.webp"", ""assets/렌터카_국내/sk-rent-a-car/banner-030.webp"", ""assets/렌터카_국내/sk-rent-a-car/banner-031.webp"", ""assets/렌터카_국내/sk-rent-a-car/banner-032.webp"", ""assets/렌터카_국내/sk-rent-a-car/banner-033.webp"", ""assets/렌터카_국내/sk-rent-a-car/banner-034.webp"", ""assets/렌터카_국내/sk-rent-a-car/banner-035.webp"", ""assets/렌터카_국내/sk-rent-a-car/banner-036.webp"", ""assets/렌터카_국내/sk-rent-a-car/banner-037.webp"", ""assets/렌터카_국내/sk-rent-a-car/banner-038.webp"", ""assets/렌터카_국내/sk-rent-a-car/banner-039.webp"", ""assets/렌터카_국내/sk-rent-a-car/banner-040.webp"", ""assets/렌터카_국내/sk-rent-a-car/banner-041.webp"", ""assets/렌터카_국내/sk-rent-a-car/banner-042.webp"", ""assets/렌터카_국내/sk-rent-a-car/banner-043.webp"", ""assets/렌터카_국내/sk-rent-a-car/banner-044.webp"", ""assets/렌터카_국내/sk-rent-a-car/banner-045.webp"", ""assets/렌터카_국내/sk-rent-a-car/banner-046.webp"", ""assets/렌터카_국내/sk-rent-a-car/banner-047.webp"", ""assets/렌터카_국내/sk-rent-a-car/banner-048.webp"", ""assets/렌터카_국내/sk-rent-a-car/banner-049.webp""]","[""assets/렌터카_국내/sk-rent-a-car/social-001.webp"", ""assets/렌터카_국내/sk-rent-a-car/og.png""]","[""assets/렌터카_국내/sk-rent-a-car/reference-001.webp"", ""assets/렌터카_국내/sk-rent-a-car/reference-002.webp"", ""assets/렌터카_국내/sk-rent-a-car/reference-003.webp"", ""assets/렌터카_국내/sk-rent-a-car/reference-004.webp"", ""assets/렌터카_국내/sk-rent-a-car/reference-005.webp"", ""assets/렌터카_국내/sk-rent-a-car/reference-006.webp"", ""assets/렌터카_국내/sk-rent-a-car/reference-007.webp"", ""assets/렌터카_국내/sk-rent-a-car/reference-008.webp"", ""assets/렌터카_국내/sk-rent-a-car/reference-009.webp"", ""assets/렌터카_국내/sk-rent-a-car/reference-010.webp"", ""assets/렌터카_국내/sk-rent-a-car/reference-011.webp"", ""assets/렌터카_국내/sk-rent-a-car/reference-012.webp"", ""assets/렌터카_국내/sk-rent-a-car/reference-013.webp"", ""assets/렌터카_국내/sk-rent-a-car/reference-014.webp"", ""assets/렌터카_국내/sk-rent-a-car/reference-015.webp"", ""assets/렌터카_국내/sk-rent-a-car/reference-016.webp"", ""assets/렌터카_국내/sk-rent-a-car/reference-017.webp"", ""assets/렌터카_국내/sk-rent-a-car/reference-018.webp"", ""assets/렌터카_국내/sk-rent-a-car/reference-019.webp"", ""assets/렌터카_국내/sk-rent-a-car/reference-020.webp"", ""assets/렌터카_국내/sk-rent-a-car/reference-021.webp"", ""assets/렌터카_국내/sk-rent-a-car/reference-022.webp"", ""assets/렌터카_국내/sk-rent-a-car/reference-023.webp"", ""assets/렌터카_국내/sk-rent-a-car/reference-024.webp"", ""assets/렌터카_국내/sk-rent-a-car/reference-025.webp"", ""assets/렌터카_국내/sk-rent-a-car/reference-026.webp"", ""assets/렌터카_국내/sk-rent-a-car/reference-027.webp"", ""assets/렌터카_국내/sk-rent-a-car/reference-028.webp"", ""assets/렌터카_국내/sk-rent-a-car/reference-029.webp"", ""assets/렌터카_국내/sk-rent-a-car/reference-030.webp"", ""assets/렌터카_국내/sk-rent-a-car/reference-031.webp"", ""assets/렌터카_국내/sk-rent-a-car/reference-032.webp"", ""assets/렌터카_국내/sk-rent-a-car/reference-033.webp"", ""assets/렌터카_국내/sk-rent-a-car/reference-034.webp"", ""assets/렌터카_국내/sk-rent-a-car/reference-035.webp"", ""assets/렌터카_국내/sk-rent-a-car/reference-036.webp"", ""assets/렌터카_국내/sk-rent-a-car/reference-037.webp"", ""assets/렌터카_국내/sk-rent-a-car/reference-038.webp"", ""assets/렌터카_국내/sk-rent-a-car/reference-039.webp"", ""assets/렌터카_국내/sk-rent-a-car/reference-040.webp"", ""assets/렌터카_국내/sk-rent-a-car/reference-041.webp"", ""assets/렌터카_국내/sk-rent-a-car/reference-042.webp"", ""assets/렌터카_국내/sk-rent-a-car/reference-043.webp"", ""assets/렌터카_국내/sk-rent-a-car/reference-044.webp"", ""assets/렌터카_국내/sk-rent-a-car/reference-045.webp"", ""assets/렌터카_국내/sk-rent-a-car/reference-046.webp"", ""assets/렌터카_국내/sk-rent-a-car/reference-047.webp"", ""assets/렌터카_국내/sk-rent-a-car/reference-048.webp"", ""assets/렌터카_국내/sk-rent-a-car/reference-049.webp"", ""assets/렌터카_국내/sk-rent-a-car/reference-050.webp"", ""assets/렌터카_국내/sk-rent-a-car/reference-051.webp"", ""assets/렌터카_국내/sk-rent-a-car/reference-052.webp"", ""assets/렌터카_국내/sk-rent-a-car/reference-053.webp"", ""assets/렌터카_국내/sk-rent-a-car/reference-054.webp"", ""assets/렌터카_국내/sk-rent-a-car/reference-055.webp"", ""assets/렌터카_국내/sk-rent-a-car/reference-056.webp"", ""assets/렌터카_국내/sk-rent-a-car/reference-057.webp"", ""assets/렌터카_국내/sk-rent-a-car/reference-058.webp"", ""assets/렌터카_국내/sk-rent-a-car/reference-059.webp"", ""assets/렌터카_국내/sk-rent-a-car/reference-060.webp"", ""assets/렌터카_국내/sk-rent-a-car/reference-061.webp"", ""assets/렌터카_국내/sk-rent-a-car/reference-062.webp"", ""assets/렌터카_국내/sk-rent-a-car/reference-063.webp"", ""assets/렌터카_국내/sk-rent-a-car/reference-064.webp"", ""assets/렌터카_국내/sk-rent-a-car/reference-065.webp"", ""assets/렌터카_국내/sk-rent-a-car/reference-066.webp"", ""assets/렌터카_국내/sk-rent-a-car/reference-067.webp"", ""assets/렌터카_국내/sk-rent-a-car/reference-068.webp"", ""assets/렌터카_국내/sk-rent-a-car/reference-069.webp"", ""assets/렌터카_국내/sk-rent-a-car/reference-070.webp"", ""assets/렌터카_국내/sk-rent-a-car/reference-071.webp"", ""assets/렌터카_국내/sk-rent-a-car/reference-072.webp"", ""assets/렌터카_국내/sk-rent-a-car/reference-073.webp"", ""assets/렌터카_국내/sk-rent-a-car/reference-074.webp"", ""assets/렌터카_국내/sk-rent-a-car/reference-075.webp"", ""assets/렌터카_국내/sk-rent-a-car/reference-076.webp"", ""assets/렌터카_국내/sk-rent-a-car/reference-077.webp"", ""assets/렌터카_국내/sk-rent-a-car/reference-078.webp"", ""assets/렌터카_국내/sk-rent-a-car/reference-079.webp"", ""assets/렌터카_국내/sk-rent-a-car/reference-080.webp"", ""assets/렌터카_국내/sk-rent-a-car/reference-081.webp"", ""assets/렌터카_국내/sk-rent-a-car/reference-082.webp"", ""assets/렌터카_국내/sk-rent-a-car/reference-083.webp"", ""assets/렌터카_국내/sk-rent-a-car/reference-084.webp"", ""assets/렌터카_국내/sk-rent-a-car/reference-085.webp"", ""assets/렌터카_국내/sk-rent-a-car/reference-086.webp"", ""assets/렌터카_국내/sk-rent-a-car/reference-087.webp"", ""assets/렌터카_국내/sk-rent-a-car/reference-088.webp"", ""assets/렌터카_국내/sk-rent-a-car/reference-089.webp"", ""assets/렌터카_국내/sk-rent-a-car/reference-090.webp"", ""assets/렌터카_국내/sk-rent-a-car/reference-091.webp"", ""assets/렌터카_국내/sk-rent-a-car/reference-092.webp"", ""assets/렌터카_국내/sk-rent-a-car/reference-093.webp"", ""assets/렌터카_국내/sk-rent-a-car/reference-094.webp"", ""assets/렌터카_국내/sk-rent-a-car/reference-095.webp"", ""assets/렌터카_국내/sk-rent-a-car/reference-096.webp"", ""assets/렌터카_국내/sk-rent-a-car/reference-097.webp"", ""assets/렌터카_국내/sk-rent-a-car/reference-098.webp"", ""assets/렌터카_국내/sk-rent-a-car/reference-099.webp"", ""assets/렌터카_국내/sk-rent-a-car/reference-100.webp"", ""assets/렌터카_국내/sk-rent-a-car/reference-101.webp"", ""assets/렌터카_국내/sk-rent-a-car/reference-102.webp"", ""assets/렌터카_국내/sk-rent-a-car/reference-103.webp"", ""assets/렌터카_국내/sk-rent-a-car/reference-104.webp"", ""assets/렌터카_국내/sk-rent-a-car/reference-105.webp""]"
렌터카_국내,현대캐피탈 장기렌터카,hyundai-capital-rental,https://www.hyundaicapital.com/,https://www.hyundaicapital.com/,,200,,partial,,1,0,0,0,0,장기렌트·리스,1,1,1,0,,0,,[],[],[],[]
렌터카_국내,하나캐피탈 장기렌터카,hana-capital-rental,https://www.hanacapital.co.kr/,https://www.hanacapital.co.kr/,하나캐피탈 공식 웹사이트,browser,,partial,,1,0,0,0,0,장기렌트·리스,1,1,1,1,,39,,[],[],[],[]
렌터카_국내,쏘카,socar,https://www.socar.kr/,https://www.socar.kr/,"차가 필요할 땐, 쏘카 | 전국 및 제주 렌터카·렌트카·카셰어링 예약",200,,complete,,56,3,30,7,15,,18,18,18,6,36,2163,300,"[""assets/렌터카_국내/socar/logo-001.svg"", ""assets/렌터카_국내/socar/logo-002.svg"", ""assets/렌터카_국내/socar/logo-003.webp""]","[""assets/렌터카_국내/socar/banner-001.webp"", ""assets/렌터카_국내/socar/banner-002.webp"", ""assets/렌터카_국내/socar/banner-003.webp"", ""assets/렌터카_국내/socar/banner-004.webp"", ""assets/렌터카_국내/socar/banner-005.webp"", ""assets/렌터카_국내/socar/banner-006.webp"", ""assets/렌터카_국내/socar/banner-007.webp"", ""assets/렌터카_국내/socar/banner-008.webp"", ""assets/렌터카_국내/socar/banner-009.webp"", ""assets/렌터카_국내/socar/banner-010.webp"", ""assets/렌터카_국내/socar/banner-011.webp"", ""assets/렌터카_국내/socar/banner-012.webp"", ""assets/렌터카_국내/socar/banner-013.webp"", ""assets/렌터카_국내/socar/banner-014.webp"", ""assets/렌터카_국내/socar/banner-015.webp"", ""assets/렌터카_국내/socar/banner-016.webp"", ""assets/렌터카_국내/socar/banner-017.webp"", ""assets/렌터카_국내/socar/banner-018.webp"", ""assets/렌터카_국내/socar/banner-019.webp"", ""assets/렌터카_국내/socar/banner-020.webp"", ""assets/렌터카_국내/socar/banner-021.webp"", ""assets/렌터카_국내/socar/banner-022.webp"", ""assets/렌터카_국내/socar/banner-023.webp"", ""assets/렌터카_국내/socar/banner-024.webp"", ""assets/렌터카_국내/socar/banner-025.webp"", ""assets/렌터카_국내/socar/banner-026.webp"", ""assets/렌터카_국내/socar/banner-027.webp"", ""assets/렌터카_국내/socar/banner-028.webp"", ""assets/렌터카_국내/socar/banner-029.webp"", ""assets/렌터카_국내/socar/banner-030.webp""]","[""assets/렌터카_국내/socar/social-001.webp"", ""assets/렌터카_국내/socar/social-002.webp"", ""assets/렌터카_국내/socar/social-003.webp"", ""assets/렌터카_국내/socar/social-004.webp"", ""assets/렌터카_국내/socar/social-005.webp"", ""assets/렌터카_국내/socar/social-006.webp"", ""assets/렌터카_국내/socar/og.jpg""]","[""assets/렌터카_국내/socar/reference-001.webp"", ""assets/렌터카_국내/socar/reference-002.webp"", ""assets/렌터카_국내/socar/reference-003.webp"", ""assets/렌터카_국내/socar/reference-004.webp"", ""assets/렌터카_국내/socar/reference-005.webp"", ""assets/렌터카_국내/socar/reference-006.webp"", ""assets/렌터카_국내/socar/reference-007.webp"", ""assets/렌터카_국내/socar/reference-008.webp"", ""assets/렌터카_국내/socar/reference-009.webp"", ""assets/렌터카_국내/socar/reference-010.webp"", ""assets/렌터카_국내/socar/reference-011.webp"", ""assets/렌터카_국내/socar/reference-012.webp"", ""assets/렌터카_국내/socar/reference-013.webp"", ""assets/렌터카_국내/socar/reference-014.webp"", ""assets/렌터카_국내/socar/reference-015.webp""]"
렌터카_국내,그린카,greencar,https://www.greencar.co.kr/,https://www.greencar.co.kr/,(주)그린카(Greencar) 공식사이트,200,,complete,asset:https://www.greencar.co.kr/image/sk_ai_logo.png:HTTPError; asset:http://www.greencar.co.kr/images/og-Greencar.png:ConnectTimeout; asset:https://www.greencar.co.kr/images/icons/icon-check-round-blue.svg:HTTPError; asset:https://www.greencar.co.kr/assets/images/logo.png:HTTPError; asset:https://www.greencar.co.kr/images/@temp/main-popup-mo.jpg:HTTPError; asset:https://www.greencar.co.kr/images/@temp/main-popup-pc.jpg:HTTPError; asset:https://www.greencar.co.kr/images/@temp/thumbnail_345x460.jpg:HTTPError; asset:https://www.greencar.co.kr/js/sample.png:HTTPError; asset:https://pentabreed.s3.ap-northeast-2.amazonaws.com/upload/ghp/thumbnailImage/2025/12/23/46dfb596-3be0-48c6-9ba4-475b4bec20f7.jpg:HTTPError,83,28,15,3,36,,15,15,15,2,21,211,211,"[""assets/렌터카_국내/greencar/logo-001.png"", ""assets/렌터카_국내/greencar/logo-002.png"", ""assets/렌터카_국내/greencar/logo-003.png"", ""assets/렌터카_국내/greencar/logo-004.webp"", ""assets/렌터카_국내/greencar/logo-005.webp"", ""assets/렌터카_국내/greencar/logo-006.svg"", ""assets/렌터카_국내/greencar/logo-007.svg"", ""assets/렌터카_국내/greencar/logo-008.svg"", ""assets/렌터카_국내/greencar/logo-009.png"", ""assets/렌터카_국내/greencar/logo-010.png"", ""assets/렌터카_국내/greencar/logo-011.png"", ""assets/렌터카_국내/greencar/logo-012.svg"", ""assets/렌터카_국내/greencar/logo-013.svg"", ""assets/렌터카_국내/greencar/logo-014.svg"", ""assets/렌터카_국내/greencar/logo-015.svg"", ""assets/렌터카_국내/greencar/logo-016.webp"", ""assets/렌터카_국내/greencar/logo-017.webp"", ""assets/렌터카_국내/greencar/logo-018.png"", ""assets/렌터카_국내/greencar/logo-019.png"", ""assets/렌터카_국내/greencar/logo-020.svg"", ""assets/렌터카_국내/greencar/logo-021.svg"", ""assets/렌터카_국내/greencar/logo-022.svg"", ""assets/렌터카_국내/greencar/logo-023.svg"", ""assets/렌터카_국내/greencar/logo-024.png"", ""assets/렌터카_국내/greencar/logo-025.png"", ""assets/렌터카_국내/greencar/logo-026.png"", ""assets/렌터카_국내/greencar/logo-027.png"", ""assets/렌터카_국내/greencar/logo-028.png""]","[""assets/렌터카_국내/greencar/banner-001.webp"", ""assets/렌터카_국내/greencar/banner-002.webp"", ""assets/렌터카_국내/greencar/banner-003.webp"", ""assets/렌터카_국내/greencar/banner-004.webp"", ""assets/렌터카_국내/greencar/banner-005.webp"", ""assets/렌터카_국내/greencar/banner-006.webp"", ""assets/렌터카_국내/greencar/banner-007.webp"", ""assets/렌터카_국내/greencar/banner-008.webp"", ""assets/렌터카_국내/greencar/banner-009.webp"", ""assets/렌터카_국내/greencar/banner-010.webp"", ""assets/렌터카_국내/greencar/banner-011.webp"", ""assets/렌터카_국내/greencar/banner-012.webp"", ""assets/렌터카_국내/greencar/banner-013.webp"", ""assets/렌터카_국내/greencar/banner-014.webp"", ""assets/렌터카_국내/greencar/banner-015.webp""]","[""assets/렌터카_국내/greencar/social-001.webp"", ""assets/렌터카_국내/greencar/social-002.webp"", ""assets/렌터카_국내/greencar/og.png""]","[""assets/렌터카_국내/greencar/reference-001.webp"", ""assets/렌터카_국내/greencar/reference-002.webp"", ""assets/렌터카_국내/greencar/reference-003.webp"", ""assets/렌터카_국내/greencar/reference-004.webp"", ""assets/렌터카_국내/greencar/reference-005.webp"", ""assets/렌터카_국내/greencar/reference-006.webp"", ""assets/렌터카_국내/greencar/reference-007.webp"", ""assets/렌터카_국내/greencar/reference-008.webp"", ""assets/렌터카_국내/greencar/reference-009.webp"", ""assets/렌터카_국내/greencar/reference-010.webp"", ""assets/렌터카_국내/greencar/reference-011.webp"", ""assets/렌터카_국내/greencar/reference-012.webp"", ""assets/렌터카_국내/greencar/reference-013.webp"", ""assets/렌터카_국내/greencar/reference-014.webp"", ""assets/렌터카_국내/greencar/reference-015.webp"", ""assets/렌터카_국내/greencar/reference-016.webp"", ""assets/렌터카_국내/greencar/reference-017.svg"", ""assets/렌터카_국내/greencar/reference-018.svg"", ""assets/렌터카_국내/greencar/reference-019.svg"", ""assets/렌터카_국내/greencar/reference-020.svg"", ""assets/렌터카_국내/greencar/reference-021.svg"", ""assets/렌터카_국내/greencar/reference-022.svg"", ""assets/렌터카_국내/greencar/reference-023.svg"", ""assets/렌터카_국내/greencar/reference-024.svg"", ""assets/렌터카_국내/greencar/reference-025.svg"", ""assets/렌터카_국내/greencar/reference-026.webp"", ""assets/렌터카_국내/greencar/reference-027.svg"", ""assets/렌터카_국내/greencar/reference-028.svg"", ""assets/렌터카_국내/greencar/reference-029.svg"", ""assets/렌터카_국내/greencar/reference-030.svg"", ""assets/렌터카_국내/greencar/reference-031.webp"", ""assets/렌터카_국내/greencar/reference-032.webp"", ""assets/렌터카_국내/greencar/reference-033.webp"", ""assets/렌터카_국내/greencar/reference-034.webp"", ""assets/렌터카_국내/greencar/reference-035.webp"", ""assets/렌터카_국내/greencar/reference-036.webp""]"
렌터카_국내,투루카,turucar,https://www.turucar.com/,https://www.turucar.com/,투루카,200,,complete,asset:https://www.turucar.com/service/투루카 비즈멤버십 서비스 메인 이미지:HTTPError; asset:https://www.turucar.com/about/1920:HTTPError; asset:https://www.turucar.com/about/550:HTTPError; asset:https://www.turucar.com/about/투루카 회사소개 메인 이미지:HTTPError; asset:https://turucar.com/service/투루카 카셰어링 서비스 메인 이미지:HTTPError; asset:https://turucar.com/service/투루카 리턴프리 서비스 메인 이미지:HTTPError; asset:https://turucar.com/service/투루카 비즈멤버십 서비스 메인 이미지:HTTPError; asset:https://turucar.com/about/1920:HTTPError; asset:https://turucar.com/about/550:HTTPError; asset:https://turucar.com/about/투루카 회사소개 메인 이미지:HTTPError; asset:https://www.turucar.com/about/800:HTTPError; asset:https://www.turucar.com/about/600:HTTPError,32,2,13,2,14,,18,18,18,4,36,369,300,"[""assets/렌터카_국내/turucar/logo-001.svg"", ""assets/렌터카_국내/turucar/logo-002.svg""]","[""assets/렌터카_국내/turucar/banner-001.webp"", ""assets/렌터카_국내/turucar/banner-002.webp"", ""assets/렌터카_국내/turucar/banner-003.webp"", ""assets/렌터카_국내/turucar/banner-004.webp"", ""assets/렌터카_국내/turucar/banner-005.webp"", ""assets/렌터카_국내/turucar/banner-006.webp"", ""assets/렌터카_국내/turucar/banner-007.svg"", ""assets/렌터카_국내/turucar/banner-008.webp"", ""assets/렌터카_국내/turucar/banner-009.webp"", ""assets/렌터카_국내/turucar/banner-010.webp"", ""assets/렌터카_국내/turucar/banner-011.webp"", ""assets/렌터카_국내/turucar/banner-012.webp"", ""assets/렌터카_국내/turucar/banner-013.webp""]","[""assets/렌터카_국내/turucar/social-001.webp"", ""assets/렌터카_국내/turucar/og.png""]","[""assets/렌터카_국내/turucar/reference-001.webp"", ""assets/렌터카_국내/turucar/reference-002.webp"", ""assets/렌터카_국내/turucar/reference-003.webp"", ""assets/렌터카_국내/turucar/reference-004.webp"", ""assets/렌터카_국내/turucar/reference-005.webp"", ""assets/렌터카_국내/turucar/reference-006.svg"", ""assets/렌터카_국내/turucar/reference-007.webp"", ""assets/렌터카_국내/turucar/reference-008.webp"", ""assets/렌터카_국내/turucar/reference-009.webp"", ""assets/렌터카_국내/turucar/reference-010.webp"", ""assets/렌터카_국내/turucar/reference-011.webp"", ""assets/렌터카_국내/turucar/reference-012.webp"", ""assets/렌터카_국내/turucar/reference-013.webp"", ""assets/렌터카_국내/turucar/reference-014.webp""]"
렌터카_국내,피플카,peoplecar,https://www.peoplecar.co.kr/,https://www.peoplecar.co.kr/,투루카,200,,complete,asset:https://www.peoplecar.co.kr/service/투루카 배달렌트 서비스 메인 이미지:HTTPError; asset:https://www.peoplecar.co.kr/cs/1200:HTTPError; asset:https://www.peoplecar.co.kr/cs/630:HTTPError; asset:https://www.peoplecar.co.kr/cs/투루카 로고:HTTPError; asset:https://www.peoplecar.co.kr/service/투루카 카셰어링 서비스 메인 이미지:HTTPError; asset:https://www.peoplecar.co.kr/service/투루카 리턴프리 서비스 메인 이미지:HTTPError; asset:https://www.peoplecar.co.kr/service/투루카 비즈멤버십 서비스 메인 이미지:HTTPError; asset:https://www.peoplecar.co.kr/about/1920:HTTPError; asset:https://www.peoplecar.co.kr/about/550:HTTPError; asset:https://www.peoplecar.co.kr/about/투루카 회사소개 메인 이미지:HTTPError; asset:https://www.peoplecar.co.kr/about/800:HTTPError; asset:https://www.peoplecar.co.kr/about/600:HTTPError,38,2,14,2,19,,18,18,18,2,36,263,263,"[""assets/렌터카_국내/turucar/logo-001.svg"", ""assets/렌터카_국내/turucar/logo-002.svg""]","[""assets/렌터카_국내/turucar/banner-001.webp"", ""assets/렌터카_국내/turucar/banner-002.webp"", ""assets/렌터카_국내/turucar/banner-003.webp"", ""assets/렌터카_국내/turucar/banner-004.webp"", ""assets/렌터카_국내/turucar/banner-005.webp"", ""assets/렌터카_국내/turucar/banner-006.webp"", ""assets/렌터카_국내/turucar/banner-007.svg"", ""assets/렌터카_국내/turucar/banner-008.webp"", ""assets/렌터카_국내/turucar/banner-009.webp"", ""assets/렌터카_국내/turucar/banner-010.webp"", ""assets/렌터카_국내/turucar/banner-011.webp"", ""assets/렌터카_국내/turucar/banner-012.webp"", ""assets/렌터카_국내/turucar/banner-013.webp"", ""assets/렌터카_국내/peoplecar/banner-014.webp""]","[""assets/렌터카_국내/turucar/social-001.webp"", ""assets/렌터카_국내/turucar/og.png""]","[""assets/렌터카_국내/turucar/reference-001.webp"", ""assets/렌터카_국내/turucar/reference-002.webp"", ""assets/렌터카_국내/turucar/reference-003.webp"", ""assets/렌터카_국내/turucar/reference-004.webp"", ""assets/렌터카_국내/turucar/reference-005.webp"", ""assets/렌터카_국내/turucar/reference-006.svg"", ""assets/렌터카_국내/turucar/reference-007.webp"", ""assets/렌터카_국내/turucar/reference-008.webp"", ""assets/렌터카_국내/turucar/reference-009.webp"", ""assets/렌터카_국내/turucar/reference-010.webp"", ""assets/렌터카_국내/turucar/reference-011.webp"", ""assets/렌터카_국내/peoplecar/reference-012.webp"", ""assets/렌터카_국내/turucar/reference-012.webp"", ""assets/렌터카_국내/turucar/reference-013.webp"", ""assets/렌터카_국내/turucar/reference-014.webp"", ""assets/렌터카_국내/peoplecar/reference-016.webp"", ""assets/렌터카_국내/peoplecar/reference-017.webp"", ""assets/렌터카_국내/peoplecar/reference-018.webp"", ""assets/렌터카_국내/peoplecar/reference-019.webp""]"
렌터카_국내,레드캡렌터카,redcap-rentcar,https://www.redcaprentcar.com/,https://www.redcaprentcar.com/,"레드캡 기업/기관 전문 '출장여행, 렌터카, MICE'",200,,complete,asset:https://www.redcap.co.kr/img/common/common_info_bg.jpg:HTTPError; asset:https://www.redcap.co.kr/img/common/txt_logo1_on.svg:HTTPError; asset:https://www.redcap.co.kr/img/common/txt_logo2_on.svg:HTTPError; asset:https://www.redcap.co.kr/img/common/txt_logo3_on.svg:HTTPError,12,1,3,2,5,장기렌트·리스,1,1,1,13,,70,,"[""assets/렌터카_국내/redcap-rentcar/logo-001.png""]","[""assets/렌터카_국내/redcap-rentcar/banner-001.webp"", ""assets/렌터카_국내/redcap-rentcar/banner-002.webp"", ""assets/렌터카_국내/redcap-rentcar/banner-003.webp""]","[""assets/렌터카_국내/redcap-rentcar/social-001.webp"", ""assets/렌터카_국내/redcap-rentcar/og.png""]","[""assets/렌터카_국내/redcap-rentcar/reference-001.webp"", ""assets/렌터카_국내/redcap-rentcar/reference-002.webp"", ""assets/렌터카_국내/redcap-rentcar/reference-003.webp"", ""assets/렌터카_국내/redcap-rentcar/reference-004.svg"", ""assets/렌터카_국내/redcap-rentcar/reference-005.webp""]"
렌터카_국내,카모아,carmore,https://carmore.kr/,https://carmore.kr/,제주렌트카 가격비교 1위 카모아 | 실시간 최저가 비교 예약,200,,complete,asset:https://carmore.kr/images/jejubaksa/logo-imobi.svg:HTTPError; asset:https://carmore.kr/images/logo/logo-tmobi.png:HTTPError; asset:https://carmore.kr/icon/logo-teamo2-grey.svg:HTTPError; asset:https://carmore.kr/logo/logo-hotelmore-active-pc.svg:HTTPError; asset:https://carmore.kr/logo/logo-hotelmore-disable-pc.svg:HTTPError; asset:https://carmore.kr/logo/logo-carmore-active-pc.svg:HTTPError; asset:https://carmore.kr/logo/logo-carmore-disable-pc.svg:HTTPError; asset:https://carmore.kr/_next/static/chunks/logo/logo-carmore.svg:HTTPError; asset:https://carmore.kr/images/logo/logo-jejubaksa.webp:HTTPError; asset:https://carmore.kr/favicon/android-icon-32x32.png:HTTPError; asset:https://carmore.kr/favicon/android-icon-16x16.png:HTTPError,76,26,34,4,11,,18,18,18,26,36,605,300,"[""assets/렌터카_국내/carmore/logo-001.svg"", ""assets/렌터카_국내/carmore/logo-002.svg"", ""assets/렌터카_국내/carmore/logo-003.png"", ""assets/렌터카_국내/carmore/logo-004.png"", ""assets/렌터카_국내/carmore/logo-005.webp"", ""assets/렌터카_국내/carmore/logo-006.png"", ""assets/렌터카_국내/carmore/logo-007.png"", ""assets/렌터카_국내/carmore/logo-008.webp"", ""assets/렌터카_국내/carmore/logo-009.webp"", ""assets/렌터카_국내/carmore/logo-010.png"", ""assets/렌터카_국내/carmore/logo-011.png"", ""assets/렌터카_국내/carmore/logo-012.png"", ""assets/렌터카_국내/carmore/logo-013.webp"", ""assets/렌터카_국내/carmore/logo-014.webp"", ""assets/렌터카_국내/carmore/logo-015.webp"", ""assets/렌터카_국내/carmore/logo-016.webp"", ""assets/렌터카_국내/carmore/logo-017.png"", ""assets/렌터카_국내/carmore/logo-018.webp"", ""assets/렌터카_국내/carmore/logo-019.webp"", ""assets/렌터카_국내/carmore/logo-020.png"", ""assets/렌터카_국내/carmore/logo-021.png"", ""assets/렌터카_국내/carmore/logo-022.png"", ""assets/렌터카_국내/carmore/logo-023.webp"", ""assets/렌터카_국내/carmore/logo-024.png"", ""assets/렌터카_국내/carmore/logo-025.png"", ""assets/렌터카_국내/carmore/logo-026.svg""]","[""assets/렌터카_국내/carmore/banner-001.webp"", ""assets/렌터카_국내/carmore/banner-002.webp"", ""assets/렌터카_국내/carmore/banner-003.webp"", ""assets/렌터카_국내/carmore/banner-004.webp"", ""assets/렌터카_국내/carmore/banner-005.webp"", ""assets/렌터카_국내/carmore/banner-006.webp"", ""assets/렌터카_국내/carmore/banner-007.webp"", ""assets/렌터카_국내/carmore/banner-008.webp"", ""assets/렌터카_국내/carmore/banner-009.webp"", ""assets/렌터카_국내/carmore/banner-010.webp"", ""assets/렌터카_국내/carmore/banner-011.webp"", ""assets/렌터카_국내/carmore/banner-012.webp"", ""assets/렌터카_국내/carmore/banner-013.webp"", ""assets/렌터카_국내/carmore/banner-014.webp"", ""assets/렌터카_국내/carmore/banner-015.webp"", ""assets/렌터카_국내/carmore/banner-016.webp"", ""assets/렌터카_국내/carmore/banner-017.webp"", ""assets/렌터카_국내/carmore/banner-018.webp"", ""assets/렌터카_국내/carmore/banner-019.webp"", ""assets/렌터카_국내/carmore/banner-020.webp"", ""assets/렌터카_국내/carmore/banner-021.webp"", ""assets/렌터카_국내/carmore/banner-022.webp"", ""assets/렌터카_국내/carmore/banner-023.webp"", ""assets/렌터카_국내/carmore/banner-024.webp"", ""assets/렌터카_국내/carmore/banner-025.webp"", ""assets/렌터카_국내/carmore/banner-026.webp"", ""assets/렌터카_국내/carmore/banner-027.webp"", ""assets/렌터카_국내/carmore/banner-028.webp"", ""assets/렌터카_국내/carmore/banner-029.webp"", ""assets/렌터카_국내/carmore/banner-030.webp"", ""assets/렌터카_국내/carmore/banner-031.webp"", ""assets/렌터카_국내/carmore/banner-032.webp"", ""assets/렌터카_국내/carmore/banner-033.webp"", ""assets/렌터카_국내/carmore/banner-034.webp""]","[""assets/렌터카_국내/carmore/social-001.webp"", ""assets/렌터카_국내/carmore/social-002.svg"", ""assets/렌터카_국내/carmore/social-003.svg"", ""assets/렌터카_국내/carmore/og.png""]","[""assets/렌터카_국내/carmore/reference-001.svg"", ""assets/렌터카_국내/carmore/reference-002.svg"", ""assets/렌터카_국내/carmore/reference-003.webp"", ""assets/렌터카_국내/carmore/reference-004.webp"", ""assets/렌터카_국내/carmore/reference-005.webp"", ""assets/렌터카_국내/carmore/reference-006.webp"", ""assets/렌터카_국내/carmore/reference-007.webp"", ""assets/렌터카_국내/carmore/reference-008.webp"", ""assets/렌터카_국내/carmore/reference-009.webp"", ""assets/렌터카_국내/carmore/reference-010.webp"", ""assets/렌터카_국내/carmore/reference-011.webp""]"
렌터카_국내,공카,gongcar,https://www.gongcar.kr/,https://www.gongcar.kr/,공카 - 장기렌트 지원금 주는 곳 · 당일 최대 180만원 현금지원 비교 사이트,200,,complete,,123,115,2,0,5,,8,8,8,3,36,623,300,"[""assets/렌터카_국내/gongcar/logo-001.png"", ""assets/렌터카_국내/gongcar/logo-002.png"", ""assets/렌터카_국내/gongcar/logo-003.png"", ""assets/렌터카_국내/gongcar/logo-004.png"", ""assets/렌터카_국내/gongcar/logo-005.png"", ""assets/렌터카_국내/gongcar/logo-006.svg"", ""assets/렌터카_국내/gongcar/logo-007.png"", ""assets/렌터카_국내/gongcar/logo-008.png"", ""assets/렌터카_국내/gongcar/logo-009.png"", ""assets/렌터카_국내/gongcar/logo-010.png"", ""assets/렌터카_국내/gongcar/logo-011.png"", ""assets/렌터카_국내/gongcar/logo-012.png"", ""assets/렌터카_국내/gongcar/logo-013.png"", ""assets/렌터카_국내/gongcar/logo-014.png"", ""assets/렌터카_국내/gongcar/logo-015.png"", ""assets/렌터카_국내/gongcar/logo-016.png"", ""assets/렌터카_국내/gongcar/logo-017.png"", ""assets/렌터카_국내/gongcar/logo-018.png"", ""assets/렌터카_국내/gongcar/logo-019.png"", ""assets/렌터카_국내/gongcar/logo-020.png"", ""assets/렌터카_국내/gongcar/logo-021.png"", ""assets/렌터카_국내/gongcar/logo-022.png"", ""assets/렌터카_국내/gongcar/logo-023.png"", ""assets/렌터카_국내/gongcar/logo-024.png"", ""assets/렌터카_국내/gongcar/logo-025.png"", ""assets/렌터카_국내/gongcar/logo-026.png"", ""assets/렌터카_국내/gongcar/logo-027.png"", ""assets/렌터카_국내/gongcar/logo-028.png"", ""assets/렌터카_국내/gongcar/logo-029.png"", ""assets/렌터카_국내/gongcar/logo-030.png"", ""assets/렌터카_국내/gongcar/logo-031.png"", ""assets/렌터카_국내/gongcar/logo-032.png"", ""assets/렌터카_국내/gongcar/logo-033.png"", ""assets/렌터카_국내/gongcar/logo-034.png"", ""assets/렌터카_국내/gongcar/logo-035.png"", ""assets/렌터카_국내/gongcar/logo-036.png"", ""assets/렌터카_국내/gongcar/logo-037.png"", ""assets/렌터카_국내/gongcar/logo-038.png"", ""assets/렌터카_국내/gongcar/logo-039.png"", ""assets/렌터카_국내/gongcar/logo-040.png"", ""assets/렌터카_국내/gongcar/logo-041.png"", ""assets/렌터카_국내/gongcar/logo-042.png"", ""assets/렌터카_국내/gongcar/logo-043.png"", ""assets/렌터카_국내/gongcar/logo-044.png"", ""assets/렌터카_국내/gongcar/logo-045.png"", ""assets/렌터카_국내/gongcar/logo-046.png"", ""assets/렌터카_국내/gongcar/logo-047.png"", ""assets/렌터카_국내/gongcar/logo-048.png"", ""assets/렌터카_국내/gongcar/logo-049.png"", ""assets/렌터카_국내/gongcar/logo-050.png"", ""assets/렌터카_국내/gongcar/logo-051.png"", ""assets/렌터카_국내/gongcar/logo-052.png"", ""assets/렌터카_국내/gongcar/logo-053.png"", ""assets/렌터카_국내/gongcar/logo-054.png"", ""assets/렌터카_국내/gongcar/logo-055.png"", ""assets/렌터카_국내/gongcar/logo-056.png"", ""assets/렌터카_국내/gongcar/logo-057.png"", ""assets/렌터카_국내/gongcar/logo-058.png"", ""assets/렌터카_국내/gongcar/logo-059.png"", ""assets/렌터카_국내/gongcar/logo-060.png"", ""assets/렌터카_국내/gongcar/logo-061.png"", ""assets/렌터카_국내/gongcar/logo-062.png"", ""assets/렌터카_국내/gongcar/logo-063.png"", ""assets/렌터카_국내/gongcar/logo-064.png"", ""assets/렌터카_국내/gongcar/logo-065.png"", ""assets/렌터카_국내/gongcar/logo-066.png"", ""assets/렌터카_국내/gongcar/logo-067.png"", ""assets/렌터카_국내/gongcar/logo-068.png"", ""assets/렌터카_국내/gongcar/logo-069.png"", ""assets/렌터카_국내/gongcar/logo-070.png"", ""assets/렌터카_국내/gongcar/logo-071.png"", ""assets/렌터카_국내/gongcar/logo-072.png"", ""assets/렌터카_국내/gongcar/logo-073.png"", ""assets/렌터카_국내/gongcar/logo-074.png"", ""assets/렌터카_국내/gongcar/logo-075.png"", ""assets/렌터카_국내/gongcar/logo-076.png"", ""assets/렌터카_국내/gongcar/logo-077.png"", ""assets/렌터카_국내/gongcar/logo-078.png"", ""assets/렌터카_국내/gongcar/logo-079.png"", ""assets/렌터카_국내/gongcar/logo-080.png"", ""assets/렌터카_국내/gongcar/logo-081.png"", ""assets/렌터카_국내/gongcar/logo-082.png"", ""assets/렌터카_국내/gongcar/logo-083.png"", ""assets/렌터카_국내/gongcar/logo-084.png"", ""assets/렌터카_국내/gongcar/logo-085.png"", ""assets/렌터카_국내/gongcar/logo-086.png"", ""assets/렌터카_국내/gongcar/logo-087.png"", ""assets/렌터카_국내/gongcar/logo-088.png"", ""assets/렌터카_국내/gongcar/logo-089.png"", ""assets/렌터카_국내/gongcar/logo-090.png"", ""assets/렌터카_국내/gongcar/logo-091.png"", ""assets/렌터카_국내/gongcar/logo-092.png"", ""assets/렌터카_국내/gongcar/logo-093.png"", ""assets/렌터카_국내/gongcar/logo-094.png"", ""assets/렌터카_국내/gongcar/logo-095.png"", ""assets/렌터카_국내/gongcar/logo-096.png"", ""assets/렌터카_국내/gongcar/logo-097.png"", ""assets/렌터카_국내/gongcar/logo-098.png"", ""assets/렌터카_국내/gongcar/logo-099.png"", ""assets/렌터카_국내/gongcar/logo-100.png"", ""assets/렌터카_국내/gongcar/logo-101.png"", ""assets/렌터카_국내/gongcar/logo-102.png"", ""assets/렌터카_국내/gongcar/logo-103.png"", ""assets/렌터카_국내/gongcar/logo-104.png"", ""assets/렌터카_국내/gongcar/logo-105.png"", ""assets/렌터카_국내/gongcar/logo-106.png"", ""assets/렌터카_국내/gongcar/logo-107.png"", ""assets/렌터카_국내/gongcar/logo-108.png"", ""assets/렌터카_국내/gongcar/logo-109.png"", ""assets/렌터카_국내/gongcar/logo-110.png"", ""assets/렌터카_국내/gongcar/logo-111.png"", ""assets/렌터카_국내/gongcar/logo-112.png"", ""assets/렌터카_국내/gongcar/logo-113.png"", ""assets/렌터카_국내/gongcar/logo-114.png"", ""assets/렌터카_국내/gongcar/logo-115.png""]","[""assets/렌터카_국내/gongcar/banner-001.webp"", ""assets/렌터카_국내/gongcar/banner-002.webp""]",[],"[""assets/렌터카_국내/gongcar/reference-001.webp"", ""assets/렌터카_국내/gongcar/reference-002.webp"", ""assets/렌터카_국내/gongcar/reference-003.svg"", ""assets/렌터카_국내/gongcar/reference-004.webp"", ""assets/렌터카_국내/gongcar/reference-005.webp""]"
렌터카_국내,빌리카,billicar,https://www.billycar.co.kr/,https://www.billycar.co.kr/,빌리카,200,,partial,asset:https://www.facebook.com/tr?id=1293868724865384&ev=PageView&noscript=1:ValueError,2,0,0,0,1,,1,1,1,2,2,106,106,[],[],[],"[""assets/렌터카_국내/billicar/reference-001.webp""]"
렌터카_국내,제주렌트카,jeju-rent-a-car,https://www.jejurentacar.com/,https://www.jejurentacar.com/,제주렌트카.com,200,,complete,asset:https://www.jejurentacar.com/img/kpay_logo.png:HTTPError,9,1,6,1,0,,18,18,18,8,14,120,120,"[""assets/렌터카_국내/jeju-rent-a-car/logo-001.png""]","[""assets/렌터카_국내/jeju-rent-a-car/banner-001.webp"", ""assets/렌터카_국내/jeju-rent-a-car/banner-002.webp"", ""assets/렌터카_국내/jeju-rent-a-car/banner-003.webp"", ""assets/렌터카_국내/jeju-rent-a-car/banner-004.webp"", ""assets/렌터카_국내/jeju-rent-a-car/banner-005.webp"", ""assets/렌터카_국내/jeju-rent-a-car/banner-006.webp""]","[""assets/렌터카_국내/jeju-rent-a-car/og.jpg""]",[]
렌터카_국내,제주스타렌터카,jeju-star,https://jejustar.co.kr/,https://jejustar.co.kr/,제주스타 AI 렌트카,200,,complete,asset:https://m.jejustar.co.kr/assets/css/font/nbg/NanumBarunGothicBold.eot:HTTPError; asset:https://m.jejustar.co.kr/assets/css/font/nbg/NanumBarunGothicBold.woff:HTTPError; asset:https://m.jejustar.co.kr/assets/css/font/nbg/NanumBarunGothicBold.ttf:HTTPError; asset:https://m.jejustar.co.kr/assets/css/font/NanumBarunGothicBold.eot:HTTPError; asset:https://m.jejustar.co.kr/assets/css/font/NanumBarunGothicBold.woff:HTTPError; asset:https://m.jejustar.co.kr/assets/css/font/NanumBarunGothicBold.ttf:HTTPError; asset:https://m.jejustar.co.kr/assets/css/font/NanumGothic-ExtraBold.eot:HTTPError; asset:https://m.jejustar.co.kr/assets/css/font/NanumGothic-ExtraBold.woff2:HTTPError; asset:https://m.jejustar.co.kr/assets/css/font/NanumGothic-ExtraBold.woff:HTTPError; asset:https://m.jejustar.co.kr/assets/css/font/NanumGothic-ExtraBold.ttf:HTTPError; asset:https://jejustar.co.kr/hqdefault.jpg:HTTPError; asset:https://jejustar.co.kr/assets/js/images/icon_cal.png:HTTPError,80,7,21,2,49,,18,18,18,27,25,292,292,"[""assets/렌터카_국내/jeju-star/logo-001.webp"", ""assets/렌터카_국내/jeju-star/logo-002.webp"", ""assets/렌터카_국내/jeju-star/logo-003.png"", ""assets/렌터카_국내/jeju-star/logo-004.webp"", ""assets/렌터카_국내/jeju-star/logo-005.webp"", ""assets/렌터카_국내/jeju-star/logo-006.png"", ""assets/렌터카_국내/jeju-star/logo-007.png""]","[""assets/렌터카_국내/jeju-star/banner-001.webp"", ""assets/렌터카_국내/jeju-star/banner-002.webp"", ""assets/렌터카_국내/jeju-star/banner-003.webp"", ""assets/렌터카_국내/jeju-star/banner-004.webp"", ""assets/렌터카_국내/jeju-star/banner-005.webp"", ""assets/렌터카_국내/jeju-star/banner-006.webp"", ""assets/렌터카_국내/jeju-star/banner-007.webp"", ""assets/렌터카_국내/jeju-star/banner-008.webp"", ""assets/렌터카_국내/jeju-star/banner-009.webp"", ""assets/렌터카_국내/jeju-star/banner-010.webp"", ""assets/렌터카_국내/jeju-star/banner-011.webp"", ""assets/렌터카_국내/jeju-star/banner-012.webp"", ""assets/렌터카_국내/jeju-star/banner-013.webp"", ""assets/렌터카_국내/jeju-star/banner-014.webp"", ""assets/렌터카_국내/jeju-star/banner-015.webp"", ""assets/렌터카_국내/jeju-star/banner-016.webp"", ""assets/렌터카_국내/jeju-star/banner-017.webp"", ""assets/렌터카_국내/jeju-star/banner-018.webp"", ""assets/렌터카_국내/jeju-star/banner-019.webp"", ""assets/렌터카_국내/jeju-star/banner-020.webp"", ""assets/렌터카_국내/jeju-star/banner-021.webp""]","[""assets/렌터카_국내/jeju-star/social-001.webp"", ""assets/렌터카_국내/jeju-star/og.jpg""]","[""assets/렌터카_국내/jeju-star/reference-001.webp"", ""assets/렌터카_국내/jeju-star/reference-002.webp"", ""assets/렌터카_국내/jeju-star/reference-003.webp"", ""assets/렌터카_국내/jeju-star/reference-004.webp"", ""assets/렌터카_국내/jeju-star/reference-005.webp"", ""assets/렌터카_국내/jeju-star/reference-006.webp"", ""assets/렌터카_국내/jeju-star/reference-007.webp"", ""assets/렌터카_국내/jeju-star/reference-008.webp"", ""assets/렌터카_국내/jeju-star/reference-009.webp"", ""assets/렌터카_국내/jeju-star/reference-010.webp"", ""assets/렌터카_국내/jeju-star/reference-011.webp"", ""assets/렌터카_국내/jeju-star/reference-012.webp"", ""assets/렌터카_국내/jeju-star/reference-013.webp"", ""assets/렌터카_국내/jeju-star/reference-014.webp"", ""assets/렌터카_국내/jeju-star/reference-015.webp"", ""assets/렌터카_국내/jeju-star/reference-016.webp"", ""assets/렌터카_국내/jeju-star/reference-017.webp"", ""assets/렌터카_국내/jeju-star/reference-018.webp"", ""assets/렌터카_국내/jeju-star/reference-019.webp"", ""assets/렌터카_국내/jeju-star/reference-020.webp"", ""assets/렌터카_국내/jeju-star/reference-021.webp"", ""assets/렌터카_국내/jeju-star/reference-022.webp"", ""assets/렌터카_국내/jeju-star/reference-023.webp"", ""assets/렌터카_국내/jeju-star/reference-024.webp"", ""assets/렌터카_국내/jeju-star/reference-025.webp"", ""assets/렌터카_국내/jeju-star/reference-026.webp"", ""assets/렌터카_국내/jeju-star/reference-027.webp"", ""assets/렌터카_국내/jeju-star/reference-028.webp"", ""assets/렌터카_국내/jeju-star/reference-029.webp"", ""assets/렌터카_국내/jeju-star/reference-030.webp"", ""assets/렌터카_국내/jeju-star/reference-031.webp"", ""assets/렌터카_국내/jeju-star/reference-032.webp"", ""assets/렌터카_국내/jeju-star/reference-033.webp"", ""assets/렌터카_국내/jeju-star/reference-034.webp"", ""assets/렌터카_국내/jeju-star/reference-035.webp"", ""assets/렌터카_국내/jeju-star/reference-036.webp"", ""assets/렌터카_국내/jeju-star/reference-037.webp"", ""assets/렌터카_국내/jeju-star/reference-038.webp"", ""assets/렌터카_국내/jeju-star/reference-039.webp"", ""assets/렌터카_국내/jeju-star/reference-040.webp"", ""assets/렌터카_국내/jeju-star/reference-041.webp"", ""assets/렌터카_국내/jeju-star/reference-042.webp"", ""assets/렌터카_국내/jeju-star/reference-043.webp"", ""assets/렌터카_국내/jeju-star/reference-044.webp"", ""assets/렌터카_국내/jeju-star/reference-045.webp"", ""assets/렌터카_국내/jeju-star/reference-046.webp"", ""assets/렌터카_국내/jeju-star/reference-047.webp"", ""assets/렌터카_국내/jeju-star/reference-048.webp"", ""assets/렌터카_국내/jeju-star/reference-049.webp""]"
렌터카_국내,돌하루팡,dolharupang,https://www.dolharupang.com/,https://www.dolharupang.com/,제주렌트카 돌하루팡 - 제주도 렌트카 가격비교 최저가 1위,200,,complete,,35,15,7,1,11,,18,18,18,3,36,2297,300,"[""assets/렌터카_국내/dolharupang/logo-001.webp"", ""assets/렌터카_국내/dolharupang/logo-002.png"", ""assets/렌터카_국내/dolharupang/logo-003.png"", ""assets/렌터카_국내/dolharupang/logo-004.webp"", ""assets/렌터카_국내/dolharupang/logo-005.webp"", ""assets/렌터카_국내/dolharupang/logo-006.webp"", ""assets/렌터카_국내/dolharupang/logo-007.png"", ""assets/렌터카_국내/dolharupang/logo-008.png"", ""assets/렌터카_국내/dolharupang/logo-009.png"", ""assets/렌터카_국내/dolharupang/logo-010.png"", ""assets/렌터카_국내/dolharupang/logo-011.png"", ""assets/렌터카_국내/dolharupang/logo-012.png"", ""assets/렌터카_국내/dolharupang/logo-013.png"", ""assets/렌터카_국내/dolharupang/logo-014.png"", ""assets/렌터카_국내/dolharupang/logo-015.png""]","[""assets/렌터카_국내/dolharupang/banner-001.webp"", ""assets/렌터카_국내/dolharupang/banner-002.webp"", ""assets/렌터카_국내/dolharupang/banner-003.webp"", ""assets/렌터카_국내/dolharupang/banner-004.webp"", ""assets/렌터카_국내/dolharupang/banner-005.webp"", ""assets/렌터카_국내/dolharupang/banner-006.webp"", ""assets/렌터카_국내/dolharupang/banner-007.webp""]","[""assets/렌터카_국내/dolharupang/og.jpg""]","[""assets/렌터카_국내/dolharupang/reference-001.webp"", ""assets/렌터카_국내/dolharupang/reference-002.webp"", ""assets/렌터카_국내/dolharupang/reference-003.webp"", ""assets/렌터카_국내/dolharupang/reference-004.webp"", ""assets/렌터카_국내/dolharupang/reference-005.webp"", ""assets/렌터카_국내/dolharupang/reference-006.webp"", ""assets/렌터카_국내/dolharupang/reference-007.webp"", ""assets/렌터카_국내/dolharupang/reference-008.webp"", ""assets/렌터카_국내/dolharupang/reference-009.webp"", ""assets/렌터카_국내/dolharupang/reference-010.webp"", ""assets/렌터카_국내/dolharupang/reference-011.webp""]"
렌터카_국내,제주속으로,jejusok,https://www.jejussok.com/,https://www.jejussok.com/,제주속으로 - 제주도 렌트카 가격비교 자차포함 완전자차 할인,200,,complete,asset:https://jejussok.com/images/footer/ico_youtube.png:HTTPError; asset:http://img2.tmon.kr/static/img/sp_deal_lst.png?v=1368486295:ConnectionError; asset:http://img1.tmon.kr/static/img/sp_bu.png?v=1368486295:ConnectionError; asset:https://jejussok.com/images/ssok/group_bg-.jpg:HTTPError; asset:https://cdn.jsdelivr.net/gh/projectnoonnu/pretendard@1.0/Pretendard.woff2:HTTPError,22,3,2,1,15,,18,18,18,19,14,308,300,"[""assets/렌터카_국내/jejusok/logo-001.png"", ""assets/렌터카_국내/jejusok/logo-002.svg"", ""assets/렌터카_국내/jejusok/logo-003.webp""]","[""assets/렌터카_국내/jejusok/banner-001.webp"", ""assets/렌터카_국내/jejusok/banner-002.webp""]","[""assets/렌터카_국내/jejusok/og.jpg""]","[""assets/렌터카_국내/jejusok/reference-001.webp"", ""assets/렌터카_국내/jejusok/reference-002.webp"", ""assets/렌터카_국내/jejusok/reference-003.webp"", ""assets/렌터카_국내/jejusok/reference-004.webp"", ""assets/렌터카_국내/jejusok/reference-005.webp"", ""assets/렌터카_국내/jejusok/reference-006.webp"", ""assets/렌터카_국내/jejusok/reference-007.webp"", ""assets/렌터카_국내/jejusok/reference-008.webp"", ""assets/렌터카_국내/jejusok/reference-009.webp"", ""assets/렌터카_국내/jejusok/reference-010.webp"", ""assets/렌터카_국내/jejusok/reference-011.webp"", ""assets/렌터카_국내/jejusok/reference-012.webp"", ""assets/렌터카_국내/jejusok/reference-013.webp"", ""assets/렌터카_국내/jejusok/reference-014.webp"", ""assets/렌터카_국내/jejusok/reference-015.svg""]"
렌터카_국내,특별한렌트카,special-rentcar,https://www.jejusprent.com/,https://www.jejusprent.com/,제주 특별한 렌트카,browser,,partial,,1,0,0,0,0,,1,1,1,0,0,0,0,[],[],[],[]
렌터카_국내,제주패스 렌터카,jejupass-rentcar,https://www.jejupass.com/,https://www.jejupass.com/,제주렌터카 가격비교 최저가 예약 | 제주패스·제주도렌트카·카페패스,200,,complete,asset:https://static-www.jejupass.com/pc/images/common/logo_promotion/logo_christmas.png:HTTPError; asset:https://static-www.jejupass.com/mobile/images/common/MO_interparkos_whlb_logo.png:HTTPError; asset:https://event.jejupass.com/resource/MO/images/esg/@esg_banner_member.png:HTTPError; asset:https://help.jejupass.com/resource/MO/images/esg/@esg_banner_member.png:HTTPError; asset:https://www.jejupass.com/resource/PC/images/air/bg_interBanner.jpg:HTTPError; asset:https://static-www.jejupass.com/resource/MO/images/common/no_search.png:HTTPError,61,19,9,6,26,,18,18,18,28,29,373,300,"[""assets/렌터카_국내/jejupass-rentcar/logo-001.png"", ""assets/렌터카_국내/jejupass-rentcar/logo-002.png"", ""assets/렌터카_국내/jejupass-rentcar/logo-003.png"", ""assets/렌터카_국내/jejupass-rentcar/logo-004.png"", ""assets/렌터카_국내/jejupass-rentcar/logo-005.png"", ""assets/렌터카_국내/jejupass-rentcar/logo-006.webp"", ""assets/렌터카_국내/jejupass-rentcar/logo-007.png"", ""assets/렌터카_국내/jejupass-rentcar/logo-008.png"", ""assets/렌터카_국내/jejupass-rentcar/logo-009.png"", ""assets/렌터카_국내/jejupass-rentcar/logo-010.png"", ""assets/렌터카_국내/jejupass-rentcar/logo-011.png"", ""assets/렌터카_국내/jejupass-rentcar/logo-012.png"", ""assets/렌터카_국내/jejupass-rentcar/logo-013.png"", ""assets/렌터카_국내/jejupass-rentcar/logo-014.png"", ""assets/렌터카_국내/jejupass-rentcar/logo-015.png"", ""assets/렌터카_국내/jejupass-rentcar/logo-016.png"", ""assets/렌터카_국내/jejupass-rentcar/logo-017.png"", ""assets/렌터카_국내/jejupass-rentcar/logo-018.svg"", ""assets/렌터카_국내/jejupass-rentcar/logo-019.png""]","[""assets/렌터카_국내/jejupass-rentcar/banner-001.webp"", ""assets/렌터카_국내/jejupass-rentcar/banner-002.webp"", ""assets/렌터카_국내/jejupass-rentcar/banner-003.webp"", ""assets/렌터카_국내/jejupass-rentcar/banner-004.webp"", ""assets/렌터카_국내/jejupass-rentcar/banner-005.webp"", ""assets/렌터카_국내/jejupass-rentcar/banner-006.webp"", ""assets/렌터카_국내/jejupass-rentcar/banner-007.webp"", ""assets/렌터카_국내/jejupass-rentcar/banner-008.webp"", ""assets/렌터카_국내/jejupass-rentcar/banner-009.webp""]","[""assets/렌터카_국내/jejupass-rentcar/social-001.webp"", ""assets/렌터카_국내/jejupass-rentcar/social-002.webp"", ""assets/렌터카_국내/jejupass-rentcar/social-003.webp"", ""assets/렌터카_국내/jejupass-rentcar/social-004.webp"", ""assets/렌터카_국내/jejupass-rentcar/social-005.webp"", ""assets/렌터카_국내/jejupass-rentcar/og.png""]","[""assets/렌터카_국내/jejupass-rentcar/reference-001.webp"", ""assets/렌터카_국내/jejupass-rentcar/reference-002.webp"", ""assets/렌터카_국내/jejupass-rentcar/reference-003.webp"", ""assets/렌터카_국내/jejupass-rentcar/reference-004.webp"", ""assets/렌터카_국내/jejupass-rentcar/reference-005.webp"", ""assets/렌터카_국내/jejupass-rentcar/reference-006.webp"", ""assets/렌터카_국내/jejupass-rentcar/reference-007.webp"", ""assets/렌터카_국내/jejupass-rentcar/reference-008.webp"", ""assets/렌터카_국내/jejupass-rentcar/reference-009.webp"", ""assets/렌터카_국내/jejupass-rentcar/reference-010.webp"", ""assets/렌터카_국내/jejupass-rentcar/reference-011.webp"", ""assets/렌터카_국내/jejupass-rentcar/reference-012.webp"", ""assets/렌터카_국내/jejupass-rentcar/reference-013.webp"", ""assets/렌터카_국내/jejupass-rentcar/reference-014.webp"", ""assets/렌터카_국내/jejupass-rentcar/reference-015.webp"", ""assets/렌터카_국내/jejupass-rentcar/reference-016.webp"", ""assets/렌터카_국내/jejupass-rentcar/reference-017.webp"", ""assets/렌터카_국내/jejupass-rentcar/reference-018.webp"", ""assets/렌터카_국내/jejupass-rentcar/reference-019.webp"", ""assets/렌터카_국내/jejupass-rentcar/reference-020.webp"", ""assets/렌터카_국내/jejupass-rentcar/reference-021.webp"", ""assets/렌터카_국내/jejupass-rentcar/reference-022.webp"", ""assets/렌터카_국내/jejupass-rentcar/reference-023.webp"", ""assets/렌터카_국내/jejupass-rentcar/reference-024.webp"", ""assets/렌터카_국내/jejupass-rentcar/reference-025.webp"", ""assets/렌터카_국내/jejupass-rentcar/reference-026.webp""]"
렌터카_국내,제주OK렌터카,jeju-ok-rentcar,https://jinair.jejuokrent.com/home/main/main.do,https://jinair.jejuokrent.com/home/main/main.do,제주OK렌터카,200,,complete,asset:https://jinair.jejuokrent.com/static/img/ok-main-banner05.jpg:HTTPError; asset:https://jinair.jejuokrent.com/static/img/map-sm.jpg:HTTPError; asset:https://jinair.jejuokrent.com/static/img/map-lg.jpg:HTTPError; asset:https://jinair.jejuokrent.com/static/img/m-company-logo-mgmall.png:HTTPError; asset:https://jinair.jejuokrent.com/static/video/video.mp4:ValueError; asset:https://jinair.jejuokrent.com/static/assets/ico/apple-touch-icon-144-precomposed.png:HTTPError; asset:https://jinair.jejuokrent.com/static/fonts/NotoSansCJKkr-Bold.eot:HTTPError; asset:https://jinair.jejuokrent.com/static/assets/img/about/about.jpg:HTTPError; asset:https://jinair.jejuokrent.com/hqdefault.jpg:HTTPError; asset:https://jinair.jejuokrent.com/static/admin/images/common/icon/icon_calendar.gif:HTTPError,62,7,11,0,43,,8,8,8,5,10,174,174,"[""assets/렌터카_국내/jeju-ok-rentcar/logo-001.png"", ""assets/렌터카_국내/jeju-ok-rentcar/logo-002.png"", ""assets/렌터카_국내/jeju-ok-rentcar/logo-003.png"", ""assets/렌터카_국내/jeju-ok-rentcar/logo-004.png"", ""assets/렌터카_국내/jeju-ok-rentcar/logo-005.png"", ""assets/렌터카_국내/jeju-ok-rentcar/logo-006.png"", ""assets/렌터카_국내/jeju-ok-rentcar/logo-007.png""]","[""assets/렌터카_국내/jeju-ok-rentcar/banner-001.webp"", ""assets/렌터카_국내/jeju-ok-rentcar/banner-002.webp"", ""assets/렌터카_국내/jeju-ok-rentcar/banner-003.webp"", ""assets/렌터카_국내/jeju-ok-rentcar/banner-004.webp"", ""assets/렌터카_국내/jeju-ok-rentcar/banner-005.webp"", ""assets/렌터카_국내/jeju-ok-rentcar/banner-006.webp"", ""assets/렌터카_국내/jeju-ok-rentcar/banner-007.webp"", ""assets/렌터카_국내/jeju-ok-rentcar/banner-008.webp"", ""assets/렌터카_국내/jeju-ok-rentcar/banner-009.webp"", ""assets/렌터카_국내/jeju-ok-rentcar/banner-010.webp"", ""assets/렌터카_국내/jeju-ok-rentcar/banner-011.webp""]",[],"[""assets/렌터카_국내/jeju-ok-rentcar/reference-001.webp"", ""assets/렌터카_국내/jeju-ok-rentcar/reference-002.webp"", ""assets/렌터카_국내/jeju-ok-rentcar/reference-003.webp"", ""assets/렌터카_국내/jeju-ok-rentcar/reference-004.webp"", ""assets/렌터카_국내/jeju-ok-rentcar/reference-005.webp"", ""assets/렌터카_국내/jeju-ok-rentcar/reference-006.webp"", ""assets/렌터카_국내/jeju-ok-rentcar/reference-007.webp"", ""assets/렌터카_국내/jeju-ok-rentcar/reference-008.webp"", ""assets/렌터카_국내/jeju-ok-rentcar/reference-009.webp"", ""assets/렌터카_국내/jeju-ok-rentcar/reference-010.webp"", ""assets/렌터카_국내/jeju-ok-rentcar/reference-011.webp"", ""assets/렌터카_국내/jeju-ok-rentcar/reference-012.webp"", ""assets/렌터카_국내/jeju-ok-rentcar/reference-013.webp"", ""assets/렌터카_국내/jeju-ok-rentcar/reference-014.webp"", ""assets/렌터카_국내/jeju-ok-rentcar/reference-015.webp"", ""assets/렌터카_국내/jeju-ok-rentcar/reference-016.webp"", ""assets/렌터카_국내/jeju-ok-rentcar/reference-017.webp"", ""assets/렌터카_국내/jeju-ok-rentcar/reference-018.webp"", ""assets/렌터카_국내/jeju-ok-rentcar/reference-019.webp"", ""assets/렌터카_국내/jeju-ok-rentcar/reference-020.webp"", ""assets/렌터카_국내/jeju-ok-rentcar/reference-021.webp"", ""assets/렌터카_국내/jeju-ok-rentcar/reference-022.webp"", ""assets/렌터카_국내/jeju-ok-rentcar/reference-023.webp"", ""assets/렌터카_국내/jeju-ok-rentcar/reference-024.webp"", ""assets/렌터카_국내/jeju-ok-rentcar/reference-025.webp"", ""assets/렌터카_국내/jeju-ok-rentcar/reference-026.webp"", ""assets/렌터카_국내/jeju-ok-rentcar/reference-027.webp"", ""assets/렌터카_국내/jeju-ok-rentcar/reference-028.svg"", ""assets/렌터카_국내/jeju-ok-rentcar/reference-029.svg"", ""assets/렌터카_국내/jeju-ok-rentcar/reference-030.svg"", ""assets/렌터카_국내/jeju-ok-rentcar/reference-031.svg"", ""assets/렌터카_국내/jeju-ok-rentcar/reference-032.svg"", ""assets/렌터카_국내/jeju-ok-rentcar/reference-033.svg"", ""assets/렌터카_국내/jeju-ok-rentcar/reference-034.webp"", ""assets/렌터카_국내/jeju-ok-rentcar/reference-035.webp"", ""assets/렌터카_국내/jeju-ok-rentcar/reference-036.webp"", ""assets/렌터카_국내/jeju-ok-rentcar/reference-037.webp"", ""assets/렌터카_국내/jeju-ok-rentcar/reference-038.webp"", ""assets/렌터카_국내/jeju-ok-rentcar/reference-039.webp"", ""assets/렌터카_국내/jeju-ok-rentcar/reference-040.webp"", ""assets/렌터카_국내/jeju-ok-rentcar/reference-041.webp"", ""assets/렌터카_국내/jeju-ok-rentcar/reference-042.webp"", ""assets/렌터카_국내/jeju-ok-rentcar/reference-043.webp""]"
렌터카_국내,제주공항렌트카,jeju-airport-rentcar,https://www.jarrent.com/,https://www.jarrent.com/,제주공항렌트카 - 제주도렌트카,200,,complete,,101,2,11,1,86,,18,18,18,28,23,421,300,"[""assets/렌터카_국내/jeju-airport-rentcar/logo-001.png"", ""assets/렌터카_국내/jeju-airport-rentcar/logo-002.png""]","[""assets/렌터카_국내/jeju-airport-rentcar/banner-001.webp"", ""assets/렌터카_국내/jeju-airport-rentcar/banner-002.webp"", ""assets/렌터카_국내/jeju-airport-rentcar/banner-003.webp"", ""assets/렌터카_국내/jeju-airport-rentcar/banner-004.webp"", ""assets/렌터카_국내/jeju-airport-rentcar/banner-005.webp"", ""assets/렌터카_국내/jeju-airport-rentcar/banner-006.webp"", ""assets/렌터카_국내/jeju-airport-rentcar/banner-007.webp"", ""assets/렌터카_국내/jeju-airport-rentcar/banner-008.webp"", ""assets/렌터카_국내/jeju-airport-rentcar/banner-009.webp"", ""assets/렌터카_국내/jeju-airport-rentcar/banner-010.webp"", ""assets/렌터카_국내/jeju-airport-rentcar/banner-011.webp""]","[""assets/렌터카_국내/jeju-airport-rentcar/og.png""]","[""assets/렌터카_국내/jeju-airport-rentcar/reference-001.webp"", ""assets/렌터카_국내/jeju-airport-rentcar/reference-002.webp"", ""assets/렌터카_국내/jeju-airport-rentcar/reference-003.webp"", ""assets/렌터카_국내/jeju-airport-rentcar/reference-004.webp"", ""assets/렌터카_국내/jeju-airport-rentcar/reference-005.webp"", ""assets/렌터카_국내/jeju-airport-rentcar/reference-006.webp"", ""assets/렌터카_국내/jeju-airport-rentcar/reference-007.webp"", ""assets/렌터카_국내/jeju-airport-rentcar/reference-008.webp"", ""assets/렌터카_국내/jeju-airport-rentcar/reference-009.webp"", ""assets/렌터카_국내/jeju-airport-rentcar/reference-010.webp"", ""assets/렌터카_국내/jeju-airport-rentcar/reference-011.webp"", ""assets/렌터카_국내/jeju-airport-rentcar/reference-012.webp"", ""assets/렌터카_국내/jeju-airport-rentcar/reference-013.webp"", ""assets/렌터카_국내/jeju-airport-rentcar/reference-014.webp"", ""assets/렌터카_국내/jeju-airport-rentcar/reference-015.webp"", ""assets/렌터카_국내/jeju-airport-rentcar/reference-016.webp"", ""assets/렌터카_국내/jeju-airport-rentcar/reference-017.webp"", ""assets/렌터카_국내/jeju-airport-rentcar/reference-018.webp"", ""assets/렌터카_국내/jeju-airport-rentcar/reference-019.webp"", ""assets/렌터카_국내/jeju-airport-rentcar/reference-020.webp"", ""assets/렌터카_국내/jeju-airport-rentcar/reference-021.webp"", ""assets/렌터카_국내/jeju-airport-rentcar/reference-022.webp"", ""assets/렌터카_국내/jeju-airport-rentcar/reference-023.webp"", ""assets/렌터카_국내/jeju-airport-rentcar/reference-024.webp"", ""assets/렌터카_국내/jeju-airport-rentcar/reference-025.webp"", ""assets/렌터카_국내/jeju-airport-rentcar/reference-026.webp"", ""assets/렌터카_국내/jeju-airport-rentcar/reference-027.webp"", ""assets/렌터카_국내/jeju-airport-rentcar/reference-028.webp"", ""assets/렌터카_국내/jeju-airport-rentcar/reference-029.webp"", ""assets/렌터카_국내/jeju-airport-rentcar/reference-030.webp"", ""assets/렌터카_국내/jeju-airport-rentcar/reference-031.webp"", ""assets/렌터카_국내/jeju-airport-rentcar/reference-032.webp"", ""assets/렌터카_국내/jeju-airport-rentcar/reference-033.webp"", ""assets/렌터카_국내/jeju-airport-rentcar/reference-034.webp"", ""assets/렌터카_국내/jeju-airport-rentcar/reference-035.webp"", ""assets/렌터카_국내/jeju-airport-rentcar/reference-036.webp"", ""assets/렌터카_국내/jeju-airport-rentcar/reference-037.webp"", ""assets/렌터카_국내/jeju-airport-rentcar/reference-038.webp"", ""assets/렌터카_국내/jeju-airport-rentcar/reference-039.webp"", ""assets/렌터카_국내/jeju-airport-rentcar/reference-040.webp"", ""assets/렌터카_국내/jeju-airport-rentcar/reference-041.webp"", ""assets/렌터카_국내/jeju-airport-rentcar/reference-042.webp"", ""assets/렌터카_국내/jeju-airport-rentcar/reference-043.webp"", ""assets/렌터카_국내/jeju-airport-rentcar/reference-044.webp"", ""assets/렌터카_국내/jeju-airport-rentcar/reference-045.webp"", ""assets/렌터카_국내/jeju-airport-rentcar/reference-046.webp"", ""assets/렌터카_국내/jeju-airport-rentcar/reference-047.webp"", ""assets/렌터카_국내/jeju-airport-rentcar/reference-048.webp"", ""assets/렌터카_국내/jeju-airport-rentcar/reference-049.webp"", ""assets/렌터카_국내/jeju-airport-rentcar/reference-050.webp"", ""assets/렌터카_국내/jeju-airport-rentcar/reference-051.webp"", ""assets/렌터카_국내/jeju-airport-rentcar/reference-052.webp"", ""assets/렌터카_국내/jeju-airport-rentcar/reference-053.webp"", ""assets/렌터카_국내/jeju-airport-rentcar/reference-054.webp"", ""assets/렌터카_국내/jeju-airport-rentcar/reference-055.webp"", ""assets/렌터카_국내/jeju-airport-rentcar/reference-056.webp"", ""assets/렌터카_국내/jeju-airport-rentcar/reference-057.webp"", ""assets/렌터카_국내/jeju-airport-rentcar/reference-058.webp"", ""assets/렌터카_국내/jeju-airport-rentcar/reference-059.webp"", ""assets/렌터카_국내/jeju-airport-rentcar/reference-060.webp"", ""assets/렌터카_국내/jeju-airport-rentcar/reference-061.webp"", ""assets/렌터카_국내/jeju-airport-rentcar/reference-062.webp"", ""assets/렌터카_국내/jeju-airport-rentcar/reference-063.webp"", ""assets/렌터카_국내/jeju-airport-rentcar/reference-064.webp"", ""assets/렌터카_국내/jeju-airport-rentcar/reference-065.webp"", ""assets/렌터카_국내/jeju-airport-rentcar/reference-066.webp"", ""assets/렌터카_국내/jeju-airport-rentcar/reference-067.webp"", ""assets/렌터카_국내/jeju-airport-rentcar/reference-068.webp"", ""assets/렌터카_국내/jeju-airport-rentcar/reference-069.webp"", ""assets/렌터카_국내/jeju-airport-rentcar/reference-070.webp"", ""assets/렌터카_국내/jeju-airport-rentcar/reference-071.webp"", ""assets/렌터카_국내/jeju-airport-rentcar/reference-072.webp"", ""assets/렌터카_국내/jeju-airport-rentcar/reference-073.webp"", ""assets/렌터카_국내/jeju-airport-rentcar/reference-074.webp"", ""assets/렌터카_국내/jeju-airport-rentcar/reference-075.webp"", ""assets/렌터카_국내/jeju-airport-rentcar/reference-076.webp"", ""assets/렌터카_국내/jeju-airport-rentcar/reference-077.webp"", ""assets/렌터카_국내/jeju-airport-rentcar/reference-078.webp"", ""assets/렌터카_국내/jeju-airport-rentcar/reference-079.webp"", ""assets/렌터카_국내/jeju-airport-rentcar/reference-080.webp"", ""assets/렌터카_국내/jeju-airport-rentcar/reference-081.webp"", ""assets/렌터카_국내/jeju-airport-rentcar/reference-082.webp"", ""assets/렌터카_국내/jeju-airport-rentcar/reference-083.webp"", ""assets/렌터카_국내/jeju-airport-rentcar/reference-084.webp"", ""assets/렌터카_국내/jeju-airport-rentcar/reference-085.webp"", ""assets/렌터카_국내/jeju-airport-rentcar/reference-086.webp""]"
렌터카_국내,조아렌트카,joa-rentcar,https://joarent.com/,https://joarent.com/,조아렌트카,browser,,partial,,28,0,17,0,11,,18,18,18,2,1,85,85,[],"[""assets/렌터카_국내/joa-rentcar/banner-001.webp"", ""assets/렌터카_국내/joa-rentcar/banner-002.webp"", ""assets/렌터카_국내/joa-rentcar/banner-003.webp"", ""assets/렌터카_국내/joa-rentcar/banner-004.webp"", ""assets/렌터카_국내/joa-rentcar/banner-005.webp"", ""assets/렌터카_국내/joa-rentcar/banner-006.webp"", ""assets/렌터카_국내/joa-rentcar/banner-007.webp"", ""assets/렌터카_국내/joa-rentcar/banner-008.webp"", ""assets/렌터카_국내/joa-rentcar/banner-009.webp"", ""assets/렌터카_국내/joa-rentcar/banner-010.webp"", ""assets/렌터카_국내/joa-rentcar/banner-011.webp"", ""assets/렌터카_국내/joa-rentcar/banner-012.webp"", ""assets/렌터카_국내/joa-rentcar/banner-013.webp"", ""assets/렌터카_국내/joa-rentcar/banner-014.webp"", ""assets/렌터카_국내/joa-rentcar/banner-015.webp"", ""assets/렌터카_국내/joa-rentcar/banner-016.webp"", ""assets/렌터카_국내/joa-rentcar/banner-017.webp""]",[],"[""assets/렌터카_국내/joa-rentcar/reference-001.webp"", ""assets/렌터카_국내/joa-rentcar/reference-002.webp"", ""assets/렌터카_국내/joa-rentcar/reference-003.webp"", ""assets/렌터카_국내/joa-rentcar/reference-004.webp"", ""assets/렌터카_국내/joa-rentcar/reference-005.webp"", ""assets/렌터카_국내/joa-rentcar/reference-006.svg"", ""assets/렌터카_국내/joa-rentcar/reference-007.webp"", ""assets/렌터카_국내/joa-rentcar/reference-008.webp"", ""assets/렌터카_국내/joa-rentcar/reference-009.webp"", ""assets/렌터카_국내/joa-rentcar/reference-010.webp"", ""assets/렌터카_국내/joa-rentcar/reference-011.webp""]"
렌터카_국내,제주카카,jeju-kaka,https://www.jejukaka.com/,https://www.jejukaka.com/,제주카카,browser,,partial,asset:https://fonts.gstatic.com/ea/notosanskr/v2/NotoSansKR-Medium.woff2:HTTPError; asset:https://fonts.gstatic.com/ea/notosanskr/v2/NotoSansKR-Medium.woff:HTTPError; asset:https://fonts.gstatic.com/ea/notosanskr/v2/NotoSansKR-Medium.otf:HTTPError; asset:https://fonts.gstatic.com/ea/notosanskr/v2/NotoSansKR-Bold.woff2:HTTPError; asset:https://fonts.gstatic.com/ea/notosanskr/v2/NotoSansKR-Bold.woff:HTTPError; asset:https://fonts.gstatic.com/ea/notosanskr/v2/NotoSansKR-Bold.otf:HTTPError; asset:https://fonts.gstatic.com/ea/notosanskr/v2/NotoSansKR-Black.woff2:HTTPError; asset:https://fonts.gstatic.com/ea/notosanskr/v2/NotoSansKR-Black.woff:HTTPError; asset:https://fonts.gstatic.com/ea/notosanskr/v2/NotoSansKR-Black.otf:HTTPError; asset:https://www.jejukaka.com/theme/basic/img/gnb_bg00.gif:HTTPError; asset:https://www.jejukaka.com/skin/board/img/wrest.gif:HTTPError; asset:https://www.jejukaka.com/img/common/icon_datepicker.gif:HTTPError,8,1,0,0,7,,18,18,18,14,19,76,76,"[""assets/렌터카_국내/jeju-kaka/logo-001.png""]",[],[],"[""assets/렌터카_국내/jeju-kaka/reference-001.webp"", ""assets/렌터카_국내/jeju-kaka/reference-002.webp"", ""assets/렌터카_국내/jeju-kaka/reference-003.webp"", ""assets/렌터카_국내/jeju-kaka/reference-004.svg"", ""assets/렌터카_국내/jeju-kaka/reference-005.svg"", ""assets/렌터카_국내/jeju-kaka/reference-006.svg"", ""assets/렌터카_국내/jeju-kaka/reference-007.svg""]"
렌터카_국내,제주원렌트카,jeju-one-rentcar,https://www.jejuonecar.net/,https://www.jejuonecar.net/,Car Rental Jeju Island - Jeju Rent car JejuOne Rent A Car,200,,complete,asset:https://www.jejuonecar.net/img/sub/place/2.jpg:HTTPError; asset:https://www.jejuonecar.net/img/sub/place/3.jpg:HTTPError; asset:https://www.jejuonecar.net/img/sub/place/4.jpg:HTTPError; asset:https://www.jejuonecar.net/img/sub/place/5_1.jpg:HTTPError; asset:https://www.jejuonecar.net/img/sub/place/6_1.jpg:HTTPError; asset:https://www.jejuonecar.net/assets/svg/preloaders/slick-carousel-preloader-primary.svg:HTTPError; asset:https://www.jejuonecar.net/css/%22images%2Fui-icons_555555_256x240.png%22:HTTPError; asset:https://www.jejuonecar.net/css/%22images%2Fui-icons_777620_256x240.png%22:HTTPError; asset:https://www.jejuonecar.net/css/%22images%2Fui-icons_444444_256x240.png%22:HTTPError; asset:https://www.jejuonecar.net/css/%22images%2Fui-icons_cc0000_256x240.png%22:HTTPError; asset:https://www.jejuonecar.net/css/%22images%2Fui-icons_777777_256x240.png%22:HTTPError; asset:https://www.jejuonecar.net/css/%22images%2Fui-icons_ffffff_256x240.png%22:HTTPError,38,2,2,1,32,,18,18,18,11,13,223,223,"[""assets/렌터카_국내/jeju-one-rentcar/logo-001.png"", ""assets/렌터카_국내/jeju-one-rentcar/logo-002.png""]","[""assets/렌터카_국내/jeju-one-rentcar/banner-001.webp"", ""assets/렌터카_국내/jeju-one-rentcar/banner-002.webp""]","[""assets/렌터카_국내/jeju-one-rentcar/og.png""]","[""assets/렌터카_국내/jeju-one-rentcar/reference-001.webp"", ""assets/렌터카_국내/jeju-one-rentcar/reference-002.webp"", ""assets/렌터카_국내/jeju-one-rentcar/reference-003.webp"", ""assets/렌터카_국내/jeju-one-rentcar/reference-004.webp"", ""assets/렌터카_국내/jeju-one-rentcar/reference-005.webp"", ""assets/렌터카_국내/jeju-one-rentcar/reference-006.webp"", ""assets/렌터카_국내/jeju-one-rentcar/reference-007.webp"", ""assets/렌터카_국내/jeju-one-rentcar/reference-008.webp"", ""assets/렌터카_국내/jeju-one-rentcar/reference-009.webp"", ""assets/렌터카_국내/jeju-one-rentcar/reference-010.webp"", ""assets/렌터카_국내/jeju-one-rentcar/reference-011.webp"", ""assets/렌터카_국내/jeju-one-rentcar/reference-012.webp"", ""assets/렌터카_국내/jeju-one-rentcar/reference-013.webp"", ""assets/렌터카_국내/jeju-one-rentcar/reference-014.webp"", ""assets/렌터카_국내/jeju-one-rentcar/reference-015.webp"", ""assets/렌터카_국내/jeju-one-rentcar/reference-016.webp"", ""assets/렌터카_국내/jeju-one-rentcar/reference-017.webp"", ""assets/렌터카_국내/jeju-one-rentcar/reference-018.webp"", ""assets/렌터카_국내/jeju-one-rentcar/reference-019.webp"", ""assets/렌터카_국내/jeju-one-rentcar/reference-020.webp"", ""assets/렌터카_국내/jeju-one-rentcar/reference-021.webp"", ""assets/렌터카_국내/jeju-one-rentcar/reference-022.webp"", ""assets/렌터카_국내/jeju-one-rentcar/reference-023.webp"", ""assets/렌터카_국내/jeju-one-rentcar/reference-024.webp"", ""assets/렌터카_국내/jeju-one-rentcar/reference-025.webp"", ""assets/렌터카_국내/jeju-one-rentcar/reference-026.webp"", ""assets/렌터카_국내/jeju-one-rentcar/reference-027.webp"", ""assets/렌터카_국내/jeju-one-rentcar/reference-028.webp"", ""assets/렌터카_국내/jeju-one-rentcar/reference-029.webp"", ""assets/렌터카_국내/jejusok/reference-015.svg"", ""assets/렌터카_국내/jeju-one-rentcar/reference-031.webp"", ""assets/렌터카_국내/jeju-one-rentcar/reference-032.webp""]"
렌터카_국내,제주로렌트카,jejuro-rentcar,https://www.jejurorentcar.com/,https://www.jejurorentcar.com/,제주공항 렌트카 예약 · 제주도 렌트카 최저가 | 제주로렌트카,200,,partial,asset:https://www.facebook.com/tr?id=1662419574630004&ev=PageView&noscript=1:ValueError; asset:https://a29.smlog.co.kr/smart_bda.php?_account=31441:ValueError; asset:https://www.jejurorentcar.com/assets/favicon-128.png:HTTPError; asset:https://www.jejurorentcar.com/ic_arrow_right.svg:HTTPError,25,0,10,2,12,,2,2,2,2,1,140,140,[],"[""assets/렌터카_국내/jejuro-rentcar/banner-001.webp"", ""assets/렌터카_국내/jejuro-rentcar/banner-002.webp"", ""assets/렌터카_국내/jejuro-rentcar/banner-003.webp"", ""assets/렌터카_국내/jejuro-rentcar/banner-004.webp"", ""assets/렌터카_국내/jejuro-rentcar/banner-005.webp"", ""assets/렌터카_국내/jejuro-rentcar/banner-006.webp"", ""assets/렌터카_국내/jejuro-rentcar/banner-007.webp"", ""assets/렌터카_국내/jejuro-rentcar/banner-008.webp"", ""assets/렌터카_국내/jejuro-rentcar/banner-009.webp"", ""assets/렌터카_국내/jejuro-rentcar/banner-010.webp""]","[""assets/렌터카_국내/jejuro-rentcar/social-001.webp"", ""assets/렌터카_국내/jejuro-rentcar/og.png""]","[""assets/렌터카_국내/jejuro-rentcar/reference-001.webp"", ""assets/렌터카_국내/jejuro-rentcar/reference-002.webp"", ""assets/렌터카_국내/jejuro-rentcar/reference-003.webp"", ""assets/렌터카_국내/jejuro-rentcar/reference-004.webp"", ""assets/렌터카_국내/jejuro-rentcar/reference-005.webp"", ""assets/렌터카_국내/jejuro-rentcar/reference-006.webp"", ""assets/렌터카_국내/jejuro-rentcar/reference-007.webp"", ""assets/렌터카_국내/jejuro-rentcar/reference-008.webp"", ""assets/렌터카_국내/jejuro-rentcar/reference-009.webp"", ""assets/렌터카_국내/jejuro-rentcar/reference-010.webp"", ""assets/렌터카_국내/jejuro-rentcar/reference-011.webp"", ""assets/렌터카_국내/jejuro-rentcar/reference-012.webp""]"
렌터카_국내,무지개렌트카,rainbow-rentcar,https://www.rainbowrent.co.kr/,https://www.rainbowrent.co.kr/,무지개렌트카,200,,partial,asset:https://www.rainbowrent.co.kr/ic_arrow_right.svg:HTTPError,11,0,3,0,7,,2,2,2,3,1,113,113,[],"[""assets/렌터카_국내/rainbow-rentcar/banner-001.svg"", ""assets/렌터카_국내/rainbow-rentcar/banner-002.webp"", ""assets/렌터카_국내/rainbow-rentcar/banner-003.webp""]",[],"[""assets/렌터카_국내/rainbow-rentcar/reference-001.svg"", ""assets/렌터카_국내/rainbow-rentcar/reference-002.webp"", ""assets/렌터카_국내/rainbow-rentcar/reference-003.webp"", ""assets/렌터카_국내/rainbow-rentcar/reference-004.webp"", ""assets/렌터카_국내/rainbow-rentcar/reference-005.webp"", ""assets/렌터카_국내/rainbow-rentcar/reference-006.webp"", ""assets/렌터카_국내/rainbow-rentcar/reference-007.webp""]"
렌터카_국내,퍼시픽렌터카,pacific-rentcar,https://www.pacificrentcar.co.kr/,https://www.pacificrentcar.co.kr/,퍼시픽렌터카,200,,complete,,23,1,5,0,16,,18,18,18,9,13,78,78,"[""assets/렌터카_국내/pacific-rentcar/logo-001.png""]","[""assets/렌터카_국내/pacific-rentcar/banner-001.webp"", ""assets/렌터카_국내/pacific-rentcar/banner-002.webp"", ""assets/렌터카_국내/pacific-rentcar/banner-003.webp"", ""assets/렌터카_국내/pacific-rentcar/banner-004.webp"", ""assets/렌터카_국내/pacific-rentcar/banner-005.webp""]",[],"[""assets/렌터카_국내/pacific-rentcar/reference-001.svg"", ""assets/렌터카_국내/pacific-rentcar/reference-002.webp"", ""assets/렌터카_국내/pacific-rentcar/reference-003.webp"", ""assets/렌터카_국내/pacific-rentcar/reference-004.webp"", ""assets/렌터카_국내/pacific-rentcar/reference-005.webp"", ""assets/렌터카_국내/pacific-rentcar/reference-006.webp"", ""assets/렌터카_국내/pacific-rentcar/reference-007.webp"", ""assets/렌터카_국내/pacific-rentcar/reference-008.webp"", ""assets/렌터카_국내/pacific-rentcar/reference-009.svg"", ""assets/렌터카_국내/pacific-rentcar/reference-010.webp"", ""assets/렌터카_국내/pacific-rentcar/reference-011.webp"", ""assets/렌터카_국내/pacific-rentcar/reference-012.webp"", ""assets/렌터카_국내/pacific-rentcar/reference-013.webp"", ""assets/렌터카_국내/pacific-rentcar/reference-014.webp"", ""assets/렌터카_국내/jejusok/reference-015.svg"", ""assets/렌터카_국내/pacific-rentcar/reference-016.webp""]"
렌터카_국내,메트로렌트카,metro-rentcar,https://www.metrorent.co.kr/,https://www.metrorent.co.kr/,메트로렌트카,200,,partial,,1,0,0,0,0,,1,1,1,1,0,0,0,[],[],[],[]
렌터카_국내,픽카제주,pickcar-jeju,https://pickcarjeju.com/,https://pickcarjeju.com/,픽카제주 - 제주 렌트카 가격비교,200,,partial,,4,0,0,2,1,,3,3,3,2,4,97,97,[],[],"[""assets/렌터카_국내/pickcar-jeju/social-001.webp"", ""assets/렌터카_국내/pickcar-jeju/og.jpg""]","[""assets/렌터카_국내/pickcar-jeju/reference-001.webp""]"
렌터카_국내,제주엔젤렌트카,jeju-angel,https://www.jejuangelcar.co.kr/,https://www.jejuangelcar.co.kr/,"제주렌터카 제주엔젤카 - 제주도 렌터카 실시간 예약할인, 완전자차 무료",200,,complete,asset:https://fonts.gstatic.com/ea/notosanskr/v2/NotoSansKR-Black.woff:HTTPError; asset:https://fonts.gstatic.com/ea/notosanskr/v2/NotoSansKR-Black.otf:HTTPError; asset:https://www.jejuangeltour.com/Tour/file/top_image/angeltour/2018.5ab0d1e495b05.gif:HTTPError; asset:https://www.jejuangeltour.com/Tour/file/top_image/angeltour/2020.5e8706679b276.gif:HTTPError; asset:https://www.jejuangeltour.com/Tour/file/top_image/angeltour/2018.5af155b54f909.gif:HTTPError; asset:https://www.jejuangeltour.com/Tour/file/top_image/angeltour/2022.633d4354510b9.gif:HTTPError; asset:https://www.jejuangeltour.com/Tour/file/top_image/angeltour/2020.5e870679d6da1.gif:HTTPError; asset:https://www.jejuangeltour.com/Tour/file/top_image/angeltour/2020.5f7c2bcce0785.gif:HTTPError; asset:https://www.jejuangeltour.com/Tour/file/top_image/angeltour/2019.5cc7da076297d.gif:HTTPError; asset:https://www.jejuangeltour.com/Tour/file/top_image/angeltour/2020.5f7c2bab8132b.gif:HTTPError; asset:https://www.jejuangeltour.com/Tour/file/top_image/angeltour/2022.633d44a11d371.gif:HTTPError; asset:https://www.jejuangeltour.com/theme/basic/fonts/fontawesome-webfont.ttf?v=4.7.0:HTTPError,74,1,20,2,50,,1,1,1,15,0,210,210,"[""assets/렌터카_국내/jeju-angel/logo-001.png""]","[""assets/렌터카_국내/jeju-angel/banner-001.webp"", ""assets/렌터카_국내/jeju-angel/banner-002.webp"", ""assets/렌터카_국내/jeju-angel/banner-003.webp"", ""assets/렌터카_국내/jeju-angel/banner-004.webp"", ""assets/렌터카_국내/jeju-angel/banner-005.webp"", ""assets/렌터카_국내/jeju-angel/banner-006.webp"", ""assets/렌터카_국내/jeju-angel/banner-007.webp"", ""assets/렌터카_국내/jeju-angel/banner-008.webp"", ""assets/렌터카_국내/jeju-angel/banner-009.webp"", ""assets/렌터카_국내/jeju-angel/banner-010.webp"", ""assets/렌터카_국내/jeju-angel/banner-011.webp"", ""assets/렌터카_국내/jeju-angel/banner-012.webp"", ""assets/렌터카_국내/jeju-angel/banner-013.webp"", ""assets/렌터카_국내/jeju-angel/banner-014.webp"", ""assets/렌터카_국내/jeju-angel/banner-015.webp"", ""assets/렌터카_국내/jeju-angel/banner-016.webp"", ""assets/렌터카_국내/jeju-angel/banner-017.webp"", ""assets/렌터카_국내/jeju-angel/banner-018.webp"", ""assets/렌터카_국내/jeju-angel/banner-019.webp"", ""assets/렌터카_국내/jeju-angel/banner-020.webp""]","[""assets/렌터카_국내/jeju-angel/social-001.webp"", ""assets/렌터카_국내/jeju-angel/og.jpg""]","[""assets/렌터카_국내/jeju-angel/reference-001.webp"", ""assets/렌터카_국내/jeju-angel/reference-002.webp"", ""assets/렌터카_국내/jeju-angel/reference-003.webp"", ""assets/렌터카_국내/jeju-angel/reference-004.webp"", ""assets/렌터카_국내/jeju-angel/reference-005.webp"", ""assets/렌터카_국내/jeju-angel/reference-006.webp"", ""assets/렌터카_국내/jeju-angel/reference-007.webp"", ""assets/렌터카_국내/jeju-angel/reference-008.webp"", ""assets/렌터카_국내/jeju-angel/reference-009.webp"", ""assets/렌터카_국내/jeju-angel/reference-010.webp"", ""assets/렌터카_국내/jeju-angel/reference-011.webp"", ""assets/렌터카_국내/jeju-angel/reference-012.webp"", ""assets/렌터카_국내/jeju-angel/reference-013.webp"", ""assets/렌터카_국내/jeju-angel/reference-014.webp"", ""assets/렌터카_국내/jeju-angel/reference-015.webp"", ""assets/렌터카_국내/jeju-angel/reference-016.webp"", ""assets/렌터카_국내/jeju-angel/reference-017.webp"", ""assets/렌터카_국내/jeju-angel/reference-018.webp"", ""assets/렌터카_국내/jeju-angel/reference-019.webp"", ""assets/렌터카_국내/jeju-angel/reference-020.webp"", ""assets/렌터카_국내/jeju-angel/reference-021.webp"", ""assets/렌터카_국내/jeju-angel/reference-022.webp"", ""assets/렌터카_국내/jeju-angel/reference-023.webp"", ""assets/렌터카_국내/jeju-angel/reference-024.webp"", ""assets/렌터카_국내/jeju-angel/reference-025.webp"", ""assets/렌터카_국내/jeju-angel/reference-026.webp"", ""assets/렌터카_국내/jeju-angel/reference-027.webp"", ""assets/렌터카_국내/jeju-angel/reference-028.webp"", ""assets/렌터카_국내/jeju-angel/reference-029.webp"", ""assets/렌터카_국내/jeju-angel/reference-030.webp"", ""assets/렌터카_국내/jeju-angel/reference-031.webp"", ""assets/렌터카_국내/jeju-angel/reference-032.webp"", ""assets/렌터카_국내/jeju-angel/reference-033.webp"", ""assets/렌터카_국내/jeju-angel/reference-034.webp"", ""assets/렌터카_국내/jeju-angel/reference-035.webp"", ""assets/렌터카_국내/jeju-angel/reference-036.webp"", ""assets/렌터카_국내/jeju-angel/reference-037.webp"", ""assets/렌터카_국내/jeju-angel/reference-038.webp"", ""assets/렌터카_국내/jeju-angel/reference-039.webp"", ""assets/렌터카_국내/jeju-angel/reference-040.webp"", ""assets/렌터카_국내/jeju-angel/reference-041.webp"", ""assets/렌터카_국내/jeju-angel/reference-042.webp"", ""assets/렌터카_국내/jeju-kaka/reference-007.svg"", ""assets/렌터카_국내/jeju-angel/reference-044.webp"", ""assets/렌터카_국내/jeju-angel/reference-045.webp"", ""assets/렌터카_국내/jeju-angel/reference-046.webp"", ""assets/렌터카_국내/jeju-kaka/reference-004.svg"", ""assets/렌터카_국내/jeju-kaka/reference-005.svg"", ""assets/렌터카_국내/jeju-kaka/reference-006.svg"", ""assets/렌터카_국내/jejusok/reference-015.svg""]"
렌터카_국내,제제렌트카,jeje-rentcar,https://jejerent.com/,https://jejerent.com/,개인 정보 보호 오류,browser,,complete,asset:https://jejerent.com/images/jejumon/customer/btn_edit.jpg:HTTPError; asset:https://jejerent.com/images/jejumon/customer/btn_del.jpg:HTTPError; asset:https://jejerent.com/images/cs_title.png:HTTPError; asset:https://jejerent.com/rent/resources/rent/resources/fonts/pretendard/woff/Pretendard-Black.woff:HTTPError; asset:https://jejerent.com/rent/resources/rent/resources/fonts/pretendard/woff/Pretendard-Bold.woff:HTTPError; asset:https://jejerent.com/rent/resources/rent/resources/fonts/pretendard/woff/Pretendard-Medium.woff:HTTPError; asset:https://jejerent.com/rent/resources/rent/resources/fonts/pretendard/woff/Pretendard-Regular.woff:HTTPError; asset:https://jejerent.com/rent/resources/rent/resources/fonts/pretendard/woff/Pretendard-Light.woff:HTTPError; asset:https://jejerent.com/images/bg.jpg:HTTPError; asset:https://jejerent.com/images/title_bilt.jpg:HTTPError; asset:https://jejerent.com/images/rent_serch_btn2.jpg:HTTPError; asset:https://jejerent.com/images/jejumon/customer/bt_qa.jpg:HTTPError,4,1,2,0,0,,10,10,10,3,4,51,51,"[""assets/렌터카_국내/jeje-rentcar/logo-001.png""]","[""assets/렌터카_국내/jeje-rentcar/banner-001.webp"", ""assets/렌터카_국내/jeje-rentcar/banner-002.webp""]",[],[]
렌터카_국내,제주도렌터카닷컴,jeju-do-rentcar,https://jejudorentacar.com/,https://jejudorentacar.com/,제주도렌타카 jejudorentacar.com | 제주도렌트카 가격비교 · 제주렌트카 예약,browser,,complete,asset:https://m.jejudorentacar.com/images/sub/bg_line.png:HTTPError; asset:https://m.jejudorentacar.com/images/sub/dot_bg.gif:HTTPError; asset:https://m.jejudorentacar.com/images/sub/bullet_air_info.png:HTTPError; asset:https://m.jejudorentacar.com/images/sub/bullet_info.png:HTTPError; asset:https://m.jejudorentacar.com/images/sub/center_dotline.png:HTTPError; asset:https://m.jejudorentacar.com/mobile/images/system/bg_per_select.png:HTTPError; asset:https://m.jejudorentacar.com/images/main/drop_date.gif:HTTPError; asset:https://m.jejudorentacar.com/images/sub/search_result_none.png:HTTPError; asset:https://jejudorentacar.com/css/images/controls.png:HTTPError; asset:https://m.jejudorentacar.com/css/images/controls.png:HTTPError; asset:https://jejudorentacar.com/images/sub/sub_seacrh_bar_bg.gif:HTTPError; asset:https://jejudorentacar.com/images/sub/bullet_sub_search.png:HTTPError,10,1,4,0,5,,18,18,18,28,23,275,275,"[""assets/렌터카_국내/jeju-do-rentcar/logo-001.png""]","[""assets/렌터카_국내/jeju-do-rentcar/banner-001.webp"", ""assets/렌터카_국내/jeju-do-rentcar/banner-002.webp"", ""assets/렌터카_국내/jeju-do-rentcar/banner-003.webp"", ""assets/렌터카_국내/jeju-do-rentcar/banner-004.webp""]",[],"[""assets/렌터카_국내/jeju-do-rentcar/reference-001.webp"", ""assets/렌터카_국내/jeju-do-rentcar/reference-002.webp"", ""assets/렌터카_국내/jeju-do-rentcar/reference-003.webp"", ""assets/렌터카_국내/jeju-do-rentcar/reference-004.webp"", ""assets/렌터카_국내/jeju-do-rentcar/reference-005.webp""]"
렌터카_국내,제주렌트카본사,jeju-rentcar-hq,https://www.jejurentcar.co.kr/,https://www.jejurentcar.co.kr/,"제주렌트카 본사 - 제주도렌트카 실시간 예약, 렌터카 가격비교",200,,complete,asset:https://www.jejurentcar.co.kr/font/NotoSansKR-Light.ttf:HTTPError; asset:https://www.jejurentcar.co.kr/font/NotoSansKR-Light.eot:HTTPError; asset:https://www.jejurentcar.co.kr/font/NotoSansKR-Regular.ttf:HTTPError; asset:https://www.jejurentcar.co.kr/font/NotoSansKR-Regular.eot:HTTPError; asset:https://www.jejurentcar.co.kr/font/NotoSansKR-Medium.ttf:HTTPError; asset:https://www.jejurentcar.co.kr/font/NotoSansKR-Medium.eot:HTTPError; asset:https://www.jejurentcar.co.kr/font/NotoSansKR-Bold.ttf:HTTPError; asset:https://www.jejurentcar.co.kr/font/NotoSansKR-Bold.eot:HTTPError; asset:https://www.jejurentcar.co.kr/font/NotoSansKR-Black.ttf:HTTPError; asset:https://www.jejurentcar.co.kr/font/NotoSansKR-Black.eot:HTTPError; asset:https://www.jejurentcar.co.kr/css/images/black-opacity-60.png:HTTPError; asset:https://www.jejurentcar.co.kr/css/images/pw_bg.png:HTTPError,61,2,32,0,26,,18,18,18,17,13,236,236,"[""assets/렌터카_국내/jeju-rentcar-hq/logo-001.png"", ""assets/렌터카_국내/jeju-rentcar-hq/logo-002.png""]","[""assets/렌터카_국내/jeju-rentcar-hq/banner-001.webp"", ""assets/렌터카_국내/jeju-rentcar-hq/banner-002.webp"", ""assets/렌터카_국내/jeju-rentcar-hq/banner-003.webp"", ""assets/렌터카_국내/jeju-rentcar-hq/banner-004.webp"", ""assets/렌터카_국내/jeju-rentcar-hq/banner-005.webp"", ""assets/렌터카_국내/jeju-rentcar-hq/banner-006.webp"", ""assets/렌터카_국내/jeju-rentcar-hq/banner-007.webp"", ""assets/렌터카_국내/jeju-rentcar-hq/banner-008.webp"", ""assets/렌터카_국내/jeju-rentcar-hq/banner-009.webp"", ""assets/렌터카_국내/jeju-rentcar-hq/banner-010.webp"", ""assets/렌터카_국내/jeju-rentcar-hq/banner-011.webp"", ""assets/렌터카_국내/jeju-rentcar-hq/banner-012.webp"", ""assets/렌터카_국내/jeju-rentcar-hq/banner-013.webp"", ""assets/렌터카_국내/jeju-rentcar-hq/banner-014.webp"", ""assets/렌터카_국내/jeju-rentcar-hq/banner-015.webp"", ""assets/렌터카_국내/jeju-rentcar-hq/banner-016.webp"", ""assets/렌터카_국내/jeju-rentcar-hq/banner-017.webp"", ""assets/렌터카_국내/jeju-rentcar-hq/banner-018.webp"", ""assets/렌터카_국내/jeju-rentcar-hq/banner-019.webp"", ""assets/렌터카_국내/jeju-rentcar-hq/banner-020.webp"", ""assets/렌터카_국내/jeju-rentcar-hq/banner-021.webp"", ""assets/렌터카_국내/jeju-rentcar-hq/banner-022.webp"", ""assets/렌터카_국내/jeju-rentcar-hq/banner-023.webp"", ""assets/렌터카_국내/jeju-rentcar-hq/banner-024.webp"", ""assets/렌터카_국내/jeju-rentcar-hq/banner-025.webp"", ""assets/렌터카_국내/jeju-rentcar-hq/banner-026.webp"", ""assets/렌터카_국내/jeju-rentcar-hq/banner-027.webp"", ""assets/렌터카_국내/jeju-rentcar-hq/banner-028.webp"", ""assets/렌터카_국내/jeju-rentcar-hq/banner-029.webp"", ""assets/렌터카_국내/jeju-rentcar-hq/banner-030.webp"", ""assets/렌터카_국내/jeju-rentcar-hq/banner-031.webp"", ""assets/렌터카_국내/jeju-rentcar-hq/banner-032.webp""]",[],"[""assets/렌터카_국내/jeju-rentcar-hq/reference-001.webp"", ""assets/렌터카_국내/jeju-rentcar-hq/reference-002.webp"", ""assets/렌터카_국내/jeju-rentcar-hq/reference-003.webp"", ""assets/렌터카_국내/jeju-rentcar-hq/reference-004.webp"", ""assets/렌터카_국내/jeju-rentcar-hq/reference-005.webp"", ""assets/렌터카_국내/jeju-rentcar-hq/reference-006.webp"", ""assets/렌터카_국내/jeju-rentcar-hq/reference-007.webp"", ""assets/렌터카_국내/jeju-rentcar-hq/reference-008.webp"", ""assets/렌터카_국내/jeju-rentcar-hq/reference-009.webp"", ""assets/렌터카_국내/jeju-rentcar-hq/reference-010.webp"", ""assets/렌터카_국내/jeju-rentcar-hq/reference-011.webp"", ""assets/렌터카_국내/jeju-rentcar-hq/reference-012.webp"", ""assets/렌터카_국내/jeju-rentcar-hq/reference-013.webp"", ""assets/렌터카_국내/jeju-rentcar-hq/reference-014.webp"", ""assets/렌터카_국내/jeju-rentcar-hq/reference-015.webp"", ""assets/렌터카_국내/jeju-rentcar-hq/reference-016.webp"", ""assets/렌터카_국내/jeju-rentcar-hq/reference-017.webp"", ""assets/렌터카_국내/jeju-rentcar-hq/reference-018.webp"", ""assets/렌터카_국내/jeju-rentcar-hq/reference-019.webp"", ""assets/렌터카_국내/jeju-rentcar-hq/reference-020.webp"", ""assets/렌터카_국내/jeju-rentcar-hq/reference-021.webp"", ""assets/렌터카_국내/jeju-rentcar-hq/reference-022.webp"", ""assets/렌터카_국내/jeju-rentcar-hq/reference-023.webp"", ""assets/렌터카_국내/jeju-rentcar-hq/reference-024.webp"", ""assets/렌터카_국내/jeju-rentcar-hq/reference-025.webp"", ""assets/렌터카_국내/jeju-rentcar-hq/reference-026.webp""]"
렌터카_국내,찜카,zzimcar,https://zzimcar.com/,https://zzimcar.com/,찜카 | 렌트카·항공권·숙소 실시간 가격비교,200,,complete,asset:https://domestic-rentcar.zzimcar.com/찜카 대표 이미지:HTTPError; asset:https://m-domestic-rentcar.zzimcar.com/찜카 대표 이미지:HTTPError,103,15,43,3,41,,18,18,18,28,36,255,255,"[""assets/렌터카_국내/zzimcar/logo-001.svg"", ""assets/렌터카_국내/zzimcar/logo-002.svg"", ""assets/렌터카_국내/zzimcar/logo-003.png"", ""assets/렌터카_국내/zzimcar/logo-004.png"", ""assets/렌터카_국내/zzimcar/logo-005.webp"", ""assets/렌터카_국내/zzimcar/logo-006.webp"", ""assets/렌터카_국내/zzimcar/logo-007.png"", ""assets/렌터카_국내/zzimcar/logo-008.png"", ""assets/렌터카_국내/zzimcar/logo-009.png"", ""assets/렌터카_국내/zzimcar/logo-010.png"", ""assets/렌터카_국내/zzimcar/logo-011.png"", ""assets/렌터카_국내/zzimcar/logo-012.png"", ""assets/렌터카_국내/zzimcar/logo-013.png"", ""assets/렌터카_국내/zzimcar/logo-014.png"", ""assets/렌터카_국내/zzimcar/logo-015.svg""]","[""assets/렌터카_국내/zzimcar/banner-001.webp"", ""assets/렌터카_국내/zzimcar/banner-002.webp"", ""assets/렌터카_국내/zzimcar/banner-003.webp"", ""assets/렌터카_국내/zzimcar/banner-004.webp"", ""assets/렌터카_국내/zzimcar/banner-005.webp"", ""assets/렌터카_국내/zzimcar/banner-006.webp"", ""assets/렌터카_국내/zzimcar/banner-007.webp"", ""assets/렌터카_국내/zzimcar/banner-008.webp"", ""assets/렌터카_국내/zzimcar/banner-009.webp"", ""assets/렌터카_국내/zzimcar/banner-010.webp"", ""assets/렌터카_국내/zzimcar/banner-011.webp"", ""assets/렌터카_국내/zzimcar/banner-012.webp"", ""assets/렌터카_국내/zzimcar/banner-013.webp"", ""assets/렌터카_국내/zzimcar/banner-014.webp"", ""assets/렌터카_국내/zzimcar/banner-015.webp"", ""assets/렌터카_국내/zzimcar/banner-016.webp"", ""assets/렌터카_국내/zzimcar/banner-017.webp"", ""assets/렌터카_국내/zzimcar/banner-018.webp"", ""assets/렌터카_국내/zzimcar/banner-019.webp"", ""assets/렌터카_국내/zzimcar/banner-020.webp"", ""assets/렌터카_국내/zzimcar/banner-021.webp"", ""assets/렌터카_국내/zzimcar/banner-022.webp"", ""assets/렌터카_국내/zzimcar/banner-023.webp"", ""assets/렌터카_국내/zzimcar/banner-024.webp"", ""assets/렌터카_국내/zzimcar/banner-025.webp"", ""assets/렌터카_국내/zzimcar/banner-026.webp"", ""assets/렌터카_국내/zzimcar/banner-027.webp"", ""assets/렌터카_국내/zzimcar/banner-028.webp"", ""assets/렌터카_국내/zzimcar/banner-029.webp"", ""assets/렌터카_국내/zzimcar/banner-030.webp"", ""assets/렌터카_국내/zzimcar/banner-031.webp"", ""assets/렌터카_국내/zzimcar/banner-032.webp"", ""assets/렌터카_국내/zzimcar/banner-033.webp"", ""assets/렌터카_국내/zzimcar/banner-034.webp"", ""assets/렌터카_국내/zzimcar/banner-035.webp"", ""assets/렌터카_국내/zzimcar/banner-036.webp"", ""assets/렌터카_국내/zzimcar/banner-037.webp"", ""assets/렌터카_국내/zzimcar/banner-038.webp"", ""assets/렌터카_국내/zzimcar/banner-039.webp"", ""assets/렌터카_국내/zzimcar/banner-040.webp"", ""assets/렌터카_국내/zzimcar/banner-041.webp"", ""assets/렌터카_국내/zzimcar/banner-042.webp"", ""assets/렌터카_국내/zzimcar/banner-043.webp""]","[""assets/렌터카_국내/zzimcar/social-001.webp"", ""assets/렌터카_국내/zzimcar/social-002.webp"", ""assets/렌터카_국내/zzimcar/og.png""]","[""assets/렌터카_국내/zzimcar/reference-001.webp"", ""assets/렌터카_국내/zzimcar/reference-002.svg"", ""assets/렌터카_국내/zzimcar/reference-003.svg"", ""assets/렌터카_국내/zzimcar/reference-004.svg"", ""assets/렌터카_국내/zzimcar/reference-005.svg"", ""assets/렌터카_국내/zzimcar/reference-006.webp"", ""assets/렌터카_국내/zzimcar/reference-007.webp"", ""assets/렌터카_국내/zzimcar/reference-008.webp"", ""assets/렌터카_국내/zzimcar/reference-009.webp"", ""assets/렌터카_국내/zzimcar/reference-010.webp"", ""assets/렌터카_국내/zzimcar/reference-011.webp"", ""assets/렌터카_국내/zzimcar/reference-012.webp"", ""assets/렌터카_국내/zzimcar/reference-013.webp"", ""assets/렌터카_국내/zzimcar/reference-014.webp"", ""assets/렌터카_국내/zzimcar/reference-015.webp"", ""assets/렌터카_국내/zzimcar/reference-016.webp"", ""assets/렌터카_국내/zzimcar/reference-017.webp"", ""assets/렌터카_국내/zzimcar/reference-018.webp"", ""assets/렌터카_국내/zzimcar/reference-019.webp"", ""assets/렌터카_국내/zzimcar/reference-020.webp"", ""assets/렌터카_국내/zzimcar/reference-021.webp"", ""assets/렌터카_국내/zzimcar/reference-022.webp"", ""assets/렌터카_국내/zzimcar/reference-023.webp"", ""assets/렌터카_국내/zzimcar/reference-024.webp"", ""assets/렌터카_국내/zzimcar/reference-025.webp"", ""assets/렌터카_국내/zzimcar/reference-026.webp"", ""assets/렌터카_국내/zzimcar/reference-027.webp"", ""assets/렌터카_국내/zzimcar/reference-028.webp"", ""assets/렌터카_국내/zzimcar/reference-029.webp"", ""assets/렌터카_국내/zzimcar/reference-030.webp"", ""assets/렌터카_국내/zzimcar/reference-031.webp"", ""assets/렌터카_국내/zzimcar/reference-032.webp"", ""assets/렌터카_국내/zzimcar/reference-033.webp"", ""assets/렌터카_국내/zzimcar/reference-034.webp"", ""assets/렌터카_국내/zzimcar/reference-035.webp"", ""assets/렌터카_국내/zzimcar/reference-036.webp"", ""assets/렌터카_국내/zzimcar/reference-037.webp"", ""assets/렌터카_국내/zzimcar/reference-038.webp"", ""assets/렌터카_국내/zzimcar/reference-039.webp"", ""assets/렌터카_국내/zzimcar/reference-040.webp"", ""assets/렌터카_국내/zzimcar/reference-041.webp""]"
렌터카_국내,카플랫,carplat,https://www.carplat.co.kr/,https://www.carplat.co.kr/,카플랫,200,,partial,asset:https://www.carplat.co.kr/_next/static/chunks/assets/login_left_banner.png:HTTPError; asset:https://www.carplat.co.kr/_next/static/chunks/assets/login_left_car.png:HTTPError,2,0,0,0,1,,2,2,2,3,24,9,9,[],[],[],"[""assets/렌터카_국내/carplat/reference-001.webp""]"
렌터카_국내,타다,tada,https://tadatada.com/,https://tadatada.com/,타다(TADA) | HOME,200,,complete,,121,2,16,5,97,,18,18,18,6,17,512,300,"[""assets/렌터카_국내/tada/logo-001.png"", ""assets/렌터카_국내/tada/logo-002.png""]","[""assets/렌터카_국내/tada/banner-001.webp"", ""assets/렌터카_국내/tada/banner-002.webp"", ""assets/렌터카_국내/tada/banner-003.webp"", ""assets/렌터카_국내/tada/banner-004.webp"", ""assets/렌터카_국내/tada/banner-005.webp"", ""assets/렌터카_국내/tada/banner-006.webp"", ""assets/렌터카_국내/tada/banner-007.webp"", ""assets/렌터카_국내/tada/banner-008.webp"", ""assets/렌터카_국내/tada/banner-009.webp"", ""assets/렌터카_국내/tada/banner-010.webp"", ""assets/렌터카_국내/tada/banner-011.webp"", ""assets/렌터카_국내/tada/banner-012.webp"", ""assets/렌터카_국내/tada/banner-013.webp"", ""assets/렌터카_국내/tada/banner-014.webp"", ""assets/렌터카_국내/tada/banner-015.webp"", ""assets/렌터카_국내/tada/banner-016.webp""]","[""assets/렌터카_국내/tada/social-001.webp"", ""assets/렌터카_국내/tada/social-002.webp"", ""assets/렌터카_국내/tada/social-003.webp"", ""assets/렌터카_국내/tada/social-004.webp"", ""assets/렌터카_국내/tada/og.png""]","[""assets/렌터카_국내/tada/reference-001.webp"", ""assets/렌터카_국내/tada/reference-002.webp"", ""assets/렌터카_국내/tada/reference-003.webp"", ""assets/렌터카_국내/tada/reference-004.webp"", ""assets/렌터카_국내/tada/reference-005.webp"", ""assets/렌터카_국내/tada/reference-006.webp"", ""assets/렌터카_국내/tada/reference-007.webp"", ""assets/렌터카_국내/tada/reference-008.webp"", ""assets/렌터카_국내/tada/reference-009.webp"", ""assets/렌터카_국내/tada/reference-010.webp"", ""assets/렌터카_국내/tada/reference-011.webp"", ""assets/렌터카_국내/tada/reference-012.webp"", ""assets/렌터카_국내/tada/reference-013.webp"", ""assets/렌터카_국내/tada/reference-014.webp"", ""assets/렌터카_국내/tada/reference-015.webp"", ""assets/렌터카_국내/tada/reference-016.webp"", ""assets/렌터카_국내/tada/reference-017.webp"", ""assets/렌터카_국내/tada/reference-018.webp"", ""assets/렌터카_국내/tada/reference-019.webp"", ""assets/렌터카_국내/tada/reference-020.webp"", ""assets/렌터카_국내/tada/reference-021.webp"", ""assets/렌터카_국내/tada/reference-022.webp"", ""assets/렌터카_국내/tada/reference-023.webp"", ""assets/렌터카_국내/tada/reference-024.webp"", ""assets/렌터카_국내/tada/reference-025.webp"", ""assets/렌터카_국내/tada/reference-026.webp"", ""assets/렌터카_국내/tada/reference-027.webp"", ""assets/렌터카_국내/tada/reference-028.webp"", ""assets/렌터카_국내/tada/reference-029.webp"", ""assets/렌터카_국내/tada/reference-030.webp"", ""assets/렌터카_국내/tada/reference-031.webp"", ""assets/렌터카_국내/tada/reference-032.webp"", ""assets/렌터카_국내/tada/reference-033.webp"", ""assets/렌터카_국내/tada/reference-034.webp"", ""assets/렌터카_국내/tada/reference-035.webp"", ""assets/렌터카_국내/tada/reference-036.webp"", ""assets/렌터카_국내/tada/reference-037.webp"", ""assets/렌터카_국내/tada/reference-038.webp"", ""assets/렌터카_국내/tada/reference-039.webp"", ""assets/렌터카_국내/tada/reference-040.webp"", ""assets/렌터카_국내/tada/reference-041.webp"", ""assets/렌터카_국내/tada/reference-042.webp"", ""assets/렌터카_국내/tada/reference-043.webp"", ""assets/렌터카_국내/tada/reference-044.webp"", ""assets/렌터카_국내/tada/reference-045.webp"", ""assets/렌터카_국내/tada/reference-046.webp"", ""assets/렌터카_국내/tada/reference-047.webp"", ""assets/렌터카_국내/tada/reference-048.webp"", ""assets/렌터카_국내/tada/reference-049.webp"", ""assets/렌터카_국내/tada/reference-050.webp"", ""assets/렌터카_국내/tada/reference-051.webp"", ""assets/렌터카_국내/tada/reference-052.webp"", ""assets/렌터카_국내/tada/reference-053.webp"", ""assets/렌터카_국내/tada/reference-054.webp"", ""assets/렌터카_국내/tada/reference-055.webp"", ""assets/렌터카_국내/tada/reference-056.webp"", ""assets/렌터카_국내/tada/reference-057.webp"", ""assets/렌터카_국내/tada/reference-058.webp"", ""assets/렌터카_국내/tada/reference-059.webp"", ""assets/렌터카_국내/tada/reference-060.webp"", ""assets/렌터카_국내/tada/reference-061.webp"", ""assets/렌터카_국내/tada/reference-062.webp"", ""assets/렌터카_국내/tada/reference-063.webp"", ""assets/렌터카_국내/tada/reference-064.webp"", ""assets/렌터카_국내/tada/reference-065.webp"", ""assets/렌터카_국내/tada/reference-066.webp"", ""assets/렌터카_국내/tada/reference-067.webp"", ""assets/렌터카_국내/tada/reference-068.webp"", ""assets/렌터카_국내/tada/reference-069.webp"", ""assets/렌터카_국내/tada/reference-070.webp"", ""assets/렌터카_국내/tada/reference-071.webp"", ""assets/렌터카_국내/tada/reference-072.webp"", ""assets/렌터카_국내/tada/reference-073.webp"", ""assets/렌터카_국내/tada/reference-074.webp"", ""assets/렌터카_국내/tada/reference-075.webp"", ""assets/렌터카_국내/tada/reference-076.webp"", ""assets/렌터카_국내/tada/reference-077.webp"", ""assets/렌터카_국내/tada/reference-078.webp"", ""assets/렌터카_국내/tada/reference-079.webp"", ""assets/렌터카_국내/tada/reference-080.webp"", ""assets/렌터카_국내/tada/reference-081.webp"", ""assets/렌터카_국내/tada/reference-082.webp"", ""assets/렌터카_국내/tada/reference-083.webp"", ""assets/렌터카_국내/tada/reference-084.webp"", ""assets/렌터카_국내/tada/reference-085.webp"", ""assets/렌터카_국내/tada/reference-086.webp"", ""assets/렌터카_국내/tada/reference-087.webp"", ""assets/렌터카_국내/tada/reference-088.webp"", ""assets/렌터카_국내/tada/reference-089.webp"", ""assets/렌터카_국내/tada/reference-090.webp"", ""assets/렌터카_국내/tada/reference-091.webp"", ""assets/렌터카_국내/tada/reference-092.webp"", ""assets/렌터카_국내/tada/reference-093.webp"", ""assets/렌터카_국내/tada/reference-094.webp"", ""assets/렌터카_국내/tada/reference-095.webp"", ""assets/렌터카_국내/tada/reference-096.webp"", ""assets/렌터카_국내/tada/reference-097.webp""]"
렌터카_국내,제주특별한렌트카,jeju-special-rentcar,https://www.jejusprent.com/RentTerms/Takeover.do,https://www.jejusprent.com/RentTerms/Takeover.do,제주 특별한 렌트카,200,,partial,,1,0,0,0,0,,0,0,0,0,0,0,0,[],[],[],[]
렌터카_글로벌,Hertz,hertz,https://www.hertz.com/,https://www.hertz.com/,허츠 렌터카,200,,complete,desktop:https://www.hertz.com/rentacar/misc/index.jsp?targetPage=truck_van_rental.jsp:HTTPError; mobile:https://www.hertz.com/rentacar/misc/index.jsp?targetPage=truck_van_rental.jsp:HTTPError; desktop:https://www.hertz.com/rentacar/rental-car-deals/best-rate:HTTPError; mobile:https://www.hertz.com/rentacar/rental-car-deals/best-rate:HTTPError; asset:https://www.hertz.com/misc/overlay/hertz-logo-black.png:HTTPError; asset:https://upload.wikimedia.org/wikipedia/commons/thumb/8/8f/Hertz_Logo.svg/200px-Hertz_Logo.svg.png:HTTPError; asset:https://www.hertz.com/assets/images/icons/map_marker.png:HTTPError,9,1,1,0,6,,14,12,12,16,36,68,68,"[""assets/렌터카_글로벌/hertz/logo-001.webp""]","[""assets/렌터카_글로벌/hertz/banner-001.webp""]",[],"[""assets/렌터카_글로벌/hertz/reference-001.svg"", ""assets/렌터카_글로벌/hertz/reference-002.svg"", ""assets/렌터카_글로벌/hertz/reference-003.svg"", ""assets/렌터카_글로벌/hertz/reference-004.svg"", ""assets/렌터카_글로벌/hertz/reference-005.svg"", ""assets/렌터카_글로벌/hertz/reference-006.webp""]"
렌터카_글로벌,Avis,avis,https://www.avis.com/,https://www.avis.com/,Car Rentals from Avis | Book Online & Save Now,200,,complete,asset:https://www.avis.com/en/help/usa-faqs/1:HTTPError; asset:https://www.avis.com/_next/static/chunks/-white_featured.png:HTTPError,38,4,4,1,28,,14,14,14,3,26,79,79,"[""assets/렌터카_글로벌/avis/logo-001.svg"", ""assets/렌터카_글로벌/avis/logo-002.webp"", ""assets/렌터카_글로벌/avis/logo-003.svg"", ""assets/렌터카_글로벌/avis/logo-004.png""]","[""assets/렌터카_글로벌/avis/banner-001.svg"", ""assets/렌터카_글로벌/avis/banner-002.svg"", ""assets/렌터카_글로벌/avis/banner-003.webp"", ""assets/렌터카_글로벌/avis/banner-004.webp""]","[""assets/렌터카_글로벌/avis/og.jpg""]","[""assets/렌터카_글로벌/avis/reference-001.webp"", ""assets/렌터카_글로벌/avis/reference-002.webp"", ""assets/렌터카_글로벌/avis/reference-003.webp"", ""assets/렌터카_글로벌/avis/reference-004.webp"", ""assets/렌터카_글로벌/avis/reference-005.webp"", ""assets/렌터카_글로벌/avis/reference-006.webp"", ""assets/렌터카_글로벌/avis/reference-007.webp"", ""assets/렌터카_글로벌/avis/reference-008.webp"", ""assets/렌터카_글로벌/avis/reference-009.webp"", ""assets/렌터카_글로벌/avis/reference-010.webp"", ""assets/렌터카_글로벌/avis/reference-011.webp"", ""assets/렌터카_글로벌/avis/reference-012.webp"", ""assets/렌터카_글로벌/avis/reference-013.webp"", ""assets/렌터카_글로벌/avis/reference-014.webp"", ""assets/렌터카_글로벌/avis/reference-015.webp"", ""assets/렌터카_글로벌/avis/reference-016.webp"", ""assets/렌터카_글로벌/avis/reference-017.webp"", ""assets/렌터카_글로벌/avis/reference-018.webp"", ""assets/렌터카_글로벌/avis/reference-019.webp"", ""assets/렌터카_글로벌/avis/reference-020.webp"", ""assets/렌터카_글로벌/avis/reference-021.webp"", ""assets/렌터카_글로벌/avis/reference-022.webp"", ""assets/렌터카_글로벌/avis/reference-023.webp"", ""assets/렌터카_글로벌/avis/reference-024.webp"", ""assets/렌터카_글로벌/avis/reference-025.svg"", ""assets/렌터카_글로벌/avis/reference-026.svg"", ""assets/렌터카_글로벌/avis/reference-027.svg"", ""assets/렌터카_글로벌/avis/reference-028.svg""]"
렌터카_글로벌,Budget,budget,https://www.budget.com/,https://www.budget.com/,Discount car rental rates and rental car deals | Budget Car Rental,200,,complete,asset:https://www.budget.com/reservationlib/clientlib/images/bus_stop.png:HTTPError; asset:https://www.budget.com/reservationlib/clientlib/images/shuttles.png:HTTPError; asset:https://www.budget.com/content/dam/avis/na/us/common/google-login-button-1x.png:HTTPError; asset:https://www.budget.com/etc/designs/budget/common/clientlib/fonts/Nunito-Sans/NunitoSans-Regular-400.ttf:HTTPError; asset:https://www.budget.com/etc/designs/budget/common/clientlib/fonts/Nunito-Sans/NunitoSans-ExtraBold-800.ttf:HTTPError; asset:https://www.budget.com/etc/designs/budget/common/clientlib/fonts/Nunito-Sans/NunitoSans-SemiBold-600.ttf:HTTPError; asset:https://www.budget.com/etc/designs/budget/common/clientlib/fonts/Nunito-Sans/NunitoSans-Black-900.ttf:HTTPError; asset:https://www.budget.com/etc/designs/budget/common/clientlib/fonts/Teko/Teko-Medium..woff:HTTPError; asset:https://www.budget.com/etc/designs/budget/home/clientlib/images/guided-res.png:HTTPError; asset:https://www.budget.com/etc/designs/budget/landingpagelib/clientlib/images/Contact-Background.png:HTTPError; asset:https://www.budget.com/etc/designs/budget/landingpagelib/images/pointer-tier-bg.png:HTTPError; asset:https://www.budget.com/etc/designs/budget/locationclientlib/images/pointer-tier-bg.png:HTTPError,75,2,34,0,38,,14,14,14,8,13,548,300,"[""assets/렌터카_글로벌/budget/logo-001.svg"", ""assets/렌터카_글로벌/budget/logo-002.png""]","[""assets/렌터카_글로벌/budget/banner-001.webp"", ""assets/렌터카_글로벌/budget/banner-002.webp"", ""assets/렌터카_글로벌/budget/banner-003.webp"", ""assets/렌터카_글로벌/budget/banner-004.webp"", ""assets/렌터카_글로벌/budget/banner-005.webp"", ""assets/렌터카_글로벌/budget/banner-006.webp"", ""assets/렌터카_글로벌/budget/banner-007.webp"", ""assets/렌터카_글로벌/budget/banner-008.webp"", ""assets/렌터카_글로벌/budget/banner-009.webp"", ""assets/렌터카_글로벌/budget/banner-010.webp"", ""assets/렌터카_글로벌/budget/banner-011.webp"", ""assets/렌터카_글로벌/budget/banner-012.webp"", ""assets/렌터카_글로벌/budget/banner-013.webp"", ""assets/렌터카_글로벌/budget/banner-014.webp"", ""assets/렌터카_글로벌/budget/banner-015.webp"", ""assets/렌터카_글로벌/budget/banner-016.webp"", ""assets/렌터카_글로벌/budget/banner-017.webp"", ""assets/렌터카_글로벌/budget/banner-018.webp"", ""assets/렌터카_글로벌/budget/banner-019.webp"", ""assets/렌터카_글로벌/budget/banner-020.webp"", ""assets/렌터카_글로벌/budget/banner-021.webp"", ""assets/렌터카_글로벌/budget/banner-022.webp"", ""assets/렌터카_글로벌/budget/banner-023.webp"", ""assets/렌터카_글로벌/budget/banner-024.webp"", ""assets/렌터카_글로벌/budget/banner-025.webp"", ""assets/렌터카_글로벌/budget/banner-026.webp"", ""assets/렌터카_글로벌/budget/banner-027.webp"", ""assets/렌터카_글로벌/budget/banner-028.webp"", ""assets/렌터카_글로벌/budget/banner-029.webp"", ""assets/렌터카_글로벌/budget/banner-030.webp"", ""assets/렌터카_글로벌/budget/banner-031.webp"", ""assets/렌터카_글로벌/budget/banner-032.webp"", ""assets/렌터카_글로벌/budget/banner-033.webp"", ""assets/렌터카_글로벌/budget/banner-034.webp""]",[],"[""assets/렌터카_글로벌/budget/reference-001.webp"", ""assets/렌터카_글로벌/budget/reference-002.webp"", ""assets/렌터카_글로벌/budget/reference-003.webp"", ""assets/렌터카_글로벌/budget/reference-004.webp"", ""assets/렌터카_글로벌/budget/reference-005.webp"", ""assets/렌터카_글로벌/budget/reference-006.webp"", ""assets/렌터카_글로벌/budget/reference-007.webp"", ""assets/렌터카_글로벌/budget/reference-008.webp"", ""assets/렌터카_글로벌/budget/reference-009.webp"", ""assets/렌터카_글로벌/budget/reference-010.webp"", ""assets/렌터카_글로벌/budget/reference-011.webp"", ""assets/렌터카_글로벌/budget/reference-012.webp"", ""assets/렌터카_글로벌/budget/reference-013.webp"", ""assets/렌터카_글로벌/budget/reference-014.webp"", ""assets/렌터카_글로벌/budget/reference-015.webp"", ""assets/렌터카_글로벌/budget/reference-016.webp"", ""assets/렌터카_글로벌/budget/reference-017.webp"", ""assets/렌터카_글로벌/budget/reference-018.webp"", ""assets/렌터카_글로벌/budget/reference-019.webp"", ""assets/렌터카_글로벌/budget/reference-020.webp"", ""assets/렌터카_글로벌/budget/reference-021.webp"", ""assets/렌터카_글로벌/budget/reference-022.webp"", ""assets/렌터카_글로벌/budget/reference-023.webp"", ""assets/렌터카_글로벌/budget/reference-024.webp"", ""assets/렌터카_글로벌/budget/reference-025.webp"", ""assets/렌터카_글로벌/budget/reference-026.webp"", ""assets/렌터카_글로벌/budget/reference-027.webp"", ""assets/렌터카_글로벌/budget/reference-028.webp"", ""assets/렌터카_글로벌/budget/reference-029.webp"", ""assets/렌터카_글로벌/budget/reference-030.webp"", ""assets/렌터카_글로벌/budget/reference-031.webp"", ""assets/렌터카_글로벌/budget/reference-032.webp"", ""assets/렌터카_글로벌/budget/reference-033.webp"", ""assets/렌터카_글로벌/budget/reference-034.webp"", ""assets/렌터카_글로벌/budget/reference-035.webp"", ""assets/렌터카_글로벌/budget/reference-036.webp"", ""assets/렌터카_글로벌/budget/reference-037.webp"", ""assets/렌터카_글로벌/budget/reference-038.webp""]"
렌터카_글로벌,Enterprise,enterprise,https://www.enterprise.com/,https://www.enterprise.com/,Car Rental with Great Rates & Service | Enterprise Rent-A-Car,browser,,partial,desktop:https://www.enterprise.com/:HTTPError; mobile:https://www.enterprise.com/:HTTPError,1,0,0,0,0,,1,0,0,0,0,0,0,[],[],[],[]
렌터카_글로벌,National,national,https://www.nationalcar.com/,https://www.nationalcar.com/,"Fast & Convenient Car Rental at 1,500+ Locations | National Car Rental",200,,complete,asset:https://www.nationalcar.com/logos/national_logo.svg:HTTPError; asset:https://www.nationalcar.com/logos/EN_NAT_WEB_HZ_BRP_reverse.png:HTTPError; asset:https://www.nationalcar.com/maps/icon-AIRPORT.svg:HTTPError; asset:https://www.nationalcar.com/maps/icon-AIRPORT-active.svg:HTTPError; asset:https://www.nationalcar.com/maps/icon-AIRPORT-pin.svg:HTTPError; asset:https://www.nationalcar.com/content/experience-fragments/national/ncr-us/en_us/banners/faq-banner/master/_jcr_content/root/teaser_copy.coreimg.82{.width}.png/1759928871668/contact-us.png:HTTPError; asset:https://www.nationalcar.com/content/dam/National/functional/fe/pngs/ad-choices.png:HTTPError; asset:https://www.nationalcar.com/content/dam/National/functional/fe/nl_homepage_EElite_burst.png:HTTPError; asset:https://www.nationalcar.com/content/dam/National/functional/fe/BeigeLoader.gif:HTTPError; asset:https://www.nationalcar.com/content/dam/National/functional/fe/icon-national-pin.png:HTTPError; asset:https://www.nationalcar.com/content/experience-fragments/national/ncr-us/en_us/footer/master/_jcr_content/root/footer_copy/footer/container_2068132413/container_1699542451/accordion/item_1717442161495/image.coreimg.82{.width}.png/1720170358033/download-on-the-app-store-badge-us-uk.png:HTTPError; asset:https://www.nationalcar.com/content/experience-fragments/national/ncr-us/en_us/footer/master/_jcr_content/root/footer_copy/footer/container_2068132413/container_1699542451/accordion/item_1717442161495/image_1523315376.coreimg.82{.width}.png/1717515535859/google-play-badge-us-uk.png:HTTPError,58,7,7,0,43,,14,13,13,5,8,520,300,"[""assets/렌터카_글로벌/national/logo-001.svg"", ""assets/렌터카_글로벌/national/logo-002.svg"", ""assets/렌터카_글로벌/national/logo-003.svg"", ""assets/렌터카_글로벌/national/logo-004.svg"", ""assets/렌터카_글로벌/national/logo-005.svg"", ""assets/렌터카_글로벌/national/logo-006.svg"", ""assets/렌터카_글로벌/national/logo-007.svg""]","[""assets/렌터카_글로벌/national/banner-001.webp"", ""assets/렌터카_글로벌/national/banner-002.webp"", ""assets/렌터카_글로벌/national/banner-003.svg"", ""assets/렌터카_글로벌/national/banner-004.webp"", ""assets/렌터카_글로벌/national/banner-005.webp"", ""assets/렌터카_글로벌/national/banner-006.webp"", ""assets/렌터카_글로벌/national/banner-007.webp""]",[],"[""assets/렌터카_글로벌/national/reference-001.webp"", ""assets/렌터카_글로벌/national/reference-002.webp"", ""assets/렌터카_글로벌/national/reference-003.webp"", ""assets/렌터카_글로벌/national/reference-004.webp"", ""assets/렌터카_글로벌/national/reference-005.webp"", ""assets/렌터카_글로벌/national/reference-006.webp"", ""assets/렌터카_글로벌/national/reference-007.webp"", ""assets/렌터카_글로벌/national/reference-008.webp"", ""assets/렌터카_글로벌/national/reference-009.webp"", ""assets/렌터카_글로벌/national/reference-010.webp"", ""assets/렌터카_글로벌/national/reference-011.webp"", ""assets/렌터카_글로벌/national/reference-012.webp"", ""assets/렌터카_글로벌/national/reference-013.webp"", ""assets/렌터카_글로벌/national/reference-014.webp"", ""assets/렌터카_글로벌/national/reference-015.webp"", ""assets/렌터카_글로벌/national/reference-016.webp"", ""assets/렌터카_글로벌/national/reference-017.webp"", ""assets/렌터카_글로벌/national/reference-018.webp"", ""assets/렌터카_글로벌/national/reference-019.webp"", ""assets/렌터카_글로벌/national/reference-020.webp"", ""assets/렌터카_글로벌/national/reference-021.webp"", ""assets/렌터카_글로벌/national/reference-022.webp"", ""assets/렌터카_글로벌/national/reference-023.webp"", ""assets/렌터카_글로벌/national/reference-024.webp"", ""assets/렌터카_글로벌/national/reference-025.webp"", ""assets/렌터카_글로벌/national/reference-026.webp"", ""assets/렌터카_글로벌/national/reference-027.webp"", ""assets/렌터카_글로벌/national/reference-028.webp"", ""assets/렌터카_글로벌/national/reference-029.webp"", ""assets/렌터카_글로벌/national/reference-030.webp"", ""assets/렌터카_글로벌/national/reference-031.webp"", ""assets/렌터카_글로벌/national/reference-032.webp"", ""assets/렌터카_글로벌/national/reference-033.webp"", ""assets/렌터카_글로벌/national/reference-034.webp"", ""assets/렌터카_글로벌/national/reference-035.webp"", ""assets/렌터카_글로벌/national/reference-036.webp"", ""assets/렌터카_글로벌/national/reference-037.svg"", ""assets/렌터카_글로벌/national/reference-038.svg"", ""assets/렌터카_글로벌/national/reference-039.webp"", ""assets/렌터카_글로벌/national/reference-040.webp"", ""assets/렌터카_글로벌/national/reference-041.webp"", ""assets/렌터카_글로벌/national/reference-042.webp"", ""assets/렌터카_글로벌/national/reference-043.webp""]"
렌터카_글로벌,Alamo,alamo,https://www.alamo.com/,https://www.alamo.com/,"Cheap Car Rental in the U.S., Latin America & More - Alamo Rent a Car",browser,,partial,desktop:https://www.alamo.com/:HTTPError; mobile:https://www.alamo.com/:HTTPError,1,0,0,0,0,,1,0,0,0,0,0,0,[],[],[],[]
렌터카_글로벌,Sixt,sixt,https://www.sixt.com/,https://www.sixt.com/,Premium Car Rental at affordable prices | SIXT rent a car,200,,partial,,76,0,13,1,61,,14,14,14,0,4,459,300,[],"[""assets/렌터카_글로벌/sixt/banner-001.webp"", ""assets/렌터카_글로벌/sixt/banner-002.webp"", ""assets/렌터카_글로벌/sixt/banner-003.webp"", ""assets/렌터카_글로벌/sixt/banner-004.webp"", ""assets/렌터카_글로벌/sixt/banner-005.webp"", ""assets/렌터카_글로벌/sixt/banner-006.webp"", ""assets/렌터카_글로벌/sixt/banner-007.webp"", ""assets/렌터카_글로벌/sixt/banner-008.webp"", ""assets/렌터카_글로벌/sixt/banner-009.webp"", ""assets/렌터카_글로벌/sixt/banner-010.webp"", ""assets/렌터카_글로벌/sixt/banner-011.webp"", ""assets/렌터카_글로벌/sixt/banner-012.webp"", ""assets/렌터카_글로벌/sixt/banner-013.webp""]","[""assets/렌터카_글로벌/sixt/og.webp""]","[""assets/렌터카_글로벌/sixt/reference-001.webp"", ""assets/렌터카_글로벌/sixt/reference-002.svg"", ""assets/렌터카_글로벌/sixt/reference-003.webp"", ""assets/렌터카_글로벌/sixt/reference-004.webp"", ""assets/렌터카_글로벌/sixt/reference-005.webp"", ""assets/렌터카_글로벌/sixt/reference-006.webp"", ""assets/렌터카_글로벌/sixt/reference-007.webp"", ""assets/렌터카_글로벌/sixt/reference-008.webp"", ""assets/렌터카_글로벌/sixt/reference-009.webp"", ""assets/렌터카_글로벌/sixt/reference-010.webp"", ""assets/렌터카_글로벌/sixt/reference-011.webp"", ""assets/렌터카_글로벌/sixt/reference-012.webp"", ""assets/렌터카_글로벌/sixt/reference-013.webp"", ""assets/렌터카_글로벌/sixt/reference-014.webp"", ""assets/렌터카_글로벌/sixt/reference-015.webp"", ""assets/렌터카_글로벌/sixt/reference-016.webp"", ""assets/렌터카_글로벌/sixt/reference-017.webp"", ""assets/렌터카_글로벌/sixt/reference-018.webp"", ""assets/렌터카_글로벌/sixt/reference-019.webp"", ""assets/렌터카_글로벌/sixt/reference-020.webp"", ""assets/렌터카_글로벌/sixt/reference-021.webp"", ""assets/렌터카_글로벌/sixt/reference-022.webp"", ""assets/렌터카_글로벌/sixt/reference-023.webp"", ""assets/렌터카_글로벌/sixt/reference-024.webp"", ""assets/렌터카_글로벌/sixt/reference-025.webp"", ""assets/렌터카_글로벌/sixt/reference-026.webp"", ""assets/렌터카_글로벌/sixt/reference-027.webp"", ""assets/렌터카_글로벌/sixt/reference-028.webp"", ""assets/렌터카_글로벌/sixt/reference-029.webp"", ""assets/렌터카_글로벌/sixt/reference-030.webp"", ""assets/렌터카_글로벌/sixt/reference-031.webp"", ""assets/렌터카_글로벌/sixt/reference-032.webp"", ""assets/렌터카_글로벌/sixt/reference-033.webp"", ""assets/렌터카_글로벌/sixt/reference-034.webp"", ""assets/렌터카_글로벌/sixt/reference-035.webp"", ""assets/렌터카_글로벌/sixt/reference-036.webp"", ""assets/렌터카_글로벌/sixt/reference-037.webp"", ""assets/렌터카_글로벌/sixt/reference-038.webp"", ""assets/렌터카_글로벌/sixt/reference-039.webp"", ""assets/렌터카_글로벌/sixt/reference-040.webp"", ""assets/렌터카_글로벌/sixt/reference-041.webp"", ""assets/렌터카_글로벌/sixt/reference-042.webp"", ""assets/렌터카_글로벌/sixt/reference-043.webp"", ""assets/렌터카_글로벌/sixt/reference-044.webp"", ""assets/렌터카_글로벌/sixt/reference-045.webp"", ""assets/렌터카_글로벌/sixt/reference-046.webp"", ""assets/렌터카_글로벌/sixt/reference-047.webp"", ""assets/렌터카_글로벌/sixt/reference-048.webp"", ""assets/렌터카_글로벌/sixt/reference-049.webp"", ""assets/렌터카_글로벌/sixt/reference-050.webp"", ""assets/렌터카_글로벌/sixt/reference-051.webp"", ""assets/렌터카_글로벌/sixt/reference-052.webp"", ""assets/렌터카_글로벌/sixt/reference-053.webp"", ""assets/렌터카_글로벌/sixt/reference-054.webp"", ""assets/렌터카_글로벌/sixt/reference-055.webp"", ""assets/렌터카_글로벌/sixt/reference-056.webp"", ""assets/렌터카_글로벌/sixt/reference-057.webp"", ""assets/렌터카_글로벌/sixt/reference-058.webp"", ""assets/렌터카_글로벌/sixt/reference-059.webp"", ""assets/렌터카_글로벌/sixt/reference-060.webp"", ""assets/렌터카_글로벌/sixt/reference-061.webp""]"
렌터카_글로벌,Europcar,europcar,https://www.europcar.com/,https://www.europcar.com/,Europcar: Rental Cars - Car Rental & Van Rental,200,,complete,asset:https://www.europcar.com/en-us/p/600:HTTPError; asset:https://www.europcar.com/en-us/p/car-rental/fleet/type/600:HTTPError; asset:https://www.europcar.com/600:HTTPError; asset:https://www.europcar.com/Europcar:HTTPError; asset:https://www.europcar.com/en-us/p/car-rental/600:HTTPError,40,2,16,4,17,,14,14,14,3,9,71,71,"[""assets/렌터카_글로벌/europcar/logo-001.svg"", ""assets/렌터카_글로벌/europcar/logo-002.svg""]","[""assets/렌터카_글로벌/europcar/banner-001.webp"", ""assets/렌터카_글로벌/europcar/banner-002.webp"", ""assets/렌터카_글로벌/europcar/banner-003.webp"", ""assets/렌터카_글로벌/europcar/banner-004.webp"", ""assets/렌터카_글로벌/europcar/banner-005.webp"", ""assets/렌터카_글로벌/europcar/banner-006.webp"", ""assets/렌터카_글로벌/europcar/banner-007.webp"", ""assets/렌터카_글로벌/europcar/banner-008.webp"", ""assets/렌터카_글로벌/europcar/banner-009.webp"", ""assets/렌터카_글로벌/europcar/banner-010.webp"", ""assets/렌터카_글로벌/europcar/banner-011.webp"", ""assets/렌터카_글로벌/europcar/banner-012.webp"", ""assets/렌터카_글로벌/europcar/banner-013.webp"", ""assets/렌터카_글로벌/europcar/banner-014.webp"", ""assets/렌터카_글로벌/europcar/banner-015.webp"", ""assets/렌터카_글로벌/europcar/banner-016.webp""]","[""assets/렌터카_글로벌/europcar/social-001.webp"", ""assets/렌터카_글로벌/europcar/social-002.webp"", ""assets/렌터카_글로벌/europcar/social-003.webp"", ""assets/렌터카_글로벌/europcar/og.jpg""]","[""assets/렌터카_글로벌/europcar/reference-001.webp"", ""assets/렌터카_글로벌/europcar/reference-002.webp"", ""assets/렌터카_글로벌/europcar/reference-003.webp"", ""assets/렌터카_글로벌/europcar/reference-004.webp"", ""assets/렌터카_글로벌/europcar/reference-005.webp"", ""assets/렌터카_글로벌/europcar/reference-006.webp"", ""assets/렌터카_글로벌/europcar/reference-007.webp"", ""assets/렌터카_글로벌/europcar/reference-008.webp"", ""assets/렌터카_글로벌/europcar/reference-009.webp"", ""assets/렌터카_글로벌/europcar/reference-010.webp"", ""assets/렌터카_글로벌/europcar/reference-011.webp"", ""assets/렌터카_글로벌/europcar/reference-012.webp"", ""assets/렌터카_글로벌/europcar/reference-013.webp"", ""assets/렌터카_글로벌/europcar/reference-014.svg"", ""assets/렌터카_글로벌/europcar/reference-015.webp"", ""assets/렌터카_글로벌/europcar/reference-016.webp"", ""assets/렌터카_글로벌/europcar/reference-017.webp""]"
렌터카_글로벌,Dollar,dollar,https://www.dollar.com/,https://www.dollar.com/,,browser,,complete,,22,3,9,0,9,,14,14,14,8,36,171,171,"[""assets/렌터카_글로벌/dollar/logo-001.svg"", ""assets/렌터카_글로벌/dollar/logo-002.webp"", ""assets/렌터카_글로벌/dollar/logo-003.png""]","[""assets/렌터카_글로벌/dollar/banner-001.webp"", ""assets/렌터카_글로벌/dollar/banner-002.webp"", ""assets/렌터카_글로벌/dollar/banner-003.webp"", ""assets/렌터카_글로벌/dollar/banner-004.webp"", ""assets/렌터카_글로벌/dollar/banner-005.webp"", ""assets/렌터카_글로벌/dollar/banner-006.webp"", ""assets/렌터카_글로벌/dollar/banner-007.webp"", ""assets/렌터카_글로벌/dollar/banner-008.webp"", ""assets/렌터카_글로벌/dollar/banner-009.webp""]",[],"[""assets/렌터카_글로벌/dollar/reference-001.webp"", ""assets/렌터카_글로벌/dollar/reference-002.webp"", ""assets/렌터카_글로벌/dollar/reference-003.webp"", ""assets/렌터카_글로벌/dollar/reference-004.webp"", ""assets/렌터카_글로벌/dollar/reference-005.webp"", ""assets/렌터카_글로벌/dollar/reference-006.webp"", ""assets/렌터카_글로벌/dollar/reference-007.webp"", ""assets/렌터카_글로벌/dollar/reference-008.webp"", ""assets/렌터카_글로벌/dollar/reference-009.webp""]"
렌터카_글로벌,Thrifty,thrifty,https://www.thrifty.com/,https://www.thrifty.com/,Deals on Car Rentals | Save with Thrifty,200,,partial,,11,3,0,1,6,,14,14,14,3,36,61,61,"[""assets/렌터카_글로벌/thrifty/logo-001.webp"", ""assets/렌터카_글로벌/thrifty/logo-002.webp"", ""assets/렌터카_글로벌/thrifty/logo-003.webp""]",[],"[""assets/렌터카_글로벌/thrifty/og.png""]","[""assets/렌터카_글로벌/thrifty/reference-001.webp"", ""assets/렌터카_글로벌/thrifty/reference-002.webp"", ""assets/렌터카_글로벌/thrifty/reference-003.webp"", ""assets/렌터카_글로벌/thrifty/reference-004.webp"", ""assets/렌터카_글로벌/thrifty/reference-005.webp"", ""assets/렌터카_글로벌/thrifty/reference-006.webp""]"
렌터카_글로벌,FOX Rent A Car,fox-rent-a-car,https://www.foxrentacar.com/,https://www.foxrentacar.com/,Rent A Car - Car Rental Deals and Discounts | Fox,browser,,partial,,1,0,0,0,0,,14,14,14,0,2,0,0,[],[],[],[]
렌터카_글로벌,Payless,payless,https://www.paylesscar.com/,https://www.paylesscar.com/,Get the Best Rental Cars at Discount Rates | Payless Rent a Car,200,,complete,asset:https://www.paylesscar.com/content/dam/payless/na/us/common/locations/General%20Info@2x.png:HTTPError; asset:https://www.paylesscar.com/content/dam/payless/na/us/common/locations/Type@2x.png:HTTPError; asset:https://www.paylesscar.com/etc/designs/payless/reservationlib/images/dropdownarrow.png:HTTPError; asset:https://www.paylesscar.com/etc/designs/payless/landingpagelib/clientlib/images/Contact-Background.png:HTTPError; asset:https://www.paylesscar.com/etc/designs/payless/reservationlib/clientlib/images/Circles_dealsdetails_yellow_mobile.png:HTTPError; asset:https://www.paylesscar.com/etc/designs/payless/landingpagelib/images/sr/emblem.png:HTTPError; asset:https://www.paylesscar.com/reservationlib/clientlib/images/image-unavailable.png:HTTPError; asset:https://www.paylesscar.com/clientlib/images/unavailable.png:HTTPError; asset:https://www.paylesscar.com/etc/designs/platform/myBuys.png:HTTPError; asset:https://www.paylesscar.com/etc/designs/platform/mostRecentIcon.png:HTTPError; asset:https://www.paylesscar.com/etc/clientcontext/shared/thumbnail/content.png:HTTPError; asset:https://www.paylesscar.com/contextstores/profiledata/resources/birthday_cake.png:HTTPError,18,1,4,2,10,,14,14,14,5,13,80,80,"[""assets/렌터카_글로벌/payless/logo-001.webp""]","[""assets/렌터카_글로벌/payless/banner-001.webp"", ""assets/렌터카_글로벌/payless/banner-002.webp"", ""assets/렌터카_글로벌/payless/banner-003.webp"", ""assets/렌터카_글로벌/payless/banner-004.webp""]","[""assets/렌터카_글로벌/payless/social-001.webp"", ""assets/렌터카_글로벌/payless/og.jpg""]","[""assets/렌터카_글로벌/payless/reference-001.webp"", ""assets/렌터카_글로벌/payless/reference-002.webp"", ""assets/렌터카_글로벌/payless/reference-003.webp"", ""assets/렌터카_글로벌/payless/reference-004.webp"", ""assets/렌터카_글로벌/payless/reference-005.webp"", ""assets/렌터카_글로벌/payless/reference-006.webp"", ""assets/렌터카_글로벌/payless/reference-007.webp"", ""assets/렌터카_글로벌/payless/reference-008.webp"", ""assets/렌터카_글로벌/payless/reference-009.webp"", ""assets/렌터카_글로벌/payless/reference-010.webp""]"
렌터카_글로벌,ACE Rent A Car,ace-rent-a-car,https://www.acerentacar.com/,https://www.acerentacar.com/,ACE Rent A Car: Affordable & Convenient | Discount Car Rental Rates In Over 50 Countries,200,,complete,asset:https://www.acerentacar.com/assets/licensee/Blue-Mountains2.png:HTTPError,38,2,3,0,32,,1,1,1,2,10,193,193,"[""assets/렌터카_글로벌/ace-rent-a-car/logo-001.png"", ""assets/렌터카_글로벌/ace-rent-a-car/logo-002.png""]","[""assets/렌터카_글로벌/ace-rent-a-car/banner-001.webp"", ""assets/렌터카_글로벌/ace-rent-a-car/banner-002.webp"", ""assets/렌터카_글로벌/ace-rent-a-car/banner-003.webp""]",[],"[""assets/렌터카_글로벌/ace-rent-a-car/reference-001.webp"", ""assets/렌터카_글로벌/ace-rent-a-car/reference-002.webp"", ""assets/렌터카_글로벌/ace-rent-a-car/reference-003.webp"", ""assets/렌터카_글로벌/ace-rent-a-car/reference-004.svg"", ""assets/렌터카_글로벌/ace-rent-a-car/reference-005.svg"", ""assets/렌터카_글로벌/ace-rent-a-car/reference-006.webp"", ""assets/렌터카_글로벌/ace-rent-a-car/reference-007.webp"", ""assets/렌터카_글로벌/ace-rent-a-car/reference-008.webp"", ""assets/렌터카_글로벌/ace-rent-a-car/reference-009.webp"", ""assets/렌터카_글로벌/ace-rent-a-car/reference-010.webp"", ""assets/렌터카_글로벌/ace-rent-a-car/reference-011.webp"", ""assets/렌터카_글로벌/ace-rent-a-car/reference-012.webp"", ""assets/렌터카_글로벌/ace-rent-a-car/reference-013.webp"", ""assets/렌터카_글로벌/ace-rent-a-car/reference-014.webp"", ""assets/렌터카_글로벌/ace-rent-a-car/reference-015.webp"", ""assets/렌터카_글로벌/ace-rent-a-car/reference-016.webp"", ""assets/렌터카_글로벌/ace-rent-a-car/reference-017.webp"", ""assets/렌터카_글로벌/ace-rent-a-car/reference-018.webp"", ""assets/렌터카_글로벌/ace-rent-a-car/reference-019.webp"", ""assets/렌터카_글로벌/ace-rent-a-car/reference-020.svg"", ""assets/렌터카_글로벌/ace-rent-a-car/reference-021.svg"", ""assets/렌터카_글로벌/ace-rent-a-car/reference-022.svg"", ""assets/렌터카_글로벌/ace-rent-a-car/reference-023.svg"", ""assets/렌터카_글로벌/ace-rent-a-car/reference-024.svg"", ""assets/렌터카_글로벌/ace-rent-a-car/reference-025.svg"", ""assets/렌터카_글로벌/ace-rent-a-car/reference-026.svg"", ""assets/렌터카_글로벌/ace-rent-a-car/reference-027.svg"", ""assets/렌터카_글로벌/ace-rent-a-car/reference-028.svg"", ""assets/렌터카_글로벌/ace-rent-a-car/reference-029.svg"", ""assets/렌터카_글로벌/ace-rent-a-car/reference-030.svg"", ""assets/렌터카_글로벌/ace-rent-a-car/reference-031.svg"", ""assets/렌터카_글로벌/ace-rent-a-car/reference-032.svg""]"
렌터카_글로벌,Advantage,advantage,https://www.advantage.com/,https://www.advantage.com/,Cheap Car Rentals | Advantage Rent a Car,200,,complete,asset:https://advantage.com/blog/rent-a-convertible/image/jpeg:HTTPError; asset:https://advantage.com/blog/rental-cars-for-road-trips/image/png:HTTPError; asset:https://advantage.com/blog/returning-rental-car-after-hours/image/jpeg:HTTPError; asset:https://advantage.com/blog/car-rental-hacks/image/jpeg:HTTPError; asset:https://advantage.com/blog/what-do-you-need-to-rent-a-car/image/jpeg:HTTPError; asset:https://advantage.com/blog/one-way-car-rental/image/jpeg:HTTPError; asset:https://advantage.com/blog/what-happens-crash-rental-car/image/jpeg:HTTPError; asset:https://rent.advantage.com/wp-content/uploads/2020/12/location-marker-2.svg:ConnectionError; asset:https://rent.advantage.com/wp-content/uploads/2020/12/calendar-1.svg:ConnectionError; asset:https://rent.advantage.com/wp-content/uploads/2020/12/clock-1.svg:ConnectionError; asset:https://advantage.com/hqdefault.jpg:HTTPError; asset:https://advantage.com/marker.png:HTTPError,25,2,1,13,8,,14,14,14,16,19,215,215,"[""assets/렌터카_글로벌/advantage/logo-001.webp"", ""assets/렌터카_글로벌/advantage/logo-002.png""]","[""assets/렌터카_글로벌/advantage/banner-001.webp""]","[""assets/렌터카_글로벌/advantage/social-001.webp"", ""assets/렌터카_글로벌/advantage/social-002.webp"", ""assets/렌터카_글로벌/advantage/social-003.webp"", ""assets/렌터카_글로벌/advantage/social-004.webp"", ""assets/렌터카_글로벌/advantage/social-005.webp"", ""assets/렌터카_글로벌/advantage/social-006.webp"", ""assets/렌터카_글로벌/advantage/social-007.webp"", ""assets/렌터카_글로벌/advantage/social-008.webp"", ""assets/렌터카_글로벌/advantage/social-009.webp"", ""assets/렌터카_글로벌/advantage/social-010.webp"", ""assets/렌터카_글로벌/advantage/social-011.webp"", ""assets/렌터카_글로벌/advantage/social-012.webp"", ""assets/렌터카_글로벌/advantage/social-013.webp""]","[""assets/렌터카_글로벌/advantage/reference-001.webp"", ""assets/렌터카_글로벌/advantage/reference-002.webp"", ""assets/렌터카_글로벌/advantage/reference-003.webp"", ""assets/렌터카_글로벌/advantage/reference-004.svg"", ""assets/렌터카_글로벌/advantage/reference-005.svg"", ""assets/렌터카_글로벌/advantage/reference-006.svg"", ""assets/렌터카_글로벌/advantage/reference-007.svg"", ""assets/렌터카_글로벌/advantage/reference-008.webp""]"
렌터카_글로벌,Green Motion,green-motion,https://greenmotion.com/,https://greenmotion.com/,Car Hire & Van Rental in the UK & Worldwide | Green Motion,200,,complete,asset:https://greenmotion.com/jp/images/favicon/apple-touch-icon.png:HTTPError; asset:https://greenmotion.com/jp/images/favicon/favicon-32x32.png:HTTPError; asset:https://greenmotion.com/jp/images/favicon/favicon-16x16.png:HTTPError; asset:https://greenmotion.com/jp/images/favicon/safari-pinned-tab.svg:HTTPError; asset:https://greenmotion.com/tr/images/favicon/apple-touch-icon.png:HTTPError; asset:https://greenmotion.com/tr/images/favicon/favicon-32x32.png:HTTPError; asset:https://greenmotion.com/tr/images/favicon/favicon-16x16.png:HTTPError; asset:https://greenmotion.com/tr/images/favicon/safari-pinned-tab.svg:HTTPError; asset:https://greenmotion.com/it/images/favicon/apple-touch-icon.png:HTTPError; asset:https://greenmotion.com/it/images/favicon/favicon-32x32.png:HTTPError; asset:https://greenmotion.com/it/images/favicon/favicon-16x16.png:HTTPError; asset:https://greenmotion.com/it/images/favicon/safari-pinned-tab.svg:HTTPError,85,15,27,2,40,,14,13,13,4,6,382,300,"[""assets/렌터카_글로벌/green-motion/logo-001.svg"", ""assets/렌터카_글로벌/green-motion/logo-002.webp"", ""assets/렌터카_글로벌/green-motion/logo-003.webp"", ""assets/렌터카_글로벌/green-motion/logo-004.webp"", ""assets/렌터카_글로벌/green-motion/logo-005.webp"", ""assets/렌터카_글로벌/green-motion/logo-006.webp"", ""assets/렌터카_글로벌/green-motion/logo-007.webp"", ""assets/렌터카_글로벌/green-motion/logo-008.webp"", ""assets/렌터카_글로벌/green-motion/logo-009.webp"", ""assets/렌터카_글로벌/green-motion/logo-010.webp"", ""assets/렌터카_글로벌/green-motion/logo-011.svg"", ""assets/렌터카_글로벌/green-motion/logo-012.svg"", ""assets/렌터카_글로벌/green-motion/logo-013.svg"", ""assets/렌터카_글로벌/green-motion/logo-014.webp"", ""assets/렌터카_글로벌/green-motion/logo-015.svg""]","[""assets/렌터카_글로벌/green-motion/banner-001.webp"", ""assets/렌터카_글로벌/green-motion/banner-002.webp"", ""assets/렌터카_글로벌/green-motion/banner-003.webp"", ""assets/렌터카_글로벌/green-motion/banner-004.webp"", ""assets/렌터카_글로벌/green-motion/banner-005.webp"", ""assets/렌터카_글로벌/green-motion/banner-006.webp"", ""assets/렌터카_글로벌/green-motion/banner-007.webp"", ""assets/렌터카_글로벌/green-motion/banner-008.webp"", ""assets/렌터카_글로벌/green-motion/banner-009.webp"", ""assets/렌터카_글로벌/green-motion/banner-010.webp"", ""assets/렌터카_글로벌/green-motion/banner-011.webp"", ""assets/렌터카_글로벌/green-motion/banner-012.webp"", ""assets/렌터카_글로벌/green-motion/banner-013.webp"", ""assets/렌터카_글로벌/green-motion/banner-014.webp"", ""assets/렌터카_글로벌/green-motion/banner-015.webp"", ""assets/렌터카_글로벌/green-motion/banner-016.webp"", ""assets/렌터카_글로벌/green-motion/banner-017.webp"", ""assets/렌터카_글로벌/green-motion/banner-018.webp"", ""assets/렌터카_글로벌/green-motion/banner-019.webp"", ""assets/렌터카_글로벌/green-motion/banner-020.webp"", ""assets/렌터카_글로벌/green-motion/banner-021.webp"", ""assets/렌터카_글로벌/green-motion/banner-022.webp"", ""assets/렌터카_글로벌/green-motion/banner-023.webp"", ""assets/렌터카_글로벌/green-motion/banner-024.webp"", ""assets/렌터카_글로벌/green-motion/banner-025.webp"", ""assets/렌터카_글로벌/green-motion/banner-026.webp"", ""assets/렌터카_글로벌/green-motion/banner-027.webp""]","[""assets/렌터카_글로벌/green-motion/social-001.webp"", ""assets/렌터카_글로벌/green-motion/og.jpg""]","[""assets/렌터카_글로벌/green-motion/reference-001.webp"", ""assets/렌터카_글로벌/green-motion/reference-002.webp"", ""assets/렌터카_글로벌/green-motion/reference-003.svg"", ""assets/렌터카_글로벌/green-motion/reference-004.svg"", ""assets/렌터카_글로벌/green-motion/reference-005.svg"", ""assets/렌터카_글로벌/green-motion/reference-006.svg"", ""assets/렌터카_글로벌/green-motion/reference-007.svg"", ""assets/렌터카_글로벌/green-motion/reference-008.svg"", ""assets/렌터카_글로벌/green-motion/reference-009.svg"", ""assets/렌터카_글로벌/green-motion/reference-010.svg"", ""assets/렌터카_글로벌/green-motion/reference-011.svg"", ""assets/렌터카_글로벌/green-motion/reference-012.svg"", ""assets/렌터카_글로벌/green-motion/reference-013.svg"", ""assets/렌터카_글로벌/green-motion/reference-014.svg"", ""assets/렌터카_글로벌/green-motion/reference-015.svg"", ""assets/렌터카_글로벌/green-motion/reference-016.svg"", ""assets/렌터카_글로벌/green-motion/reference-017.svg"", ""assets/렌터카_글로벌/green-motion/reference-018.svg"", ""assets/렌터카_글로벌/green-motion/reference-019.svg"", ""assets/렌터카_글로벌/green-motion/reference-020.svg"", ""assets/렌터카_글로벌/green-motion/reference-021.svg"", ""assets/렌터카_글로벌/green-motion/reference-022.webp"", ""assets/렌터카_글로벌/green-motion/reference-023.webp"", ""assets/렌터카_글로벌/green-motion/reference-024.svg"", ""assets/렌터카_국내/zzimcar/reference-005.svg"", ""assets/렌터카_글로벌/green-motion/reference-026.svg"", ""assets/렌터카_글로벌/green-motion/reference-027.webp"", ""assets/렌터카_글로벌/green-motion/reference-028.webp"", ""assets/렌터카_글로벌/green-motion/reference-029.webp"", ""assets/렌터카_글로벌/green-motion/reference-030.webp"", ""assets/렌터카_글로벌/green-motion/reference-031.webp"", ""assets/렌터카_글로벌/green-motion/reference-032.webp"", ""assets/렌터카_글로벌/green-motion/reference-033.webp"", ""assets/렌터카_글로벌/green-motion/reference-034.webp"", ""assets/렌터카_글로벌/green-motion/reference-035.webp"", ""assets/렌터카_글로벌/green-motion/reference-036.webp"", ""assets/렌터카_글로벌/green-motion/reference-037.webp"", ""assets/렌터카_글로벌/green-motion/reference-038.webp"", ""assets/렌터카_글로벌/green-motion/reference-039.webp"", ""assets/렌터카_글로벌/green-motion/reference-040.webp""]"
렌터카_글로벌,Goldcar,goldcar,https://www.goldcar.es/,https://www.goldcar.es/,Alquiler de coches baratos | Goldcar,200,,complete,asset:https://www.goldcar.es/assets/fonts/open-sans-v18-latin_greek-ext-300italic.woff:HTTPError; asset:https://www.goldcar.es/assets/fonts/open-sans-v18-latin_greek-ext-300italic.ttf:HTTPError; asset:https://www.goldcar.es/assets/fonts/open-sans-v18-latin_greek-ext-300italic.svg:HTTPError; asset:https://www.goldcar.es/assets/fonts/fontawesome-webfont.eot?v=3.2.1:HTTPError; asset:https://www.goldcar.es/assets/fonts/glyphicons-halflings-regular.eot:HTTPError; asset:https://www.goldcar.es/assets/fonts/glyphicons-halflings-regular.woff2:HTTPError; asset:https://www.goldcar.es/assets/fonts/glyphicons-halflings-regular.woff:HTTPError; asset:https://www.goldcar.es/assets/fonts/glyphicons-halflings-regular.ttf:HTTPError; asset:https://www.goldcar.es/assets/fonts/glyphicons-halflings-regular.svg:HTTPError; asset:https://www.goldcar.es/assets/img/extras/offer_AdditionalDriver_1_gr.jpg:HTTPError; asset:https://www.goldcar.es/assets/img/extras/offer_AdditionalDriver_1_ru.jpg:HTTPError; asset:https://www.goldcar.es/hqdefault.jpg:HTTPError,73,4,9,0,59,,14,14,14,7,8,284,284,"[""assets/렌터카_글로벌/goldcar/logo-001.svg"", ""assets/렌터카_글로벌/goldcar/logo-002.webp"", ""assets/렌터카_글로벌/goldcar/logo-003.png"", ""assets/렌터카_글로벌/goldcar/logo-004.webp""]","[""assets/렌터카_글로벌/goldcar/banner-001.webp"", ""assets/렌터카_글로벌/goldcar/banner-002.webp"", ""assets/렌터카_글로벌/goldcar/banner-003.webp"", ""assets/렌터카_글로벌/goldcar/banner-004.webp"", ""assets/렌터카_글로벌/goldcar/banner-005.webp"", ""assets/렌터카_글로벌/goldcar/banner-006.webp"", ""assets/렌터카_글로벌/goldcar/banner-007.webp"", ""assets/렌터카_글로벌/goldcar/banner-008.webp"", ""assets/렌터카_글로벌/goldcar/banner-009.webp""]",[],"[""assets/렌터카_글로벌/goldcar/reference-001.webp"", ""assets/렌터카_글로벌/goldcar/reference-002.webp"", ""assets/렌터카_글로벌/goldcar/reference-003.webp"", ""assets/렌터카_글로벌/goldcar/reference-004.webp"", ""assets/렌터카_글로벌/goldcar/reference-005.webp"", ""assets/렌터카_글로벌/goldcar/reference-006.webp"", ""assets/렌터카_글로벌/goldcar/reference-007.webp"", ""assets/렌터카_글로벌/goldcar/reference-008.webp"", ""assets/렌터카_글로벌/goldcar/reference-009.webp"", ""assets/렌터카_글로벌/goldcar/reference-010.webp"", ""assets/렌터카_글로벌/goldcar/reference-011.webp"", ""assets/렌터카_글로벌/goldcar/reference-012.webp"", ""assets/렌터카_글로벌/goldcar/reference-013.webp"", ""assets/렌터카_글로벌/goldcar/reference-014.webp"", ""assets/렌터카_글로벌/goldcar/reference-015.webp"", ""assets/렌터카_글로벌/goldcar/reference-016.webp"", ""assets/렌터카_글로벌/goldcar/reference-017.webp"", ""assets/렌터카_글로벌/goldcar/reference-018.webp"", ""assets/렌터카_글로벌/goldcar/reference-019.webp"", ""assets/렌터카_글로벌/goldcar/reference-020.webp"", ""assets/렌터카_글로벌/goldcar/reference-021.webp"", ""assets/렌터카_글로벌/goldcar/reference-022.webp"", ""assets/렌터카_글로벌/goldcar/reference-023.webp"", ""assets/렌터카_글로벌/goldcar/reference-024.webp"", ""assets/렌터카_글로벌/goldcar/reference-025.webp"", ""assets/렌터카_글로벌/goldcar/reference-026.webp"", ""assets/렌터카_글로벌/goldcar/reference-027.webp"", ""assets/렌터카_글로벌/goldcar/reference-028.webp"", ""assets/렌터카_글로벌/goldcar/reference-029.webp"", ""assets/렌터카_글로벌/goldcar/reference-030.svg"", ""assets/렌터카_글로벌/goldcar/reference-031.svg"", ""assets/렌터카_글로벌/goldcar/reference-032.svg"", ""assets/렌터카_글로벌/goldcar/reference-033.svg"", ""assets/렌터카_글로벌/goldcar/reference-034.svg"", ""assets/렌터카_글로벌/goldcar/reference-035.svg"", ""assets/렌터카_글로벌/goldcar/reference-036.svg"", ""assets/렌터카_글로벌/goldcar/reference-037.svg"", ""assets/렌터카_글로벌/goldcar/reference-038.svg"", ""assets/렌터카_글로벌/goldcar/reference-039.svg"", ""assets/렌터카_글로벌/goldcar/reference-040.svg"", ""assets/렌터카_글로벌/goldcar/reference-041.svg"", ""assets/렌터카_글로벌/goldcar/reference-042.svg"", ""assets/렌터카_글로벌/goldcar/reference-043.webp"", ""assets/렌터카_글로벌/goldcar/reference-044.webp"", ""assets/렌터카_글로벌/goldcar/reference-045.webp"", ""assets/렌터카_글로벌/goldcar/reference-046.webp"", ""assets/렌터카_글로벌/goldcar/reference-047.webp"", ""assets/렌터카_글로벌/goldcar/reference-048.webp"", ""assets/렌터카_글로벌/goldcar/reference-049.webp"", ""assets/렌터카_글로벌/goldcar/reference-050.webp"", ""assets/렌터카_글로벌/goldcar/reference-051.webp"", ""assets/렌터카_글로벌/goldcar/reference-052.webp"", ""assets/렌터카_글로벌/goldcar/reference-053.webp"", ""assets/렌터카_글로벌/goldcar/reference-054.webp"", ""assets/렌터카_글로벌/goldcar/reference-055.webp"", ""assets/렌터카_글로벌/goldcar/reference-056.webp"", ""assets/렌터카_글로벌/goldcar/reference-057.webp"", ""assets/렌터카_글로벌/goldcar/reference-058.webp"", ""assets/렌터카_글로벌/goldcar/reference-059.webp""]"
렌터카_글로벌,Routes Car Rental,routes-car-rental,https://routes.ca/,https://routes.ca/,Routes,200,,partial,,2,0,0,0,1,,2,2,2,3,1,16,16,[],[],[],"[""assets/렌터카_글로벌/routes-car-rental/reference-001.webp""]"
렌터카_글로벌,NextCar,nextcar,https://www.nextcarrental.com/,https://www.nextcarrental.com/,Nextcar - NextCar Rental,200,,complete,asset:https://npag.io//smsite/7/media/imgs/5594389_next-car-logo-white.png?r=0320155:HTTPError; asset:https://npag.io//smsite/7/media/imgs/5594389_next-car-logo-white.png?r=0164156:HTTPError; asset:https://npag.io//smsite/7/media/imgs/5594389_next-car-logo-white.png?r=098942:HTTPError; asset:https://npag.io//smsite/7/media/imgs/5594389_next-car-logo-white.png?r=0303044:HTTPError; asset:https://npag.io//smsite/7/media/imgs/5594389_next-car-logo-white.png?r=046660:HTTPError; asset:https://npag.io//smsite/7/media/imgs/5594389_next-car-logo-white.png?r=0792291:HTTPError; asset:https://www.nextcarrental.com/smsite/7/layout/lwp/WCSS/%22images%2Fui-icons_555555_256x240.png%22:HTTPError; asset:https://www.nextcarrental.com/smsite/7/layout/lwp/WCSS/%22images%2Fui-icons_777620_256x240.png%22:HTTPError; asset:https://www.nextcarrental.com/smsite/7/layout/lwp/WCSS/%22images%2Fui-icons_444444_256x240.png%22:HTTPError; asset:https://www.nextcarrental.com/smsite/7/layout/lwp/WCSS/%22images%2Fui-icons_cc0000_256x240.png%22:HTTPError; asset:https://www.nextcarrental.com/smsite/7/layout/lwp/WCSS/%22images%2Fui-icons_777777_256x240.png%22:HTTPError; asset:https://www.nextcarrental.com/smsite/7/layout/lwp/WCSS/%22images%2Fui-icons_ffffff_256x240.png%22:HTTPError,17,2,3,0,11,,14,14,14,15,16,97,97,"[""assets/렌터카_글로벌/nextcar/logo-001.png"", ""assets/렌터카_글로벌/nextcar/logo-002.png""]","[""assets/렌터카_글로벌/nextcar/banner-001.webp"", ""assets/렌터카_글로벌/nextcar/banner-002.webp"", ""assets/렌터카_글로벌/nextcar/banner-003.webp""]",[],"[""assets/렌터카_글로벌/nextcar/reference-001.webp"", ""assets/렌터카_글로벌/nextcar/reference-002.webp"", ""assets/렌터카_글로벌/nextcar/reference-003.webp"", ""assets/렌터카_글로벌/nextcar/reference-004.webp"", ""assets/렌터카_글로벌/nextcar/reference-005.webp"", ""assets/렌터카_글로벌/nextcar/reference-006.webp"", ""assets/렌터카_글로벌/nextcar/reference-007.webp"", ""assets/렌터카_글로벌/nextcar/reference-008.webp"", ""assets/렌터카_글로벌/nextcar/reference-009.webp"", ""assets/렌터카_글로벌/nextcar/reference-010.webp"", ""assets/렌터카_글로벌/nextcar/reference-011.webp""]"
렌터카_글로벌,U-Save,u-save,https://www.usave.com/,https://www.usave.com/,Car Rental & Truck Hire | Trusted & Affordable Service | U-Save,200,,complete,asset:https://usave.com/fi/images/brand/usave/favicon/favicon-32x32.png:HTTPError; asset:https://usave.com/fi/images/brand/usave/favicon/favicon-16x16.png:HTTPError; asset:https://usave.com/fi/images/brand/usave/favicon/safari-pinned-tab.svg:HTTPError; asset:https://usave.com/hr/images/brand/usave/favicon/apple-touch-icon.png:HTTPError; asset:https://usave.com/hr/images/brand/usave/favicon/favicon-32x32.png:HTTPError; asset:https://usave.com/hr/images/brand/usave/favicon/favicon-16x16.png:HTTPError; asset:https://usave.com/hr/images/brand/usave/favicon/safari-pinned-tab.svg:HTTPError; asset:https://usave.com/rs/images/brand/usave/favicon/apple-touch-icon.png:HTTPError; asset:https://usave.com/rs/images/brand/usave/favicon/favicon-32x32.png:HTTPError; asset:https://usave.com/rs/images/brand/usave/favicon/favicon-16x16.png:HTTPError; asset:https://usave.com/rs/images/brand/usave/favicon/safari-pinned-tab.svg:HTTPError; asset:https://www.facebook.com/tr?id=2150998762371080&ev=PageView&noscript=1:ValueError,62,37,7,0,17,,14,14,14,3,5,219,219,"[""assets/렌터카_글로벌/u-save/logo-001.svg"", ""assets/렌터카_글로벌/u-save/logo-002.webp"", ""assets/렌터카_글로벌/u-save/logo-003.webp"", ""assets/렌터카_글로벌/u-save/logo-004.svg"", ""assets/렌터카_글로벌/green-motion/reference-003.svg"", ""assets/렌터카_글로벌/u-save/logo-006.svg"", ""assets/렌터카_글로벌/green-motion/reference-004.svg"", ""assets/렌터카_글로벌/green-motion/reference-005.svg"", ""assets/렌터카_글로벌/u-save/logo-009.svg"", ""assets/렌터카_글로벌/green-motion/reference-006.svg"", ""assets/렌터카_글로벌/green-motion/reference-007.svg"", ""assets/렌터카_글로벌/u-save/logo-012.svg"", ""assets/렌터카_글로벌/u-save/logo-013.svg"", ""assets/렌터카_글로벌/green-motion/reference-008.svg"", ""assets/렌터카_글로벌/green-motion/reference-009.svg"", ""assets/렌터카_글로벌/green-motion/reference-010.svg"", ""assets/렌터카_글로벌/green-motion/reference-011.svg"", ""assets/렌터카_글로벌/green-motion/reference-012.svg"", ""assets/렌터카_글로벌/green-motion/reference-013.svg"", ""assets/렌터카_글로벌/green-motion/reference-014.svg"", ""assets/렌터카_글로벌/u-save/logo-021.svg"", ""assets/렌터카_글로벌/green-motion/reference-015.svg"", ""assets/렌터카_글로벌/green-motion/reference-016.svg"", ""assets/렌터카_글로벌/u-save/logo-024.svg"", ""assets/렌터카_글로벌/green-motion/reference-017.svg"", ""assets/렌터카_글로벌/u-save/logo-026.svg"", ""assets/렌터카_글로벌/green-motion/reference-018.svg"", ""assets/렌터카_글로벌/green-motion/reference-019.svg"", ""assets/렌터카_글로벌/green-motion/reference-020.svg"", ""assets/렌터카_글로벌/green-motion/reference-021.svg"", ""assets/렌터카_글로벌/u-save/logo-031.svg"", ""assets/렌터카_글로벌/u-save/logo-032.svg"", ""assets/렌터카_글로벌/u-save/logo-033.svg"", ""assets/렌터카_글로벌/u-save/logo-034.svg"", ""assets/렌터카_글로벌/u-save/logo-035.png"", ""assets/렌터카_글로벌/u-save/logo-036.png"", ""assets/렌터카_글로벌/u-save/logo-037.svg""]","[""assets/렌터카_글로벌/u-save/banner-001.webp"", ""assets/렌터카_글로벌/u-save/banner-002.webp"", ""assets/렌터카_글로벌/u-save/banner-003.webp"", ""assets/렌터카_글로벌/u-save/banner-004.webp"", ""assets/렌터카_글로벌/u-save/banner-005.webp"", ""assets/렌터카_글로벌/u-save/banner-006.webp"", ""assets/렌터카_글로벌/u-save/banner-007.webp""]",[],"[""assets/렌터카_글로벌/u-save/reference-001.webp"", ""assets/렌터카_글로벌/u-save/reference-002.svg"", ""assets/렌터카_글로벌/u-save/reference-003.webp"", ""assets/렌터카_글로벌/u-save/reference-004.webp"", ""assets/렌터카_글로벌/u-save/reference-005.webp"", ""assets/렌터카_글로벌/u-save/reference-006.webp"", ""assets/렌터카_글로벌/u-save/reference-007.webp"", ""assets/렌터카_글로벌/green-motion/reference-002.webp"", ""assets/렌터카_글로벌/u-save/reference-009.webp"", ""assets/렌터카_글로벌/u-save/reference-010.webp"", ""assets/렌터카_글로벌/u-save/reference-011.webp"", ""assets/렌터카_글로벌/u-save/reference-012.webp"", ""assets/렌터카_글로벌/u-save/reference-013.webp"", ""assets/렌터카_글로벌/u-save/reference-014.webp"", ""assets/렌터카_글로벌/u-save/reference-015.webp"", ""assets/렌터카_국내/zzimcar/reference-005.svg"", ""assets/렌터카_글로벌/green-motion/reference-026.svg""]"
렌터카_글로벌,Rent-A-Wreck,rent-a-wreck,https://www.rentawreck.com/,https://www.rentawreck.com/,"Cheap Car Rental Deals | Rental Cars from Rent-A-Wreck | 30 Years of Great Cars, Great Service! - Rent-A-Wreck",200,,complete,asset:https://www.facebook.com/tr?id=478446844418156&ev=PageView+&noscript=1:ValueError; asset:https://www.rentawreck.com/layout/global/WCSS/%22images%2Fui-icons_555555_256x240.png%22:HTTPError; asset:https://www.rentawreck.com/layout/global/WCSS/%22images%2Fui-icons_777620_256x240.png%22:HTTPError; asset:https://www.rentawreck.com/layout/global/WCSS/%22images%2Fui-icons_444444_256x240.png%22:HTTPError; asset:https://www.rentawreck.com/layout/global/WCSS/%22images%2Fui-icons_cc0000_256x240.png%22:HTTPError; asset:https://www.rentawreck.com/layout/global/WCSS/%22images%2Fui-icons_777777_256x240.png%22:HTTPError; asset:https://www.rentawreck.com/layout/global/WCSS/%22images%2Fui-icons_ffffff_256x240.png%22:HTTPError; asset:https://www.rentawreck.com/layout/global/PCSS/{img imgId='33_controls.png' path='1'}:HTTPError; asset:https://www.rentawreck.com/layout/global/PCSS/{img imgId='257_controls.png' path='1'}:HTTPError; asset:https://www.rentawreck.com/smweb/js/images/loading.gif:HTTPError,17,1,13,0,2,,14,14,14,10,15,40,40,"[""assets/렌터카_글로벌/rent-a-wreck/logo-001.png""]","[""assets/렌터카_글로벌/rent-a-wreck/banner-001.webp"", ""assets/렌터카_글로벌/rent-a-wreck/banner-002.webp"", ""assets/렌터카_글로벌/rent-a-wreck/banner-003.webp"", ""assets/렌터카_글로벌/rent-a-wreck/banner-004.webp"", ""assets/렌터카_글로벌/rent-a-wreck/banner-005.webp"", ""assets/렌터카_글로벌/rent-a-wreck/banner-006.webp"", ""assets/렌터카_글로벌/rent-a-wreck/banner-007.webp"", ""assets/렌터카_글로벌/rent-a-wreck/banner-008.webp"", ""assets/렌터카_글로벌/rent-a-wreck/banner-009.webp"", ""assets/렌터카_글로벌/rent-a-wreck/banner-010.webp"", ""assets/렌터카_글로벌/rent-a-wreck/banner-011.webp"", ""assets/렌터카_글로벌/rent-a-wreck/banner-012.webp"", ""assets/렌터카_글로벌/rent-a-wreck/banner-013.webp""]",[],"[""assets/렌터카_글로벌/rent-a-wreck/reference-001.webp"", ""assets/렌터카_글로벌/rent-a-wreck/reference-002.webp""]"
렌터카_글로벌,Zipcar,zipcar,https://www.zipcar.com/,https://www.zipcar.com/,잠시만 기다리십시오…,browser,,partial,desktop:https://www.zipcar.com/:HTTPError; mobile:https://www.zipcar.com/:HTTPError,1,0,0,0,0,,1,0,0,0,0,0,0,[],[],[],[]
렌터카_글로벌,Turo,turo,https://turo.com/,https://turo.com/,"Turo car rental marketplace | Car rentals, reimagined",200,,complete,asset:https://resources.turo.com/next-js/0.0.1/_next/static/chunks/assets/display/Turo-Go-Brand.svg:HTTPError; asset:https://resources.turo.com/next-js/0.0.1/_next/static/chunks/assets/display/Turo-Go-Locked-Brand.svg:HTTPError; asset:https://resources.turo.com/next-js/0.0.1/_next/static/chunks/assets/display/Turo-Go-Unlocked-Brand.svg:HTTPError; asset:https://resources.turo.com/next-js/0.0.1/_next/static/chunks/assets/display/USB-Audio-Brand.svg:HTTPError; asset:https://resources.turo.com/next-js/0.0.1/_next/static/chunks/assets/display/USB-Brand.svg:HTTPError; asset:https://resources.turo.com/next-js/0.0.1/_next/static/chunks/assets/display/USB-Charger-Brand.svg:HTTPError; asset:https://resources.turo.com/next-js/0.0.1/_next/static/chunks/assets/display/Webpage-Brand.svg:HTTPError; asset:https://resources.turo.com/next-js/0.0.1/_next/static/chunks/assets/display/Wheelchair-Brand.svg:HTTPError; asset:https://resources.turo.com/next-js/0.0.1/_next/static/chunks/assets/flags/Canada.svg:HTTPError; asset:https://resources.turo.com/next-js/0.0.1/_next/static/chunks/assets/flags/Great-Britain.svg:HTTPError; asset:https://resources.turo.com/next-js/0.0.1/_next/static/chunks/assets/flags/USA.svg:HTTPError; asset:https://resources.turo.com/next-js/0.0.1/_next/static/chunks/assets/vector-images/logo/Logo-Turo.svg:HTTPError,62,3,5,3,50,,14,7,7,0,36,679,300,"[""assets/렌터카_글로벌/turo/logo-001.png"", ""assets/렌터카_글로벌/turo/logo-002.png"", ""assets/렌터카_글로벌/turo/logo-003.png""]","[""assets/렌터카_글로벌/turo/banner-001.webp"", ""assets/렌터카_글로벌/turo/banner-002.webp"", ""assets/렌터카_글로벌/turo/banner-003.webp"", ""assets/렌터카_글로벌/turo/banner-004.webp"", ""assets/렌터카_글로벌/turo/banner-005.webp""]","[""assets/렌터카_글로벌/turo/social-001.webp"", ""assets/렌터카_글로벌/turo/social-002.webp"", ""assets/렌터카_글로벌/turo/og.png""]","[""assets/렌터카_글로벌/turo/reference-001.webp"", ""assets/렌터카_글로벌/turo/reference-002.webp"", ""assets/렌터카_글로벌/turo/reference-003.webp"", ""assets/렌터카_글로벌/turo/reference-004.webp"", ""assets/렌터카_글로벌/turo/reference-005.webp"", ""assets/렌터카_글로벌/turo/reference-006.webp"", ""assets/렌터카_글로벌/turo/reference-007.webp"", ""assets/렌터카_글로벌/turo/reference-008.webp"", ""assets/렌터카_글로벌/turo/reference-009.webp"", ""assets/렌터카_글로벌/turo/reference-010.webp"", ""assets/렌터카_글로벌/turo/reference-011.webp"", ""assets/렌터카_글로벌/turo/reference-012.webp"", ""assets/렌터카_글로벌/turo/reference-013.webp"", ""assets/렌터카_글로벌/turo/reference-014.webp"", ""assets/렌터카_글로벌/turo/reference-015.webp"", ""assets/렌터카_글로벌/turo/reference-016.webp"", ""assets/렌터카_글로벌/turo/reference-017.webp"", ""assets/렌터카_글로벌/turo/reference-018.webp"", ""assets/렌터카_글로벌/turo/reference-019.webp"", ""assets/렌터카_글로벌/turo/reference-020.webp"", ""assets/렌터카_글로벌/turo/reference-021.webp"", ""assets/렌터카_글로벌/turo/reference-022.webp"", ""assets/렌터카_글로벌/turo/reference-023.webp"", ""assets/렌터카_글로벌/turo/reference-024.webp"", ""assets/렌터카_글로벌/turo/reference-025.webp"", ""assets/렌터카_글로벌/turo/reference-026.webp"", ""assets/렌터카_글로벌/turo/reference-027.webp"", ""assets/렌터카_글로벌/turo/reference-028.webp"", ""assets/렌터카_글로벌/turo/reference-029.webp"", ""assets/렌터카_글로벌/turo/reference-030.webp"", ""assets/렌터카_글로벌/turo/reference-031.webp"", ""assets/렌터카_글로벌/turo/reference-032.webp"", ""assets/렌터카_글로벌/turo/reference-033.webp"", ""assets/렌터카_글로벌/turo/reference-034.webp"", ""assets/렌터카_글로벌/turo/reference-035.webp"", ""assets/렌터카_글로벌/turo/reference-036.webp"", ""assets/렌터카_글로벌/turo/reference-037.webp"", ""assets/렌터카_글로벌/turo/reference-038.webp"", ""assets/렌터카_글로벌/turo/reference-039.webp"", ""assets/렌터카_글로벌/turo/reference-040.webp"", ""assets/렌터카_글로벌/turo/reference-041.webp"", ""assets/렌터카_글로벌/turo/reference-042.webp"", ""assets/렌터카_글로벌/turo/reference-043.webp"", ""assets/렌터카_글로벌/turo/reference-044.webp"", ""assets/렌터카_글로벌/turo/reference-045.webp"", ""assets/렌터카_글로벌/turo/reference-046.webp"", ""assets/렌터카_글로벌/turo/reference-047.webp"", ""assets/렌터카_글로벌/turo/reference-048.webp"", ""assets/렌터카_글로벌/turo/reference-049.webp"", ""assets/렌터카_글로벌/turo/reference-050.webp""]"
렌터카_글로벌,Getaround,getaround,https://getaround.com/,https://getaround.com/,Local Car Hire and Carsharing - Getaround,200,,complete,asset:https://cobalt-assets.getaround.com/icons/loading.svg?compress=true:ConnectionError; asset:https://cobalt-assets.getaround.com/icons/chevron_down.svg?compress=true:ConnectionError; asset:https://cobalt-assets.getaround.com/icons/pin.svg?compress=true:ConnectionError; asset:https://cobalt-assets.getaround.com/icons/calendar_start.svg?compress=true:ConnectionError; asset:https://cobalt-assets.getaround.com/icons/arrow_right.svg?compress=true:ConnectionError; asset:https://cobalt-assets.getaround.com/icons/calendar_end.svg?compress=true:ConnectionError; asset:https://cobalt-assets.getaround.com/icons/star.svg?compress=true:ConnectionError; asset:https://cobalt-assets.getaround.com/icons/check_circle_filled.svg:ConnectionError,121,7,26,6,81,,14,14,14,5,36,1156,300,"[""assets/렌터카_글로벌/getaround/logo-001.svg"", ""assets/렌터카_글로벌/getaround/logo-002.svg"", ""assets/렌터카_글로벌/getaround/logo-003.svg"", ""assets/렌터카_글로벌/getaround/logo-004.svg"", ""assets/렌터카_글로벌/getaround/logo-005.svg"", ""assets/렌터카_글로벌/getaround/logo-006.png"", ""assets/렌터카_글로벌/getaround/logo-007.svg""]","[""assets/렌터카_글로벌/getaround/banner-001.svg"", ""assets/렌터카_글로벌/getaround/banner-002.svg"", ""assets/렌터카_글로벌/getaround/banner-003.svg"", ""assets/렌터카_글로벌/getaround/banner-004.svg"", ""assets/렌터카_글로벌/getaround/banner-005.webp"", ""assets/렌터카_글로벌/getaround/banner-006.webp"", ""assets/렌터카_글로벌/getaround/banner-007.webp"", ""assets/렌터카_글로벌/getaround/banner-008.webp"", ""assets/렌터카_글로벌/getaround/banner-009.webp"", ""assets/렌터카_글로벌/getaround/banner-010.webp"", ""assets/렌터카_글로벌/getaround/banner-011.webp"", ""assets/렌터카_글로벌/getaround/banner-012.svg"", ""assets/렌터카_글로벌/getaround/banner-013.webp"", ""assets/렌터카_글로벌/getaround/banner-014.webp"", ""assets/렌터카_글로벌/getaround/banner-015.webp"", ""assets/렌터카_글로벌/getaround/banner-016.webp"", ""assets/렌터카_글로벌/getaround/banner-017.webp"", ""assets/렌터카_글로벌/getaround/banner-018.webp"", ""assets/렌터카_글로벌/getaround/banner-019.webp"", ""assets/렌터카_글로벌/getaround/banner-020.webp"", ""assets/렌터카_글로벌/getaround/banner-021.webp"", ""assets/렌터카_글로벌/getaround/banner-022.webp"", ""assets/렌터카_글로벌/getaround/banner-023.webp"", ""assets/렌터카_글로벌/getaround/banner-024.webp"", ""assets/렌터카_글로벌/getaround/banner-025.webp"", ""assets/렌터카_글로벌/getaround/banner-026.svg""]","[""assets/렌터카_글로벌/getaround/social-001.webp"", ""assets/렌터카_글로벌/getaround/social-002.webp"", ""assets/렌터카_글로벌/getaround/social-003.webp"", ""assets/렌터카_글로벌/getaround/social-004.webp"", ""assets/렌터카_글로벌/getaround/social-005.webp"", ""assets/렌터카_글로벌/getaround/og.jpg""]","[""assets/렌터카_글로벌/getaround/reference-001.svg"", ""assets/렌터카_글로벌/getaround/reference-002.svg"", ""assets/렌터카_글로벌/getaround/reference-003.svg"", ""assets/렌터카_글로벌/getaround/reference-004.webp"", ""assets/렌터카_글로벌/getaround/reference-005.webp"", ""assets/렌터카_글로벌/getaround/reference-006.webp"", ""assets/렌터카_글로벌/getaround/reference-007.webp"", ""assets/렌터카_글로벌/getaround/reference-008.webp"", ""assets/렌터카_글로벌/getaround/reference-009.webp"", ""assets/렌터카_글로벌/getaround/reference-010.webp"", ""assets/렌터카_글로벌/getaround/reference-011.webp"", ""assets/렌터카_글로벌/getaround/reference-012.webp"", ""assets/렌터카_글로벌/getaround/reference-013.webp"", ""assets/렌터카_글로벌/getaround/reference-014.webp"", ""assets/렌터카_글로벌/getaround/reference-015.webp"", ""assets/렌터카_글로벌/getaround/reference-016.webp"", ""assets/렌터카_글로벌/getaround/reference-017.webp"", ""assets/렌터카_글로벌/getaround/reference-018.webp"", ""assets/렌터카_글로벌/getaround/reference-019.webp"", ""assets/렌터카_글로벌/getaround/reference-020.webp"", ""assets/렌터카_글로벌/getaround/reference-021.webp"", ""assets/렌터카_글로벌/getaround/reference-022.webp"", ""assets/렌터카_글로벌/getaround/reference-023.webp"", ""assets/렌터카_글로벌/getaround/reference-024.webp"", ""assets/렌터카_글로벌/getaround/reference-025.webp"", ""assets/렌터카_글로벌/getaround/reference-026.webp"", ""assets/렌터카_글로벌/getaround/reference-027.webp"", ""assets/렌터카_글로벌/getaround/reference-028.webp"", ""assets/렌터카_글로벌/getaround/reference-029.webp"", ""assets/렌터카_글로벌/getaround/reference-030.webp"", ""assets/렌터카_글로벌/getaround/reference-031.svg"", ""assets/렌터카_글로벌/getaround/reference-032.webp"", ""assets/렌터카_글로벌/getaround/reference-033.webp"", ""assets/렌터카_글로벌/getaround/reference-034.webp"", ""assets/렌터카_글로벌/getaround/reference-035.webp"", ""assets/렌터카_글로벌/getaround/reference-036.webp"", ""assets/렌터카_글로벌/getaround/reference-037.webp"", ""assets/렌터카_글로벌/getaround/reference-038.webp"", ""assets/렌터카_글로벌/getaround/reference-039.webp"", ""assets/렌터카_글로벌/getaround/reference-040.webp"", ""assets/렌터카_글로벌/getaround/reference-041.webp"", ""assets/렌터카_글로벌/getaround/reference-042.webp"", ""assets/렌터카_글로벌/getaround/reference-043.svg"", ""assets/렌터카_글로벌/getaround/reference-044.svg"", ""assets/렌터카_글로벌/getaround/reference-045.svg"", ""assets/렌터카_글로벌/getaround/reference-046.svg"", ""assets/렌터카_글로벌/getaround/reference-047.svg"", ""assets/렌터카_글로벌/getaround/favicon.png"", ""assets/렌터카_글로벌/getaround/reference-049.svg"", ""assets/렌터카_글로벌/getaround/reference-050.svg"", ""assets/렌터카_글로벌/getaround/reference-051.svg"", ""assets/렌터카_글로벌/getaround/reference-052.svg"", ""assets/렌터카_글로벌/getaround/reference-053.svg"", ""assets/렌터카_글로벌/getaround/reference-054.svg"", ""assets/렌터카_글로벌/getaround/reference-055.svg"", ""assets/렌터카_글로벌/getaround/reference-056.svg"", ""assets/렌터카_글로벌/getaround/reference-057.svg"", ""assets/렌터카_글로벌/getaround/reference-058.svg"", ""assets/렌터카_글로벌/getaround/reference-059.webp"", ""assets/렌터카_글로벌/getaround/reference-060.webp"", ""assets/렌터카_글로벌/getaround/reference-061.webp"", ""assets/렌터카_글로벌/getaround/reference-062.webp"", ""assets/렌터카_글로벌/getaround/reference-063.webp"", ""assets/렌터카_글로벌/getaround/reference-064.webp"", ""assets/렌터카_글로벌/getaround/reference-065.webp"", ""assets/렌터카_글로벌/getaround/reference-066.webp"", ""assets/렌터카_글로벌/getaround/reference-067.webp"", ""assets/렌터카_글로벌/getaround/reference-068.webp"", ""assets/렌터카_글로벌/getaround/reference-069.webp"", ""assets/렌터카_글로벌/getaround/reference-070.webp"", ""assets/렌터카_글로벌/getaround/reference-071.webp"", ""assets/렌터카_글로벌/getaround/reference-072.webp"", ""assets/렌터카_글로벌/getaround/reference-073.webp"", ""assets/렌터카_글로벌/getaround/reference-074.svg"", ""assets/렌터카_글로벌/getaround/reference-075.svg"", ""assets/렌터카_글로벌/getaround/reference-076.webp"", ""assets/렌터카_글로벌/getaround/reference-077.webp"", ""assets/렌터카_글로벌/getaround/reference-078.webp"", ""assets/렌터카_글로벌/getaround/reference-079.svg"", ""assets/렌터카_글로벌/getaround/reference-080.svg"", ""assets/렌터카_글로벌/getaround/reference-081.webp""]"
렌터카_글로벌,Rentalcars.com,rentalcars,https://www.rentalcars.com/,https://www.rentalcars.com/,"저렴한 가격 렌트카, 비교 렌터카 가격 - Rentalcars.com",200,,complete,,17,15,1,0,0,,14,14,14,6,0,18,18,"[""assets/렌터카_글로벌/rentalcars/logo-001.svg"", ""assets/렌터카_글로벌/rentalcars/logo-002.svg"", ""assets/렌터카_글로벌/rentalcars/logo-003.webp"", ""assets/렌터카_글로벌/rentalcars/logo-004.webp"", ""assets/렌터카_글로벌/rentalcars/logo-005.png"", ""assets/렌터카_글로벌/rentalcars/logo-006.webp"", ""assets/렌터카_글로벌/rentalcars/logo-007.webp"", ""assets/렌터카_글로벌/rentalcars/logo-008.webp"", ""assets/렌터카_글로벌/rentalcars/logo-009.webp"", ""assets/렌터카_글로벌/rentalcars/logo-010.webp"", ""assets/렌터카_글로벌/rentalcars/logo-011.webp"", ""assets/렌터카_글로벌/rentalcars/logo-012.webp"", ""assets/렌터카_글로벌/rentalcars/logo-013.webp"", ""assets/렌터카_글로벌/rentalcars/logo-014.webp"", ""assets/렌터카_글로벌/rentalcars/logo-015.webp""]","[""assets/렌터카_글로벌/rentalcars/banner-001.webp""]",[],[]
렌터카_글로벌,DiscoverCars,discovercars,https://www.discovercars.com/,https://www.discovercars.com/,"Best Car Rental Deals with Free Cancellation, Compare & Save! | Discover Cars",200,,complete,asset:https://www.discovercars.com/Save up to 70% by comparing the best car rental deals from 1000+ suppliers in 10000+ locations worldwide and FREE Cancellation. Our 24/7 customer support speaks your language!:HTTPError; asset:https://c78.travelpayouts.com/pixel.png?type=lead:ValueError,116,89,1,3,22,,14,14,14,28,36,332,300,"[""assets/렌터카_글로벌/discovercars/logo-001.svg"", ""assets/렌터카_글로벌/discovercars/logo-002.svg"", ""assets/렌터카_글로벌/discovercars/logo-003.svg"", ""assets/렌터카_글로벌/discovercars/logo-004.png"", ""assets/렌터카_글로벌/discovercars/logo-005.png"", ""assets/렌터카_글로벌/discovercars/logo-006.svg"", ""assets/렌터카_글로벌/discovercars/logo-007.png"", ""assets/렌터카_글로벌/discovercars/logo-008.png"", ""assets/렌터카_글로벌/discovercars/logo-009.png"", ""assets/렌터카_글로벌/discovercars/logo-010.png"", ""assets/렌터카_글로벌/discovercars/logo-011.png"", ""assets/렌터카_글로벌/discovercars/logo-012.png"", ""assets/렌터카_글로벌/discovercars/logo-013.png"", ""assets/렌터카_글로벌/discovercars/logo-014.png"", ""assets/렌터카_글로벌/discovercars/logo-015.png"", ""assets/렌터카_글로벌/discovercars/logo-016.png"", ""assets/렌터카_글로벌/discovercars/logo-017.png"", ""assets/렌터카_글로벌/discovercars/logo-018.png"", ""assets/렌터카_글로벌/discovercars/logo-019.png"", ""assets/렌터카_글로벌/discovercars/logo-020.svg"", ""assets/렌터카_글로벌/discovercars/logo-021.png"", ""assets/렌터카_글로벌/discovercars/logo-022.png"", ""assets/렌터카_글로벌/discovercars/logo-023.png"", ""assets/렌터카_글로벌/discovercars/logo-024.png"", ""assets/렌터카_글로벌/discovercars/logo-025.png"", ""assets/렌터카_글로벌/discovercars/logo-026.png"", ""assets/렌터카_글로벌/discovercars/logo-027.png"", ""assets/렌터카_글로벌/discovercars/logo-028.png"", ""assets/렌터카_글로벌/discovercars/logo-029.png"", ""assets/렌터카_글로벌/discovercars/logo-030.png"", ""assets/렌터카_글로벌/discovercars/logo-031.png"", ""assets/렌터카_글로벌/discovercars/logo-032.png"", ""assets/렌터카_글로벌/discovercars/logo-033.png"", ""assets/렌터카_글로벌/discovercars/logo-034.png"", ""assets/렌터카_글로벌/discovercars/logo-035.png"", ""assets/렌터카_글로벌/discovercars/logo-036.png"", ""assets/렌터카_글로벌/discovercars/logo-037.png"", ""assets/렌터카_글로벌/discovercars/logo-038.png"", ""assets/렌터카_글로벌/discovercars/logo-039.png"", ""assets/렌터카_글로벌/discovercars/logo-040.png"", ""assets/렌터카_글로벌/discovercars/logo-041.png"", ""assets/렌터카_글로벌/discovercars/logo-042.png"", ""assets/렌터카_글로벌/discovercars/logo-043.png"", ""assets/렌터카_글로벌/discovercars/logo-044.png"", ""assets/렌터카_글로벌/discovercars/logo-045.png"", ""assets/렌터카_글로벌/discovercars/logo-046.png"", ""assets/렌터카_글로벌/discovercars/logo-047.png"", ""assets/렌터카_글로벌/discovercars/logo-048.png"", ""assets/렌터카_글로벌/discovercars/logo-049.png"", ""assets/렌터카_글로벌/discovercars/logo-050.png"", ""assets/렌터카_글로벌/discovercars/logo-051.png"", ""assets/렌터카_글로벌/discovercars/logo-052.png"", ""assets/렌터카_글로벌/discovercars/logo-053.png"", ""assets/렌터카_글로벌/discovercars/logo-054.png"", ""assets/렌터카_글로벌/discovercars/logo-055.png"", ""assets/렌터카_글로벌/discovercars/logo-056.png"", ""assets/렌터카_글로벌/discovercars/logo-057.png"", ""assets/렌터카_글로벌/discovercars/logo-058.png"", ""assets/렌터카_글로벌/discovercars/logo-059.png"", ""assets/렌터카_글로벌/discovercars/logo-060.png"", ""assets/렌터카_글로벌/discovercars/logo-061.png"", ""assets/렌터카_글로벌/discovercars/logo-062.png"", ""assets/렌터카_글로벌/discovercars/logo-063.png"", ""assets/렌터카_글로벌/discovercars/logo-064.svg"", ""assets/렌터카_글로벌/discovercars/logo-065.png"", ""assets/렌터카_글로벌/discovercars/logo-066.svg"", ""assets/렌터카_글로벌/discovercars/logo-067.svg"", ""assets/렌터카_글로벌/discovercars/logo-068.svg"", ""assets/렌터카_글로벌/discovercars/logo-069.png"", ""assets/렌터카_글로벌/discovercars/logo-070.png"", ""assets/렌터카_글로벌/discovercars/logo-071.png"", ""assets/렌터카_글로벌/discovercars/logo-072.png"", ""assets/렌터카_글로벌/discovercars/logo-073.png"", ""assets/렌터카_글로벌/discovercars/logo-074.png"", ""assets/렌터카_글로벌/discovercars/logo-075.png"", ""assets/렌터카_글로벌/discovercars/logo-076.png"", ""assets/렌터카_글로벌/discovercars/logo-077.png"", ""assets/렌터카_글로벌/discovercars/logo-078.png"", ""assets/렌터카_글로벌/discovercars/logo-079.png"", ""assets/렌터카_글로벌/discovercars/logo-080.png"", ""assets/렌터카_글로벌/discovercars/logo-081.png"", ""assets/렌터카_글로벌/discovercars/logo-082.png"", ""assets/렌터카_글로벌/discovercars/logo-083.png"", ""assets/렌터카_글로벌/discovercars/logo-084.png"", ""assets/렌터카_글로벌/discovercars/logo-085.png"", ""assets/렌터카_글로벌/discovercars/logo-086.png"", ""assets/렌터카_글로벌/discovercars/logo-087.png"", ""assets/렌터카_글로벌/discovercars/logo-088.png"", ""assets/렌터카_글로벌/discovercars/logo-089.png""]","[""assets/렌터카_글로벌/discovercars/banner-001.webp""]","[""assets/렌터카_글로벌/discovercars/social-001.webp"", ""assets/렌터카_글로벌/discovercars/social-002.webp"", ""assets/렌터카_글로벌/discovercars/og.jpg""]","[""assets/렌터카_글로벌/discovercars/reference-001.webp"", ""assets/렌터카_글로벌/discovercars/reference-002.svg"", ""assets/렌터카_글로벌/discovercars/reference-003.webp"", ""assets/렌터카_글로벌/discovercars/reference-004.webp"", ""assets/렌터카_글로벌/discovercars/reference-005.svg"", ""assets/렌터카_글로벌/discovercars/reference-006.svg"", ""assets/렌터카_글로벌/discovercars/reference-007.webp"", ""assets/렌터카_글로벌/discovercars/reference-008.webp"", ""assets/렌터카_글로벌/discovercars/reference-009.svg"", ""assets/렌터카_글로벌/discovercars/reference-010.svg"", ""assets/렌터카_글로벌/discovercars/reference-011.svg"", ""assets/렌터카_글로벌/discovercars/reference-012.webp"", ""assets/렌터카_글로벌/discovercars/reference-013.svg"", ""assets/렌터카_글로벌/discovercars/reference-014.svg"", ""assets/렌터카_글로벌/discovercars/reference-015.webp"", ""assets/렌터카_글로벌/discovercars/reference-016.webp"", ""assets/렌터카_글로벌/discovercars/reference-017.webp"", ""assets/렌터카_글로벌/discovercars/reference-018.webp"", ""assets/렌터카_글로벌/discovercars/reference-019.webp"", ""assets/렌터카_글로벌/discovercars/reference-020.webp"", ""assets/렌터카_글로벌/discovercars/reference-021.webp"", ""assets/렌터카_글로벌/discovercars/reference-022.webp""]"
렌터카_글로벌,CarTrawler,cartrawler,https://www.cartrawler.com/,https://www.cartrawler.com/,B2B Car Rental & Mobility Solutions for the Travel Industry - CarTrawler,200,,complete,asset:https://corporate.cartrawler.com/wp-content/plugins/cool-timeline-pro/assets/css/fonts/slick.ttf:HTTPError; asset:https://corporate.cartrawler.com/wp-content/plugins/cool-timeline-pro/assets/css/fonts/slick.svg:HTTPError; asset:https://corporate.cartrawler.com/wp-content/uploads/2022/01/Travix-2.png:HTTPError; asset:https://corporate.cartrawler.com/wp-content/uploads/2022/01/Alaska-United.png:HTTPError; asset:https://corporate.cartrawler.com/wp-content/uploads/2022/01/Swiss-Eurowings.png:HTTPError; asset:https://corporate.cartrawler.com/wp-content/uploads/2022/01/AmericanExpress-Wizz.png:HTTPError; asset:https://corporate.cartrawler.com/wp-content/uploads/2022/01/Travix-Westjet.png:HTTPError; asset:https://corporate.cartrawler.com/wp-content/uploads/2026/05/SOUTHWEST-e1779711207621-768x512.avif:HTTPError; asset:https://corporate.cartrawler.com/wp-content/uploads/2026/05/Compass_static-image-1920-x-1080-px-768x512.png:HTTPError; asset:https://corporate.cartrawler.com/wp-content/uploads/2022/01/CT-┬aIcon-Integration-Deep-Sky-Mint-RGB-┬aLarge.png:HTTPError; asset:https://corporate.cartrawler.com/wp-content/uploads/2022/01/CT-┬aIcon-CRM-Deep-Sky-Mint-RGB-┬aLarge.png:HTTPError; asset:https://corporate.cartrawler.com/wp-content/uploads/2023/09/keyngov1.png:HTTPError,59,5,3,1,49,,14,14,14,24,30,277,277,"[""assets/렌터카_글로벌/cartrawler/logo-001.svg"", ""assets/렌터카_글로벌/cartrawler/logo-002.png"", ""assets/렌터카_글로벌/cartrawler/logo-003.webp"", ""assets/렌터카_글로벌/cartrawler/logo-004.png"", ""assets/렌터카_글로벌/cartrawler/logo-005.png""]","[""assets/렌터카_글로벌/cartrawler/banner-001.webp"", ""assets/렌터카_글로벌/cartrawler/banner-002.webp"", ""assets/렌터카_글로벌/cartrawler/banner-003.webp""]","[""assets/렌터카_글로벌/cartrawler/og.webp""]","[""assets/렌터카_글로벌/cartrawler/reference-001.webp"", ""assets/렌터카_글로벌/cartrawler/reference-002.webp"", ""assets/렌터카_글로벌/cartrawler/reference-003.webp"", ""assets/렌터카_글로벌/cartrawler/reference-004.webp"", ""assets/렌터카_글로벌/cartrawler/reference-005.webp"", ""assets/렌터카_글로벌/cartrawler/reference-006.webp"", ""assets/렌터카_글로벌/cartrawler/reference-007.webp"", ""assets/렌터카_글로벌/cartrawler/reference-008.webp"", ""assets/렌터카_글로벌/cartrawler/reference-009.webp"", ""assets/렌터카_글로벌/cartrawler/reference-010.webp"", ""assets/렌터카_글로벌/cartrawler/reference-011.webp"", ""assets/렌터카_글로벌/cartrawler/reference-012.webp"", ""assets/렌터카_글로벌/cartrawler/reference-013.webp"", ""assets/렌터카_글로벌/cartrawler/reference-014.webp"", ""assets/렌터카_글로벌/cartrawler/reference-015.webp"", ""assets/렌터카_글로벌/cartrawler/reference-016.webp"", ""assets/렌터카_글로벌/cartrawler/reference-017.webp"", ""assets/렌터카_글로벌/cartrawler/reference-018.webp"", ""assets/렌터카_글로벌/cartrawler/reference-019.webp"", ""assets/렌터카_글로벌/cartrawler/reference-020.webp"", ""assets/렌터카_국내/jejusok/reference-015.svg"", ""assets/렌터카_글로벌/cartrawler/reference-022.svg"", ""assets/렌터카_글로벌/cartrawler/reference-023.svg"", ""assets/렌터카_글로벌/cartrawler/reference-024.svg"", ""assets/렌터카_글로벌/cartrawler/reference-025.webp"", ""assets/렌터카_글로벌/cartrawler/reference-026.webp"", ""assets/렌터카_글로벌/cartrawler/reference-027.webp"", ""assets/렌터카_글로벌/cartrawler/reference-028.webp"", ""assets/렌터카_글로벌/cartrawler/reference-029.webp"", ""assets/렌터카_글로벌/cartrawler/reference-030.webp"", ""assets/렌터카_글로벌/cartrawler/reference-031.webp"", ""assets/렌터카_글로벌/cartrawler/reference-032.webp"", ""assets/렌터카_글로벌/cartrawler/reference-033.webp"", ""assets/렌터카_글로벌/cartrawler/reference-034.webp"", ""assets/렌터카_글로벌/cartrawler/reference-035.webp"", ""assets/렌터카_글로벌/cartrawler/reference-036.webp"", ""assets/렌터카_글로벌/cartrawler/reference-037.webp"", ""assets/렌터카_글로벌/cartrawler/reference-038.webp"", ""assets/렌터카_글로벌/cartrawler/reference-039.webp"", ""assets/렌터카_글로벌/cartrawler/reference-040.webp"", ""assets/렌터카_글로벌/cartrawler/reference-041.webp"", ""assets/렌터카_글로벌/cartrawler/reference-042.webp"", ""assets/렌터카_글로벌/cartrawler/reference-043.webp"", ""assets/렌터카_글로벌/cartrawler/reference-044.webp"", ""assets/렌터카_글로벌/cartrawler/reference-045.webp"", ""assets/렌터카_글로벌/cartrawler/reference-046.webp"", ""assets/렌터카_글로벌/cartrawler/reference-047.webp"", ""assets/렌터카_글로벌/cartrawler/reference-048.webp"", ""assets/렌터카_글로벌/cartrawler/reference-049.webp""]"
렌터카_글로벌,KAYAK Cars,kayak-cars,https://www.kayak.com/cars,https://www.kayak.com/cars,Car Rentals: Find Cheap Car Rentals & Rental Car Deals - KAYAK,200,,complete,asset:https://content.r9cdn.net/rimg/dimg/places/fallback/007.jpg?width=360&height=203&crop=true&outputtype=webp+360w%2Chttps%3A%2F%2Fcontent.r9cdn.net%2Frimg%2Fdimg%2Fplaces%2Ffallback%2F007.jpg%3Fwidth%3D640&height=360&crop=true&outputtype=webp+640w%2Chttps%3A%2F%2Fcontent.r9cdn.net%2Frimg%2Fdimg%2Fplaces%2Ffallback%2F007.jpg%3Fwidth%3D768&height=432&crop=true&outputtype=webp+768w%2Chttps%3A%2F%2Fcontent.r9cdn.net%2Frimg%2Fdimg%2Fplaces%2Ffallback%2F007.jpg%3Fwidth%3D960&height=540&crop=true&outputtype=webp+960w%2Chttps%3A%2F%2Fcontent.r9cdn.net%2Frimg%2Fdimg%2Fplaces%2Ffallback%2F007.jpg%3Fwidth%3D1024&height=576&crop=true&outputtype=webp+1024w%2Chttps%3A%2F%2Fcontent.r9cdn.net%2Frimg%2Fdimg%2Fplaces%2Ffallback%2F007.jpg%3Fwidth%3D1280&height=720&crop=true&outputtype=webp+1280w%2Chttps%3A%2F%2Fcontent.r9cdn.net%2Frimg%2Fdimg%2Fplaces%2Ffallback%2F007.jpg%3Fwidth%3D1440&height=810&crop=true&outputtype=webp+1440w%2Chttps%3A%2F%2Fcontent.r9cdn.net%2Frimg%2Fdimg%2Fplaces%2Ffallback%2F007.jpg%3Fwidth%3D2160&height=1215&crop=true&outputtype=webp+2160w:HTTPError; asset:https://content.r9cdn.net/rimg/dimg/places/fallback/007.jpg?width=360&height=203&crop=true+360w%2Chttps%3A%2F%2Fcontent.r9cdn.net%2Frimg%2Fdimg%2Fplaces%2Ffallback%2F007.jpg%3Fwidth%3D640&height=360&crop=true+640w%2Chttps%3A%2F%2Fcontent.r9cdn.net%2Frimg%2Fdimg%2Fplaces%2Ffallback%2F007.jpg%3Fwidth%3D768&height=432&crop=true+768w%2Chttps%3A%2F%2Fcontent.r9cdn.net%2Frimg%2Fdimg%2Fplaces%2Ffallback%2F007.jpg%3Fwidth%3D960&height=540&crop=true+960w%2Chttps%3A%2F%2Fcontent.r9cdn.net%2Frimg%2Fdimg%2Fplaces%2Ffallback%2F007.jpg%3Fwidth%3D1024&height=576&crop=true+1024w%2Chttps%3A%2F%2Fcontent.r9cdn.net%2Frimg%2Fdimg%2Fplaces%2Ffallback%2F007.jpg%3Fwidth%3D1280&height=720&crop=true+1280w%2Chttps%3A%2F%2Fcontent.r9cdn.net%2Frimg%2Fdimg%2Fplaces%2Ffallback%2F007.jpg%3Fwidth%3D1440&height=810&crop=true+1440w%2Chttps%3A%2F%2Fcontent.r9cdn.net%2Frimg%2Fdimg%2Fplaces%2Ffallback%2F007.jpg%3Fwidth%3D2160&height=1215&crop=true+2160w:HTTPError; asset:https://content.r9cdn.net/rimg/dimg/b2/a7/20052339-city-33780-1695e958449.jpg?width=360&height=203&crop=true&outputtype=webp+360w%2Chttps%3A%2F%2Fcontent.r9cdn.net%2Frimg%2Fdimg%2Fb2%2Fa7%2F20052339-city-33780-1695e958449.jpg%3Fwidth%3D640&height=360&crop=true&outputtype=webp+640w%2Chttps%3A%2F%2Fcontent.r9cdn.net%2Frimg%2Fdimg%2Fb2%2Fa7%2F20052339-city-33780-1695e958449.jpg%3Fwidth%3D768&height=432&crop=true&outputtype=webp+768w%2Chttps%3A%2F%2Fcontent.r9cdn.net%2Frimg%2Fdimg%2Fb2%2Fa7%2F20052339-city-33780-1695e958449.jpg%3Fwidth%3D960&height=540&crop=true&outputtype=webp+960w%2Chttps%3A%2F%2Fcontent.r9cdn.net%2Frimg%2Fdimg%2Fb2%2Fa7%2F20052339-city-33780-1695e958449.jpg%3Fwidth%3D1024&height=576&crop=true&outputtype=webp+1024w%2Chttps%3A%2F%2Fcontent.r9cdn.net%2Frimg%2Fdimg%2Fb2%2Fa7%2F20052339-city-33780-1695e958449.jpg%3Fwidth%3D1280&height=720&crop=true&outputtype=webp+1280w%2Chttps%3A%2F%2Fcontent.r9cdn.net%2Frimg%2Fdimg%2Fb2%2Fa7%2F20052339-city-33780-1695e958449.jpg%3Fwidth%3D1440&height=810&crop=true&outputtype=webp+1440w%2Chttps%3A%2F%2Fcontent.r9cdn.net%2Frimg%2Fdimg%2Fb2%2Fa7%2F20052339-city-33780-1695e958449.jpg%3Fwidth%3D2160&height=1215&crop=true&outputtype=webp+2160w:HTTPError; asset:https://content.r9cdn.net/rimg/dimg/b2/a7/20052339-city-33780-1695e958449.jpg?width=360&height=203&crop=true+360w%2Chttps%3A%2F%2Fcontent.r9cdn.net%2Frimg%2Fdimg%2Fb2%2Fa7%2F20052339-city-33780-1695e958449.jpg%3Fwidth%3D640&height=360&crop=true+640w%2Chttps%3A%2F%2Fcontent.r9cdn.net%2Frimg%2Fdimg%2Fb2%2Fa7%2F20052339-city-33780-1695e958449.jpg%3Fwidth%3D768&height=432&crop=true+768w%2Chttps%3A%2F%2Fcontent.r9cdn.net%2Frimg%2Fdimg%2Fb2%2Fa7%2F20052339-city-33780-1695e958449.jpg%3Fwidth%3D960&height=540&crop=true+960w%2Chttps%3A%2F%2Fcontent.r9cdn.net%2Frimg%2Fdimg%2Fb2%2Fa7%2F20052339-city-33780-1695e958449.jpg%3Fwidth%3D1024&height=576&crop=true+1024w%2Chttps%3A%2F%2Fcontent.r9cdn.net%2Frimg%2Fdimg%2Fb2%2Fa7%2F20052339-city-33780-1695e958449.jpg%3Fwidth%3D1280&height=720&crop=true+1280w%2Chttps%3A%2F%2Fcontent.r9cdn.net%2Frimg%2Fdimg%2Fb2%2Fa7%2F20052339-city-33780-1695e958449.jpg%3Fwidth%3D1440&height=810&crop=true+1440w%2Chttps%3A%2F%2Fcontent.r9cdn.net%2Frimg%2Fdimg%2Fb2%2Fa7%2F20052339-city-33780-1695e958449.jpg%3Fwidth%3D2160&height=1215&crop=true+2160w:HTTPError; asset:https://content.r9cdn.net/rimg/dimg/20/ed/9a6b124b-city-30449-1670e005022.jpg?width=360&height=203&crop=true&outputtype=webp+360w%2Chttps%3A%2F%2Fcontent.r9cdn.net%2Frimg%2Fdimg%2F20%2Fed%2F9a6b124b-city-30449-1670e005022.jpg%3Fwidth%3D640&height=360&crop=true&outputtype=webp+640w%2Chttps%3A%2F%2Fcontent.r9cdn.net%2Frimg%2Fdimg%2F20%2Fed%2F9a6b124b-city-30449-1670e005022.jpg%3Fwidth%3D768&height=432&crop=true&outputtype=webp+768w%2Chttps%3A%2F%2Fcontent.r9cdn.net%2Frimg%2Fdimg%2F20%2Fed%2F9a6b124b-city-30449-1670e005022.jpg%3Fwidth%3D960&height=540&crop=true&outputtype=webp+960w%2Chttps%3A%2F%2Fcontent.r9cdn.net%2Frimg%2Fdimg%2F20%2Fed%2F9a6b124b-city-30449-1670e005022.jpg%3Fwidth%3D1024&height=576&crop=true&outputtype=webp+1024w%2Chttps%3A%2F%2Fcontent.r9cdn.net%2Frimg%2Fdimg%2F20%2Fed%2F9a6b124b-city-30449-1670e005022.jpg%3Fwidth%3D1280&height=720&crop=true&outputtype=webp+1280w%2Chttps%3A%2F%2Fcontent.r9cdn.net%2Frimg%2Fdimg%2F20%2Fed%2F9a6b124b-city-30449-1670e005022.jpg%3Fwidth%3D1440&height=810&crop=true&outputtype=webp+1440w%2Chttps%3A%2F%2Fcontent.r9cdn.net%2Frimg%2Fdimg%2F20%2Fed%2F9a6b124b-city-30449-1670e005022.jpg%3Fwidth%3D2160&height=1215&crop=true&outputtype=webp+2160w:HTTPError; asset:https://content.r9cdn.net/rimg/dimg/20/ed/9a6b124b-city-30449-1670e005022.jpg?width=360&height=203&crop=true+360w%2Chttps%3A%2F%2Fcontent.r9cdn.net%2Frimg%2Fdimg%2F20%2Fed%2F9a6b124b-city-30449-1670e005022.jpg%3Fwidth%3D640&height=360&crop=true+640w%2Chttps%3A%2F%2Fcontent.r9cdn.net%2Frimg%2Fdimg%2F20%2Fed%2F9a6b124b-city-30449-1670e005022.jpg%3Fwidth%3D768&height=432&crop=true+768w%2Chttps%3A%2F%2Fcontent.r9cdn.net%2Frimg%2Fdimg%2F20%2Fed%2F9a6b124b-city-30449-1670e005022.jpg%3Fwidth%3D960&height=540&crop=true+960w%2Chttps%3A%2F%2Fcontent.r9cdn.net%2Frimg%2Fdimg%2F20%2Fed%2F9a6b124b-city-30449-1670e005022.jpg%3Fwidth%3D1024&height=576&crop=true+1024w%2Chttps%3A%2F%2Fcontent.r9cdn.net%2Frimg%2Fdimg%2F20%2Fed%2F9a6b124b-city-30449-1670e005022.jpg%3Fwidth%3D1280&height=720&crop=true+1280w%2Chttps%3A%2F%2Fcontent.r9cdn.net%2Frimg%2Fdimg%2F20%2Fed%2F9a6b124b-city-30449-1670e005022.jpg%3Fwidth%3D1440&height=810&crop=true+1440w%2Chttps%3A%2F%2Fcontent.r9cdn.net%2Frimg%2Fdimg%2F20%2Fed%2F9a6b124b-city-30449-1670e005022.jpg%3Fwidth%3D2160&height=1215&crop=true+2160w:HTTPError; asset:https://content.r9cdn.net/rimg/dimg/de/0b/041ea60f-hood-209460-165e81c0434.jpg?width=360&height=203&crop=true&outputtype=webp+360w%2Chttps%3A%2F%2Fcontent.r9cdn.net%2Frimg%2Fdimg%2Fde%2F0b%2F041ea60f-hood-209460-165e81c0434.jpg%3Fwidth%3D640&height=360&crop=true&outputtype=webp+640w%2Chttps%3A%2F%2Fcontent.r9cdn.net%2Frimg%2Fdimg%2Fde%2F0b%2F041ea60f-hood-209460-165e81c0434.jpg%3Fwidth%3D768&height=432&crop=true&outputtype=webp+768w%2Chttps%3A%2F%2Fcontent.r9cdn.net%2Frimg%2Fdimg%2Fde%2F0b%2F041ea60f-hood-209460-165e81c0434.jpg%3Fwidth%3D960&height=540&crop=true&outputtype=webp+960w%2Chttps%3A%2F%2Fcontent.r9cdn.net%2Frimg%2Fdimg%2Fde%2F0b%2F041ea60f-hood-209460-165e81c0434.jpg%3Fwidth%3D1024&height=576&crop=true&outputtype=webp+1024w%2Chttps%3A%2F%2Fcontent.r9cdn.net%2Frimg%2Fdimg%2Fde%2F0b%2F041ea60f-hood-209460-165e81c0434.jpg%3Fwidth%3D1280&height=720&crop=true&outputtype=webp+1280w%2Chttps%3A%2F%2Fcontent.r9cdn.net%2Frimg%2Fdimg%2Fde%2F0b%2F041ea60f-hood-209460-165e81c0434.jpg%3Fwidth%3D1440&height=810&crop=true&outputtype=webp+1440w%2Chttps%3A%2F%2Fcontent.r9cdn.net%2Frimg%2Fdimg%2Fde%2F0b%2F041ea60f-hood-209460-165e81c0434.jpg%3Fwidth%3D2160&height=1215&crop=true&outputtype=webp+2160w:HTTPError; asset:https://content.r9cdn.net/rimg/dimg/de/0b/041ea60f-hood-209460-165e81c0434.jpg?width=360&height=203&crop=true+360w%2Chttps%3A%2F%2Fcontent.r9cdn.net%2Frimg%2Fdimg%2Fde%2F0b%2F041ea60f-hood-209460-165e81c0434.jpg%3Fwidth%3D640&height=360&crop=true+640w%2Chttps%3A%2F%2Fcontent.r9cdn.net%2Frimg%2Fdimg%2Fde%2F0b%2F041ea60f-hood-209460-165e81c0434.jpg%3Fwidth%3D768&height=432&crop=true+768w%2Chttps%3A%2F%2Fcontent.r9cdn.net%2Frimg%2Fdimg%2Fde%2F0b%2F041ea60f-hood-209460-165e81c0434.jpg%3Fwidth%3D960&height=540&crop=true+960w%2Chttps%3A%2F%2Fcontent.r9cdn.net%2Frimg%2Fdimg%2Fde%2F0b%2F041ea60f-hood-209460-165e81c0434.jpg%3Fwidth%3D1024&height=576&crop=true+1024w%2Chttps%3A%2F%2Fcontent.r9cdn.net%2Frimg%2Fdimg%2Fde%2F0b%2F041ea60f-hood-209460-165e81c0434.jpg%3Fwidth%3D1280&height=720&crop=true+1280w%2Chttps%3A%2F%2Fcontent.r9cdn.net%2Frimg%2Fdimg%2Fde%2F0b%2F041ea60f-hood-209460-165e81c0434.jpg%3Fwidth%3D1440&height=810&crop=true+1440w%2Chttps%3A%2F%2Fcontent.r9cdn.net%2Frimg%2Fdimg%2Fde%2F0b%2F041ea60f-hood-209460-165e81c0434.jpg%3Fwidth%3D2160&height=1215&crop=true+2160w:HTTPError; asset:https://content.r9cdn.net/rimg/dimg/places/fallback/000.jpg?width=360&height=203&crop=true&outputtype=webp+360w%2Chttps%3A%2F%2Fcontent.r9cdn.net%2Frimg%2Fdimg%2Fplaces%2Ffallback%2F000.jpg%3Fwidth%3D640&height=360&crop=true&outputtype=webp+640w%2Chttps%3A%2F%2Fcontent.r9cdn.net%2Frimg%2Fdimg%2Fplaces%2Ffallback%2F000.jpg%3Fwidth%3D768&height=432&crop=true&outputtype=webp+768w%2Chttps%3A%2F%2Fcontent.r9cdn.net%2Frimg%2Fdimg%2Fplaces%2Ffallback%2F000.jpg%3Fwidth%3D960&height=540&crop=true&outputtype=webp+960w%2Chttps%3A%2F%2Fcontent.r9cdn.net%2Frimg%2Fdimg%2Fplaces%2Ffallback%2F000.jpg%3Fwidth%3D1024&height=576&crop=true&outputtype=webp+1024w%2Chttps%3A%2F%2Fcontent.r9cdn.net%2Frimg%2Fdimg%2Fplaces%2Ffallback%2F000.jpg%3Fwidth%3D1280&height=720&crop=true&outputtype=webp+1280w%2Chttps%3A%2F%2Fcontent.r9cdn.net%2Frimg%2Fdimg%2Fplaces%2Ffallback%2F000.jpg%3Fwidth%3D1440&height=810&crop=true&outputtype=webp+1440w%2Chttps%3A%2F%2Fcontent.r9cdn.net%2Frimg%2Fdimg%2Fplaces%2Ffallback%2F000.jpg%3Fwidth%3D2160&height=1215&crop=true&outputtype=webp+2160w:HTTPError; asset:https://content.r9cdn.net/rimg/dimg/places/fallback/000.jpg?width=360&height=203&crop=true+360w%2Chttps%3A%2F%2Fcontent.r9cdn.net%2Frimg%2Fdimg%2Fplaces%2Ffallback%2F000.jpg%3Fwidth%3D640&height=360&crop=true+640w%2Chttps%3A%2F%2Fcontent.r9cdn.net%2Frimg%2Fdimg%2Fplaces%2Ffallback%2F000.jpg%3Fwidth%3D768&height=432&crop=true+768w%2Chttps%3A%2F%2Fcontent.r9cdn.net%2Frimg%2Fdimg%2Fplaces%2Ffallback%2F000.jpg%3Fwidth%3D960&height=540&crop=true+960w%2Chttps%3A%2F%2Fcontent.r9cdn.net%2Frimg%2Fdimg%2Fplaces%2Ffallback%2F000.jpg%3Fwidth%3D1024&height=576&crop=true+1024w%2Chttps%3A%2F%2Fcontent.r9cdn.net%2Frimg%2Fdimg%2Fplaces%2Ffallback%2F000.jpg%3Fwidth%3D1280&height=720&crop=true+1280w%2Chttps%3A%2F%2Fcontent.r9cdn.net%2Frimg%2Fdimg%2Fplaces%2Ffallback%2F000.jpg%3Fwidth%3D1440&height=810&crop=true+1440w%2Chttps%3A%2F%2Fcontent.r9cdn.net%2Frimg%2Fdimg%2Fplaces%2Ffallback%2F000.jpg%3Fwidth%3D2160&height=1215&crop=true+2160w:HTTPError; asset:https://content.r9cdn.net/rimg/dimg/places/fallback/003.jpg?width=360&height=203&crop=true&outputtype=webp+360w%2Chttps%3A%2F%2Fcontent.r9cdn.net%2Frimg%2Fdimg%2Fplaces%2Ffallback%2F003.jpg%3Fwidth%3D640&height=360&crop=true&outputtype=webp+640w%2Chttps%3A%2F%2Fcontent.r9cdn.net%2Frimg%2Fdimg%2Fplaces%2Ffallback%2F003.jpg%3Fwidth%3D768&height=432&crop=true&outputtype=webp+768w%2Chttps%3A%2F%2Fcontent.r9cdn.net%2Frimg%2Fdimg%2Fplaces%2Ffallback%2F003.jpg%3Fwidth%3D960&height=540&crop=true&outputtype=webp+960w%2Chttps%3A%2F%2Fcontent.r9cdn.net%2Frimg%2Fdimg%2Fplaces%2Ffallback%2F003.jpg%3Fwidth%3D1024&height=576&crop=true&outputtype=webp+1024w%2Chttps%3A%2F%2Fcontent.r9cdn.net%2Frimg%2Fdimg%2Fplaces%2Ffallback%2F003.jpg%3Fwidth%3D1280&height=720&crop=true&outputtype=webp+1280w%2Chttps%3A%2F%2Fcontent.r9cdn.net%2Frimg%2Fdimg%2Fplaces%2Ffallback%2F003.jpg%3Fwidth%3D1440&height=810&crop=true&outputtype=webp+1440w%2Chttps%3A%2F%2Fcontent.r9cdn.net%2Frimg%2Fdimg%2Fplaces%2Ffallback%2F003.jpg%3Fwidth%3D2160&height=1215&crop=true&outputtype=webp+2160w:HTTPError; asset:https://content.r9cdn.net/rimg/dimg/places/fallback/003.jpg?width=360&height=203&crop=true+360w%2Chttps%3A%2F%2Fcontent.r9cdn.net%2Frimg%2Fdimg%2Fplaces%2Ffallback%2F003.jpg%3Fwidth%3D640&height=360&crop=true+640w%2Chttps%3A%2F%2Fcontent.r9cdn.net%2Frimg%2Fdimg%2Fplaces%2Ffallback%2F003.jpg%3Fwidth%3D768&height=432&crop=true+768w%2Chttps%3A%2F%2Fcontent.r9cdn.net%2Frimg%2Fdimg%2Fplaces%2Ffallback%2F003.jpg%3Fwidth%3D960&height=540&crop=true+960w%2Chttps%3A%2F%2Fcontent.r9cdn.net%2Frimg%2Fdimg%2Fplaces%2Ffallback%2F003.jpg%3Fwidth%3D1024&height=576&crop=true+1024w%2Chttps%3A%2F%2Fcontent.r9cdn.net%2Frimg%2Fdimg%2Fplaces%2Ffallback%2F003.jpg%3Fwidth%3D1280&height=720&crop=true+1280w%2Chttps%3A%2F%2Fcontent.r9cdn.net%2Frimg%2Fdimg%2Fplaces%2Ffallback%2F003.jpg%3Fwidth%3D1440&height=810&crop=true+1440w%2Chttps%3A%2F%2Fcontent.r9cdn.net%2Frimg%2Fdimg%2Fplaces%2Ffallback%2F003.jpg%3Fwidth%3D2160&height=1215&crop=true+2160w:HTTPError,30,3,20,5,1,,14,14,14,28,0,328,300,"[""assets/렌터카_글로벌/kayak-cars/logo-001.png"", ""assets/렌터카_글로벌/kayak-cars/logo-002.png"", ""assets/렌터카_글로벌/kayak-cars/logo-003.png""]","[""assets/렌터카_글로벌/kayak-cars/banner-001.webp"", ""assets/렌터카_글로벌/kayak-cars/banner-002.webp"", ""assets/렌터카_글로벌/kayak-cars/banner-003.webp"", ""assets/렌터카_글로벌/kayak-cars/banner-004.webp"", ""assets/렌터카_글로벌/kayak-cars/banner-005.webp"", ""assets/렌터카_글로벌/kayak-cars/banner-006.webp"", ""assets/렌터카_글로벌/kayak-cars/banner-007.webp"", ""assets/렌터카_글로벌/kayak-cars/banner-008.webp"", ""assets/렌터카_글로벌/kayak-cars/banner-009.webp"", ""assets/렌터카_글로벌/kayak-cars/banner-010.webp"", ""assets/렌터카_글로벌/kayak-cars/banner-011.webp"", ""assets/렌터카_글로벌/kayak-cars/banner-012.webp"", ""assets/렌터카_글로벌/kayak-cars/banner-013.webp"", ""assets/렌터카_글로벌/kayak-cars/banner-014.webp"", ""assets/렌터카_글로벌/kayak-cars/banner-015.webp"", ""assets/렌터카_글로벌/kayak-cars/banner-016.webp"", ""assets/렌터카_글로벌/kayak-cars/banner-017.webp"", ""assets/렌터카_글로벌/kayak-cars/banner-018.webp"", ""assets/렌터카_글로벌/kayak-cars/banner-019.webp"", ""assets/렌터카_글로벌/kayak-cars/banner-020.webp""]","[""assets/렌터카_글로벌/kayak-cars/social-001.webp"", ""assets/렌터카_글로벌/kayak-cars/social-002.webp"", ""assets/렌터카_글로벌/kayak-cars/social-003.webp"", ""assets/렌터카_글로벌/kayak-cars/social-004.webp"", ""assets/렌터카_글로벌/kayak-cars/og.png""]","[""assets/렌터카_글로벌/kayak-cars/reference-001.webp""]"
렌터카_글로벌,KKday Rental Cars,kkday-rental-cars,https://www.kkday.com/,https://www.kkday.com/,잠시만 기다리십시오…,browser,,partial,desktop:https://www.kkday.com/:HTTPError; mobile:https://www.kkday.com/:HTTPError,1,0,0,0,0,,1,0,0,0,0,0,0,[],[],[],[]
렌터카_글로벌,Klook Car Rentals,klook-car-rentals,https://www.klook.com/car-rentals/,https://www.klook.com/car-rentals/,klook.com,browser,,complete,asset:https://cdn.klook.com/s/dist_web/ssrtransport/dist_web/static/js/static/svg/desktop-event.dedb503d.svg:HTTPError; asset:https://cdn.klook.com/s/dist_web/ssrtransport/dist_web/static/js/static/svg/desktop-experience.00c160b3.svg:HTTPError; asset:https://cdn.klook.com/s/dist_web/ssrtransport/dist_web/static/js/static/svg/desktop-ptp.3baa624f.svg:HTTPError; asset:https://cdn.klook.com/s/dist_web/ssrtransport/dist_web/static/js/static/svg/fnb-common.6903b552.svg:HTTPError; asset:https://cdn.klook.com/s/dist_web/ssrtransport/dist_web/static/js/static/svg/mobile-activity.5d2f2524.svg:HTTPError; asset:https://cdn.klook.com/s/dist_web/ssrtransport/dist_web/static/js/static/svg/mobile-car-rental.692a1855.svg:HTTPError; asset:https://cdn.klook.com/s/dist_web/ssrtransport/dist_web/static/js/static/svg/mobile-common.8d46ed9c.svg:HTTPError; asset:https://cdn.klook.com/s/dist_web/ssrtransport/dist_web/static/js/static/svg/mobile-event.64d29e5c.svg:HTTPError; asset:https://cdn.klook.com/s/dist_web/ssrtransport/dist_web/static/js/static/svg/mobile-home.bc9e4f5f.svg:HTTPError; asset:https://cdn.klook.com/s/dist_web/ssrtransport/dist_web/static/js/static/svg/mobile-hotel.e459b14d.svg:HTTPError; asset:https://cdn.klook.com/s/dist_web/ssrtransport/dist_web/static/js/static/svg/mobile-ptp.66283ca2.svg:HTTPError; asset:https://cdn.klook.com/s/dist_web/ssrtransport/dist_web/static/js/avatar.png:HTTPError,39,17,9,0,12,,14,0,14,9,30,146,146,"[""assets/렌터카_글로벌/klook-car-rentals/logo-001.webp"", ""assets/렌터카_글로벌/klook-car-rentals/logo-002.png"", ""assets/렌터카_글로벌/klook-car-rentals/logo-003.png"", ""assets/렌터카_글로벌/klook-car-rentals/logo-004.png"", ""assets/렌터카_글로벌/klook-car-rentals/logo-005.png"", ""assets/렌터카_글로벌/klook-car-rentals/logo-006.png"", ""assets/렌터카_글로벌/klook-car-rentals/logo-007.png"", ""assets/렌터카_글로벌/klook-car-rentals/logo-008.webp"", ""assets/렌터카_글로벌/klook-car-rentals/logo-009.webp"", ""assets/렌터카_글로벌/klook-car-rentals/logo-010.webp"", ""assets/렌터카_글로벌/klook-car-rentals/logo-011.webp"", ""assets/렌터카_글로벌/klook-car-rentals/logo-012.png"", ""assets/렌터카_글로벌/klook-car-rentals/logo-013.png"", ""assets/렌터카_글로벌/klook-car-rentals/logo-014.webp"", ""assets/렌터카_글로벌/klook-car-rentals/logo-015.png"", ""assets/렌터카_글로벌/klook-car-rentals/logo-016.png"", ""assets/렌터카_글로벌/klook-car-rentals/logo-017.png""]","[""assets/렌터카_글로벌/klook-car-rentals/banner-001.webp"", ""assets/렌터카_글로벌/klook-car-rentals/banner-002.svg"", ""assets/렌터카_글로벌/klook-car-rentals/banner-003.svg"", ""assets/렌터카_글로벌/klook-car-rentals/banner-004.svg"", ""assets/렌터카_글로벌/klook-car-rentals/banner-005.webp"", ""assets/렌터카_글로벌/klook-car-rentals/banner-006.webp"", ""assets/렌터카_글로벌/klook-car-rentals/banner-007.webp"", ""assets/렌터카_글로벌/klook-car-rentals/banner-008.svg"", ""assets/렌터카_글로벌/klook-car-rentals/banner-009.webp""]",[],"[""assets/렌터카_글로벌/klook-car-rentals/reference-001.webp"", ""assets/렌터카_글로벌/klook-car-rentals/reference-002.webp"", ""assets/렌터카_글로벌/klook-car-rentals/reference-003.webp"", ""assets/렌터카_글로벌/klook-car-rentals/reference-004.webp"", ""assets/렌터카_글로벌/klook-car-rentals/reference-005.webp"", ""assets/렌터카_글로벌/klook-car-rentals/reference-006.webp"", ""assets/렌터카_글로벌/klook-car-rentals/reference-007.webp"", ""assets/렌터카_글로벌/klook-car-rentals/reference-008.webp"", ""assets/렌터카_글로벌/klook-car-rentals/reference-009.webp"", ""assets/렌터카_글로벌/klook-car-rentals/reference-010.webp"", ""assets/렌터카_글로벌/klook-car-rentals/reference-011.webp"", ""assets/렌터카_글로벌/klook-car-rentals/reference-012.webp""]"
렌터카_글로벌,Nippon Rent-A-Car,nippon-rent-a-car,https://www.nipponrentacar.co.jp/,https://www.nipponrentacar.co.jp/,【公式/ベストレート】レンタカーならニッポンレンタカー,200,,complete,asset:https://www.nipponrentacar.co.jp/s/common/img/_gen/header.png:HTTPError; asset:https://www.nipponrentacar.co.jp/s/common/img/_gen/image_set.png:HTTPError,144,13,35,1,94,,14,14,14,28,36,295,295,"[""assets/렌터카_글로벌/nippon-rent-a-car/logo-001.svg"", ""assets/렌터카_글로벌/nippon-rent-a-car/logo-002.webp"", ""assets/렌터카_글로벌/nippon-rent-a-car/logo-003.png"", ""assets/렌터카_글로벌/nippon-rent-a-car/logo-004.webp"", ""assets/렌터카_글로벌/nippon-rent-a-car/logo-005.webp"", ""assets/렌터카_글로벌/nippon-rent-a-car/logo-006.webp"", ""assets/렌터카_글로벌/nippon-rent-a-car/logo-007.webp"", ""assets/렌터카_글로벌/nippon-rent-a-car/logo-008.png"", ""assets/렌터카_글로벌/nippon-rent-a-car/logo-009.webp"", ""assets/렌터카_글로벌/nippon-rent-a-car/logo-010.webp"", ""assets/렌터카_글로벌/nippon-rent-a-car/logo-011.webp"", ""assets/렌터카_글로벌/nippon-rent-a-car/logo-012.webp"", ""assets/렌터카_글로벌/nippon-rent-a-car/logo-013.webp""]","[""assets/렌터카_글로벌/nippon-rent-a-car/banner-001.webp"", ""assets/렌터카_글로벌/nippon-rent-a-car/banner-002.webp"", ""assets/렌터카_글로벌/nippon-rent-a-car/banner-003.webp"", ""assets/렌터카_글로벌/nippon-rent-a-car/banner-004.webp"", ""assets/렌터카_글로벌/nippon-rent-a-car/banner-005.webp"", ""assets/렌터카_글로벌/nippon-rent-a-car/banner-006.webp"", ""assets/렌터카_글로벌/nippon-rent-a-car/banner-007.webp"", ""assets/렌터카_글로벌/nippon-rent-a-car/banner-008.webp"", ""assets/렌터카_글로벌/nippon-rent-a-car/banner-009.webp"", ""assets/렌터카_글로벌/nippon-rent-a-car/banner-010.webp"", ""assets/렌터카_글로벌/nippon-rent-a-car/banner-011.webp"", ""assets/렌터카_글로벌/nippon-rent-a-car/banner-012.webp"", ""assets/렌터카_글로벌/nippon-rent-a-car/banner-013.webp"", ""assets/렌터카_글로벌/nippon-rent-a-car/banner-014.webp"", ""assets/렌터카_글로벌/nippon-rent-a-car/banner-015.webp"", ""assets/렌터카_글로벌/nippon-rent-a-car/banner-016.webp"", ""assets/렌터카_글로벌/nippon-rent-a-car/banner-017.webp"", ""assets/렌터카_글로벌/nippon-rent-a-car/banner-018.webp"", ""assets/렌터카_글로벌/nippon-rent-a-car/banner-019.webp"", ""assets/렌터카_글로벌/nippon-rent-a-car/banner-020.webp"", ""assets/렌터카_글로벌/nippon-rent-a-car/banner-021.webp"", ""assets/렌터카_글로벌/nippon-rent-a-car/banner-022.webp"", ""assets/렌터카_글로벌/nippon-rent-a-car/banner-023.webp"", ""assets/렌터카_글로벌/nippon-rent-a-car/banner-024.webp"", ""assets/렌터카_글로벌/nippon-rent-a-car/banner-025.webp"", ""assets/렌터카_글로벌/nippon-rent-a-car/banner-026.webp"", ""assets/렌터카_글로벌/nippon-rent-a-car/banner-027.webp"", ""assets/렌터카_글로벌/nippon-rent-a-car/banner-028.webp"", ""assets/렌터카_글로벌/nippon-rent-a-car/banner-029.webp"", ""assets/렌터카_글로벌/nippon-rent-a-car/banner-030.webp"", ""assets/렌터카_글로벌/nippon-rent-a-car/banner-031.webp"", ""assets/렌터카_글로벌/nippon-rent-a-car/banner-032.webp"", ""assets/렌터카_글로벌/nippon-rent-a-car/banner-033.webp"", ""assets/렌터카_글로벌/nippon-rent-a-car/banner-034.webp"", ""assets/렌터카_글로벌/nippon-rent-a-car/banner-035.webp""]","[""assets/렌터카_글로벌/nippon-rent-a-car/og.gif""]","[""assets/렌터카_글로벌/nippon-rent-a-car/reference-001.webp"", ""assets/렌터카_글로벌/nippon-rent-a-car/reference-002.webp"", ""assets/렌터카_글로벌/nippon-rent-a-car/reference-003.webp"", ""assets/렌터카_글로벌/nippon-rent-a-car/reference-004.webp"", ""assets/렌터카_글로벌/nippon-rent-a-car/reference-005.webp"", ""assets/렌터카_글로벌/nippon-rent-a-car/reference-006.webp"", ""assets/렌터카_글로벌/nippon-rent-a-car/reference-007.webp"", ""assets/렌터카_글로벌/nippon-rent-a-car/reference-008.webp"", ""assets/렌터카_글로벌/nippon-rent-a-car/reference-009.webp"", ""assets/렌터카_글로벌/nippon-rent-a-car/reference-010.webp"", ""assets/렌터카_글로벌/nippon-rent-a-car/reference-011.webp"", ""assets/렌터카_글로벌/nippon-rent-a-car/reference-012.webp"", ""assets/렌터카_글로벌/nippon-rent-a-car/reference-013.webp"", ""assets/렌터카_글로벌/nippon-rent-a-car/reference-014.webp"", ""assets/렌터카_글로벌/nippon-rent-a-car/reference-015.webp"", ""assets/렌터카_글로벌/nippon-rent-a-car/reference-016.webp"", ""assets/렌터카_글로벌/nippon-rent-a-car/reference-017.webp"", ""assets/렌터카_글로벌/nippon-rent-a-car/reference-018.webp"", ""assets/렌터카_글로벌/nippon-rent-a-car/reference-019.webp"", ""assets/렌터카_글로벌/nippon-rent-a-car/reference-020.webp"", ""assets/렌터카_글로벌/nippon-rent-a-car/reference-021.webp"", ""assets/렌터카_글로벌/nippon-rent-a-car/reference-022.webp"", ""assets/렌터카_글로벌/nippon-rent-a-car/reference-023.webp"", ""assets/렌터카_글로벌/nippon-rent-a-car/reference-024.webp"", ""assets/렌터카_글로벌/nippon-rent-a-car/reference-025.webp"", ""assets/렌터카_글로벌/nippon-rent-a-car/reference-026.svg"", ""assets/렌터카_글로벌/nippon-rent-a-car/reference-027.webp"", ""assets/렌터카_글로벌/nippon-rent-a-car/reference-028.webp"", ""assets/렌터카_글로벌/nippon-rent-a-car/reference-029.webp"", ""assets/렌터카_글로벌/nippon-rent-a-car/reference-030.webp"", ""assets/렌터카_글로벌/nippon-rent-a-car/reference-031.webp"", ""assets/렌터카_글로벌/nippon-rent-a-car/reference-032.webp"", ""assets/렌터카_글로벌/nippon-rent-a-car/reference-033.webp"", ""assets/렌터카_글로벌/nippon-rent-a-car/reference-034.webp"", ""assets/렌터카_글로벌/nippon-rent-a-car/reference-035.webp"", ""assets/렌터카_글로벌/nippon-rent-a-car/reference-036.webp"", ""assets/렌터카_글로벌/nippon-rent-a-car/reference-037.webp"", ""assets/렌터카_글로벌/nippon-rent-a-car/reference-038.webp"", ""assets/렌터카_글로벌/nippon-rent-a-car/reference-039.webp"", ""assets/렌터카_글로벌/nippon-rent-a-car/reference-040.webp"", ""assets/렌터카_글로벌/nippon-rent-a-car/reference-041.webp"", ""assets/렌터카_글로벌/nippon-rent-a-car/reference-042.webp"", ""assets/렌터카_글로벌/nippon-rent-a-car/reference-043.webp"", ""assets/렌터카_글로벌/nippon-rent-a-car/reference-044.webp"", ""assets/렌터카_글로벌/nippon-rent-a-car/reference-045.webp"", ""assets/렌터카_글로벌/nippon-rent-a-car/reference-046.webp"", ""assets/렌터카_글로벌/nippon-rent-a-car/reference-047.webp"", ""assets/렌터카_글로벌/nippon-rent-a-car/reference-048.webp"", ""assets/렌터카_글로벌/nippon-rent-a-car/reference-049.svg"", ""assets/렌터카_글로벌/nippon-rent-a-car/reference-050.svg"", ""assets/렌터카_글로벌/nippon-rent-a-car/reference-051.svg"", ""assets/렌터카_글로벌/nippon-rent-a-car/reference-052.webp"", ""assets/렌터카_글로벌/nippon-rent-a-car/reference-053.webp"", ""assets/렌터카_글로벌/nippon-rent-a-car/reference-054.webp"", ""assets/렌터카_글로벌/nippon-rent-a-car/reference-055.webp"", ""assets/렌터카_글로벌/nippon-rent-a-car/reference-056.webp"", ""assets/렌터카_글로벌/nippon-rent-a-car/reference-057.webp"", ""assets/렌터카_글로벌/nippon-rent-a-car/reference-058.webp"", ""assets/렌터카_글로벌/nippon-rent-a-car/reference-059.webp"", ""assets/렌터카_글로벌/nippon-rent-a-car/reference-060.webp"", ""assets/렌터카_글로벌/nippon-rent-a-car/reference-061.webp"", ""assets/렌터카_글로벌/nippon-rent-a-car/reference-062.webp"", ""assets/렌터카_글로벌/nippon-rent-a-car/reference-063.webp"", ""assets/렌터카_글로벌/nippon-rent-a-car/reference-064.webp"", ""assets/렌터카_글로벌/nippon-rent-a-car/reference-065.webp"", ""assets/렌터카_글로벌/nippon-rent-a-car/reference-066.webp"", ""assets/렌터카_글로벌/nippon-rent-a-car/reference-067.webp"", ""assets/렌터카_글로벌/nippon-rent-a-car/reference-068.webp"", ""assets/렌터카_글로벌/nippon-rent-a-car/reference-069.webp"", ""assets/렌터카_글로벌/nippon-rent-a-car/reference-070.webp"", ""assets/렌터카_글로벌/nippon-rent-a-car/reference-071.webp"", ""assets/렌터카_글로벌/nippon-rent-a-car/reference-072.webp"", ""assets/렌터카_글로벌/nippon-rent-a-car/reference-073.webp"", ""assets/렌터카_글로벌/nippon-rent-a-car/reference-074.webp"", ""assets/렌터카_글로벌/nippon-rent-a-car/reference-075.webp"", ""assets/렌터카_글로벌/nippon-rent-a-car/reference-076.webp"", ""assets/렌터카_글로벌/nippon-rent-a-car/reference-077.webp"", ""assets/렌터카_글로벌/nippon-rent-a-car/reference-078.webp"", ""assets/렌터카_글로벌/nippon-rent-a-car/reference-079.webp"", ""assets/렌터카_글로벌/nippon-rent-a-car/reference-080.webp"", ""assets/렌터카_글로벌/nippon-rent-a-car/reference-081.webp"", ""assets/렌터카_글로벌/nippon-rent-a-car/reference-082.webp"", ""assets/렌터카_글로벌/nippon-rent-a-car/reference-083.webp"", ""assets/렌터카_글로벌/nippon-rent-a-car/reference-084.webp"", ""assets/렌터카_글로벌/nippon-rent-a-car/reference-085.webp"", ""assets/렌터카_글로벌/nippon-rent-a-car/reference-086.webp"", ""assets/렌터카_글로벌/nippon-rent-a-car/reference-087.webp"", ""assets/렌터카_글로벌/nippon-rent-a-car/reference-088.webp"", ""assets/렌터카_글로벌/nippon-rent-a-car/reference-089.webp"", ""assets/렌터카_글로벌/nippon-rent-a-car/reference-090.webp"", ""assets/렌터카_글로벌/nippon-rent-a-car/reference-091.webp"", ""assets/렌터카_글로벌/nippon-rent-a-car/reference-092.webp"", ""assets/렌터카_글로벌/nippon-rent-a-car/reference-093.webp"", ""assets/렌터카_글로벌/nippon-rent-a-car/reference-094.webp""]"
렌터카_글로벌,Toyota Rent a Car,toyota-rent-a-car,https://rent.toyota.co.jp/,https://rent.toyota.co.jp/,レンタカーならトヨタレンタカー【公式】,200,,complete,asset:https://oval-neo-ht-trunk-public.plant.netyearcraft.net/img/common/btn_play_appBnr.png:ConnectTimeout; asset:https://rent.toyota.co.jp/sp/css/fonts/slick.woff:HTTPError; asset:https://rent.toyota.co.jp/sp/css/fonts/slick.ttf:HTTPError; asset:https://rent.toyota.co.jp/sp/css/fonts/slick.svg:HTTPError; asset:https://rent.toyota.co.jp/common/global/webfonts/fa-duotone-900.eot:HTTPError; asset:https://rent.toyota.co.jp/common/global/webfonts/fa-duotone-900.woff2:HTTPError; asset:https://rent.toyota.co.jp/common/global/webfonts/fa-duotone-900.woff:HTTPError; asset:https://rent.toyota.co.jp/common/global/webfonts/fa-duotone-900.ttf:HTTPError; asset:https://rent.toyota.co.jp/common/global/webfonts/fa-duotone-900.svg:HTTPError; asset:https://rent.toyota.co.jp/common/global/webfonts/fa-light-300.eot:HTTPError; asset:https://rent.toyota.co.jp/common/global/css/images/controls.png:HTTPError; asset:https://rent.toyota.co.jp/common/global/css/images/border.png:HTTPError,60,3,18,3,35,,14,14,14,28,36,202,201,"[""assets/렌터카_글로벌/toyota-rent-a-car/logo-001.webp"", ""assets/렌터카_글로벌/toyota-rent-a-car/logo-002.png"", ""assets/렌터카_글로벌/toyota-rent-a-car/logo-003.webp""]","[""assets/렌터카_글로벌/toyota-rent-a-car/banner-001.webp"", ""assets/렌터카_글로벌/toyota-rent-a-car/banner-002.webp"", ""assets/렌터카_글로벌/toyota-rent-a-car/banner-003.webp"", ""assets/렌터카_글로벌/toyota-rent-a-car/banner-004.webp"", ""assets/렌터카_글로벌/toyota-rent-a-car/banner-005.webp"", ""assets/렌터카_글로벌/toyota-rent-a-car/banner-006.webp"", ""assets/렌터카_글로벌/toyota-rent-a-car/banner-007.webp"", ""assets/렌터카_글로벌/toyota-rent-a-car/banner-008.webp"", ""assets/렌터카_글로벌/toyota-rent-a-car/banner-009.webp"", ""assets/렌터카_글로벌/toyota-rent-a-car/banner-010.webp"", ""assets/렌터카_글로벌/toyota-rent-a-car/banner-011.webp"", ""assets/렌터카_글로벌/toyota-rent-a-car/banner-012.webp"", ""assets/렌터카_글로벌/toyota-rent-a-car/banner-013.webp"", ""assets/렌터카_글로벌/toyota-rent-a-car/banner-014.webp"", ""assets/렌터카_글로벌/toyota-rent-a-car/banner-015.webp"", ""assets/렌터카_글로벌/toyota-rent-a-car/banner-016.webp"", ""assets/렌터카_글로벌/toyota-rent-a-car/banner-017.webp"", ""assets/렌터카_글로벌/toyota-rent-a-car/banner-018.webp""]","[""assets/렌터카_글로벌/toyota-rent-a-car/social-001.webp"", ""assets/렌터카_글로벌/toyota-rent-a-car/social-002.webp"", ""assets/렌터카_글로벌/toyota-rent-a-car/og.gif""]","[""assets/렌터카_글로벌/toyota-rent-a-car/reference-001.webp"", ""assets/렌터카_글로벌/toyota-rent-a-car/reference-002.webp"", ""assets/렌터카_글로벌/toyota-rent-a-car/reference-003.webp"", ""assets/렌터카_글로벌/toyota-rent-a-car/reference-004.webp"", ""assets/렌터카_글로벌/toyota-rent-a-car/reference-005.webp"", ""assets/렌터카_글로벌/toyota-rent-a-car/reference-006.webp"", ""assets/렌터카_글로벌/toyota-rent-a-car/reference-007.webp"", ""assets/렌터카_글로벌/toyota-rent-a-car/reference-008.webp"", ""assets/렌터카_글로벌/toyota-rent-a-car/reference-009.webp"", ""assets/렌터카_글로벌/toyota-rent-a-car/reference-010.webp"", ""assets/렌터카_글로벌/toyota-rent-a-car/reference-011.webp"", ""assets/렌터카_글로벌/toyota-rent-a-car/reference-012.webp"", ""assets/렌터카_글로벌/toyota-rent-a-car/reference-013.webp"", ""assets/렌터카_글로벌/toyota-rent-a-car/reference-014.webp"", ""assets/렌터카_글로벌/toyota-rent-a-car/reference-015.webp"", ""assets/렌터카_글로벌/toyota-rent-a-car/reference-016.webp"", ""assets/렌터카_글로벌/toyota-rent-a-car/reference-017.webp"", ""assets/렌터카_글로벌/toyota-rent-a-car/reference-018.webp"", ""assets/렌터카_글로벌/toyota-rent-a-car/reference-019.webp"", ""assets/렌터카_글로벌/toyota-rent-a-car/reference-020.webp"", ""assets/렌터카_글로벌/toyota-rent-a-car/reference-021.webp"", ""assets/렌터카_글로벌/toyota-rent-a-car/reference-022.webp"", ""assets/렌터카_글로벌/toyota-rent-a-car/reference-023.webp"", ""assets/렌터카_글로벌/toyota-rent-a-car/reference-024.webp"", ""assets/렌터카_글로벌/toyota-rent-a-car/reference-025.webp"", ""assets/렌터카_글로벌/toyota-rent-a-car/reference-026.webp"", ""assets/렌터카_글로벌/toyota-rent-a-car/reference-027.webp"", ""assets/렌터카_글로벌/toyota-rent-a-car/reference-028.webp"", ""assets/렌터카_글로벌/toyota-rent-a-car/reference-029.webp"", ""assets/렌터카_국내/jejusok/reference-015.svg"", ""assets/렌터카_글로벌/toyota-rent-a-car/reference-031.webp"", ""assets/렌터카_글로벌/toyota-rent-a-car/reference-032.svg"", ""assets/렌터카_글로벌/toyota-rent-a-car/reference-033.svg"", ""assets/렌터카_글로벌/toyota-rent-a-car/reference-034.svg"", ""assets/렌터카_글로벌/toyota-rent-a-car/reference-035.svg""]"
렌터카_글로벌,Nissan Rent a Car,nissan-rent-a-car,https://nissan-rentacar.com/,https://nissan-rentacar.com/,日産レンタカー,200,,complete,asset:https://nissan-rentacar.com/car/車種・料金 | 日産レンタカー:HTTPError; asset:https://nissan-rentacar.com/日産レンタカー:HTTPError; asset:https://nissan-rentacar.com/car/の車両一覧 | 日産レンタカー:HTTPError; asset:https://nissan-rentacar.com/car/日産レンタカー:HTTPError; asset:https://nissan-rentacar.com/car/料金体系 | 日産レンタカー:HTTPError; asset:https://nissan-rentacar.com/car/rates/福祉車両 | 日産レンタカー:HTTPError; asset:https://nissan-rentacar.com/car/ワンウェイドライブサービス料金:HTTPError; asset:https://nissan-rentacar.com/car/types/I/detail/キャラバン チェアキャブ | 日産レンタカー:HTTPError; asset:https://nissan-rentacar.com/car/types/I/detail/クリッパーリオ チェアキャブ | 日産レンタカー:HTTPError; asset:https://nissan-rentacar.com/car/types/I/detail/セレナ チェアキャブ | 日産レンタカー:HTTPError,112,4,14,1,92,,14,14,14,3,36,202,202,"[""assets/렌터카_글로벌/nissan-rent-a-car/logo-001.png"", ""assets/렌터카_글로벌/nissan-rent-a-car/logo-002.svg"", ""assets/렌터카_글로벌/nissan-rent-a-car/logo-003.svg"", ""assets/렌터카_글로벌/nissan-rent-a-car/logo-004.webp""]","[""assets/렌터카_글로벌/nissan-rent-a-car/banner-001.webp"", ""assets/렌터카_글로벌/nissan-rent-a-car/banner-002.webp"", ""assets/렌터카_글로벌/nissan-rent-a-car/banner-003.webp"", ""assets/렌터카_글로벌/nissan-rent-a-car/banner-004.webp"", ""assets/렌터카_글로벌/nissan-rent-a-car/banner-005.svg"", ""assets/렌터카_글로벌/nissan-rent-a-car/banner-006.svg"", ""assets/렌터카_글로벌/nissan-rent-a-car/banner-007.svg"", ""assets/렌터카_글로벌/nissan-rent-a-car/banner-008.webp"", ""assets/렌터카_글로벌/nissan-rent-a-car/banner-009.webp"", ""assets/렌터카_글로벌/nissan-rent-a-car/banner-010.webp"", ""assets/렌터카_글로벌/nissan-rent-a-car/banner-011.webp"", ""assets/렌터카_글로벌/nissan-rent-a-car/banner-012.webp"", ""assets/렌터카_글로벌/nissan-rent-a-car/banner-013.webp"", ""assets/렌터카_글로벌/nissan-rent-a-car/banner-014.webp""]","[""assets/렌터카_글로벌/nissan-rent-a-car/og.webp""]","[""assets/렌터카_글로벌/nissan-rent-a-car/reference-001.webp"", ""assets/렌터카_글로벌/nissan-rent-a-car/reference-002.webp"", ""assets/렌터카_글로벌/nissan-rent-a-car/reference-003.svg"", ""assets/렌터카_글로벌/nissan-rent-a-car/reference-004.svg"", ""assets/렌터카_글로벌/nissan-rent-a-car/reference-005.webp"", ""assets/렌터카_글로벌/nissan-rent-a-car/reference-006.webp"", ""assets/렌터카_글로벌/nissan-rent-a-car/reference-007.webp"", ""assets/렌터카_글로벌/nissan-rent-a-car/reference-008.webp"", ""assets/렌터카_글로벌/nissan-rent-a-car/reference-009.webp"", ""assets/렌터카_글로벌/nissan-rent-a-car/reference-010.webp"", ""assets/렌터카_글로벌/nissan-rent-a-car/reference-011.webp"", ""assets/렌터카_글로벌/nissan-rent-a-car/reference-012.webp"", ""assets/렌터카_글로벌/nissan-rent-a-car/reference-013.webp"", ""assets/렌터카_글로벌/nissan-rent-a-car/reference-014.webp"", ""assets/렌터카_글로벌/nissan-rent-a-car/reference-015.webp"", ""assets/렌터카_글로벌/nissan-rent-a-car/reference-016.webp"", ""assets/렌터카_글로벌/nissan-rent-a-car/reference-017.webp"", ""assets/렌터카_글로벌/nissan-rent-a-car/reference-018.svg"", ""assets/렌터카_글로벌/nissan-rent-a-car/reference-019.svg"", ""assets/렌터카_글로벌/nissan-rent-a-car/reference-020.webp"", ""assets/렌터카_글로벌/nissan-rent-a-car/reference-021.svg"", ""assets/렌터카_글로벌/nissan-rent-a-car/reference-022.svg"", ""assets/렌터카_글로벌/nissan-rent-a-car/reference-023.webp"", ""assets/렌터카_글로벌/nissan-rent-a-car/reference-024.webp"", ""assets/렌터카_글로벌/nissan-rent-a-car/reference-025.webp"", ""assets/렌터카_글로벌/nissan-rent-a-car/reference-026.webp"", ""assets/렌터카_글로벌/nissan-rent-a-car/reference-027.webp"", ""assets/렌터카_글로벌/nissan-rent-a-car/reference-028.webp"", ""assets/렌터카_글로벌/nissan-rent-a-car/reference-029.webp"", ""assets/렌터카_글로벌/nissan-rent-a-car/reference-030.webp"", ""assets/렌터카_글로벌/nissan-rent-a-car/reference-031.webp"", ""assets/렌터카_글로벌/nissan-rent-a-car/reference-032.webp"", ""assets/렌터카_글로벌/nissan-rent-a-car/reference-033.webp"", ""assets/렌터카_글로벌/nissan-rent-a-car/reference-034.webp"", ""assets/렌터카_글로벌/nissan-rent-a-car/reference-035.webp"", ""assets/렌터카_글로벌/nissan-rent-a-car/reference-036.webp"", ""assets/렌터카_글로벌/nissan-rent-a-car/reference-037.webp"", ""assets/렌터카_글로벌/nissan-rent-a-car/reference-038.webp"", ""assets/렌터카_글로벌/nissan-rent-a-car/reference-039.webp"", ""assets/렌터카_글로벌/nissan-rent-a-car/reference-040.webp"", ""assets/렌터카_글로벌/nissan-rent-a-car/reference-041.webp"", ""assets/렌터카_글로벌/nissan-rent-a-car/reference-042.webp"", ""assets/렌터카_글로벌/nissan-rent-a-car/reference-043.webp"", ""assets/렌터카_글로벌/nissan-rent-a-car/reference-044.webp"", ""assets/렌터카_글로벌/nissan-rent-a-car/reference-045.webp"", ""assets/렌터카_글로벌/nissan-rent-a-car/reference-046.webp"", ""assets/렌터카_글로벌/nissan-rent-a-car/reference-047.webp"", ""assets/렌터카_글로벌/nissan-rent-a-car/reference-048.webp"", ""assets/렌터카_글로벌/nissan-rent-a-car/reference-049.webp"", ""assets/렌터카_글로벌/nissan-rent-a-car/reference-050.webp"", ""assets/렌터카_글로벌/nissan-rent-a-car/reference-051.webp"", ""assets/렌터카_글로벌/nissan-rent-a-car/reference-052.webp"", ""assets/렌터카_글로벌/nissan-rent-a-car/reference-053.webp"", ""assets/렌터카_글로벌/nissan-rent-a-car/reference-054.webp"", ""assets/렌터카_글로벌/nissan-rent-a-car/reference-055.webp"", ""assets/렌터카_글로벌/nissan-rent-a-car/reference-056.webp"", ""assets/렌터카_글로벌/nissan-rent-a-car/reference-057.webp"", ""assets/렌터카_글로벌/nissan-rent-a-car/reference-058.webp"", ""assets/렌터카_글로벌/nissan-rent-a-car/reference-059.webp"", ""assets/렌터카_글로벌/nissan-rent-a-car/reference-060.webp"", ""assets/렌터카_글로벌/nissan-rent-a-car/reference-061.webp"", ""assets/렌터카_글로벌/nissan-rent-a-car/reference-062.webp"", ""assets/렌터카_글로벌/nissan-rent-a-car/reference-063.webp"", ""assets/렌터카_글로벌/nissan-rent-a-car/reference-064.webp"", ""assets/렌터카_글로벌/nissan-rent-a-car/reference-065.webp"", ""assets/렌터카_글로벌/nissan-rent-a-car/reference-066.webp"", ""assets/렌터카_글로벌/nissan-rent-a-car/reference-067.webp"", ""assets/렌터카_글로벌/nissan-rent-a-car/reference-068.webp"", ""assets/렌터카_글로벌/nissan-rent-a-car/reference-069.webp"", ""assets/렌터카_글로벌/nissan-rent-a-car/reference-070.webp"", ""assets/렌터카_글로벌/nissan-rent-a-car/reference-071.webp"", ""assets/렌터카_글로벌/nissan-rent-a-car/reference-072.webp"", ""assets/렌터카_글로벌/nissan-rent-a-car/reference-073.webp"", ""assets/렌터카_글로벌/nissan-rent-a-car/reference-074.webp"", ""assets/렌터카_글로벌/nissan-rent-a-car/reference-075.webp"", ""assets/렌터카_글로벌/nissan-rent-a-car/reference-076.webp"", ""assets/렌터카_글로벌/nissan-rent-a-car/reference-077.webp"", ""assets/렌터카_글로벌/nissan-rent-a-car/reference-078.webp"", ""assets/렌터카_글로벌/nissan-rent-a-car/reference-079.webp"", ""assets/렌터카_글로벌/nissan-rent-a-car/reference-080.webp"", ""assets/렌터카_글로벌/nissan-rent-a-car/reference-081.webp"", ""assets/렌터카_글로벌/nissan-rent-a-car/reference-082.webp"", ""assets/렌터카_글로벌/nissan-rent-a-car/reference-083.webp"", ""assets/렌터카_글로벌/nissan-rent-a-car/reference-084.webp"", ""assets/렌터카_글로벌/nissan-rent-a-car/reference-085.webp"", ""assets/렌터카_글로벌/nissan-rent-a-car/reference-086.webp"", ""assets/렌터카_글로벌/nissan-rent-a-car/reference-087.webp"", ""assets/렌터카_글로벌/nissan-rent-a-car/reference-088.webp"", ""assets/렌터카_글로벌/nissan-rent-a-car/reference-089.webp"", ""assets/렌터카_글로벌/nissan-rent-a-car/reference-090.webp"", ""assets/렌터카_글로벌/nissan-rent-a-car/reference-091.svg"", ""assets/렌터카_글로벌/nissan-rent-a-car/reference-092.svg""]"
렌터카_글로벌,Times Car Rental,times-car-rental,https://www.timescar-rental.com/,https://www.timescar-rental.com/,Rent A Car in Japan with Times | Times CAR RENTAL: Your Car Hire Company,200,,complete,asset:https://www.timescar-renal.com/common/images/ogp.png:ConnectionError; asset:https://www.timescar-rental.com/images/shop/en/hokkaido_bg_5_001.png:HTTPError; asset:https://www.timescar-rental.com/common/fonts/fontawesome-webfont.svg?v=4.7.0:HTTPError; asset:https://www.timescar-rental.com/dynamic/js/clusterermarker1.png:HTTPError; asset:https://www.timescar-rental.com/dynamic/js/clusterermarker2.png:HTTPError; asset:https://www.timescar-rental.com/dynamic/js/clusterermarker3.png:HTTPError; asset:https://www.timescar-rental.com/dynamic/js/clusterermarker4.png:HTTPError; asset:https://www.timescar-rental.com/dynamic/js/clusterermarker5.png:HTTPError,36,1,11,2,21,,14,14,14,26,30,82,82,"[""assets/렌터카_글로벌/times-car-rental/logo-001.webp""]","[""assets/렌터카_글로벌/times-car-rental/banner-001.webp"", ""assets/렌터카_글로벌/times-car-rental/banner-002.webp"", ""assets/렌터카_글로벌/times-car-rental/banner-003.webp"", ""assets/렌터카_글로벌/times-car-rental/banner-004.webp"", ""assets/렌터카_글로벌/times-car-rental/banner-005.webp"", ""assets/렌터카_글로벌/times-car-rental/banner-006.webp"", ""assets/렌터카_글로벌/times-car-rental/banner-007.webp"", ""assets/렌터카_글로벌/times-car-rental/banner-008.webp"", ""assets/렌터카_글로벌/times-car-rental/banner-009.webp"", ""assets/렌터카_글로벌/times-car-rental/banner-010.webp"", ""assets/렌터카_글로벌/times-car-rental/banner-011.webp""]","[""assets/렌터카_글로벌/times-car-rental/social-001.webp"", ""assets/렌터카_글로벌/times-car-rental/og.png""]","[""assets/렌터카_글로벌/times-car-rental/reference-001.webp"", ""assets/렌터카_글로벌/times-car-rental/reference-002.webp"", ""assets/렌터카_글로벌/times-car-rental/reference-003.webp"", ""assets/렌터카_글로벌/times-car-rental/reference-004.webp"", ""assets/렌터카_글로벌/times-car-rental/reference-005.webp"", ""assets/렌터카_글로벌/times-car-rental/reference-006.webp"", ""assets/렌터카_글로벌/times-car-rental/reference-007.webp"", ""assets/렌터카_글로벌/times-car-rental/reference-008.webp"", ""assets/렌터카_글로벌/times-car-rental/reference-009.webp"", ""assets/렌터카_글로벌/times-car-rental/reference-010.webp"", ""assets/렌터카_글로벌/times-car-rental/reference-011.webp"", ""assets/렌터카_글로벌/times-car-rental/reference-012.webp"", ""assets/렌터카_글로벌/times-car-rental/reference-013.webp"", ""assets/렌터카_글로벌/times-car-rental/reference-014.webp"", ""assets/렌터카_글로벌/times-car-rental/reference-015.webp"", ""assets/렌터카_글로벌/times-car-rental/reference-016.webp"", ""assets/렌터카_글로벌/times-car-rental/reference-017.webp"", ""assets/렌터카_글로벌/times-car-rental/reference-018.webp"", ""assets/렌터카_글로벌/times-car-rental/reference-019.webp"", ""assets/렌터카_글로벌/times-car-rental/reference-020.webp"", ""assets/렌터카_글로벌/times-car-rental/reference-021.webp""]"
렌터카_글로벌,Orix Rent a Car,orix-rent-a-car,https://car.orix.co.jp/,https://car.orix.co.jp/,【公式】レンタカー予約ならオリックスレンタカー,200,,complete,asset:https://car.orix.co.jp/share/PIE.php:HTTPError; asset:https://fonts.gstatic.com/ea/notosansjp/v5/NotoSansJP-Regular.woff2:HTTPError; asset:https://fonts.gstatic.com/ea/notosansjp/v5/NotoSansJP-Regular.woff:HTTPError; asset:https://fonts.gstatic.com/ea/notosansjp/v5/NotoSansJP-Regular.otf:HTTPError; asset:https://fonts.gstatic.com/ea/notosansjp/v5/NotoSansJP-Medium.woff2:HTTPError; asset:https://fonts.gstatic.com/ea/notosansjp/v5/NotoSansJP-Medium.woff:HTTPError; asset:https://fonts.gstatic.com/ea/notosansjp/v5/NotoSansJP-Medium.otf:HTTPError; asset:https://fonts.gstatic.com/ea/notosansjp/v5/NotoSansJP-Bold.woff2:HTTPError; asset:https://fonts.gstatic.com/ea/notosansjp/v5/NotoSansJP-Bold.woff:HTTPError; asset:https://fonts.gstatic.com/ea/notosansjp/v5/NotoSansJP-Bold.otf:HTTPError,167,4,20,1,141,,14,14,14,28,36,359,300,"[""assets/렌터카_글로벌/orix-rent-a-car/logo-001.svg"", ""assets/렌터카_글로벌/orix-rent-a-car/logo-002.svg"", ""assets/렌터카_글로벌/orix-rent-a-car/logo-003.svg"", ""assets/렌터카_글로벌/orix-rent-a-car/logo-004.webp""]","[""assets/렌터카_글로벌/orix-rent-a-car/banner-001.webp"", ""assets/렌터카_글로벌/orix-rent-a-car/banner-002.webp"", ""assets/렌터카_글로벌/orix-rent-a-car/banner-003.webp"", ""assets/렌터카_글로벌/orix-rent-a-car/banner-004.webp"", ""assets/렌터카_글로벌/orix-rent-a-car/banner-005.webp"", ""assets/렌터카_글로벌/orix-rent-a-car/banner-006.webp"", ""assets/렌터카_글로벌/orix-rent-a-car/banner-007.webp"", ""assets/렌터카_글로벌/orix-rent-a-car/banner-008.webp"", ""assets/렌터카_글로벌/orix-rent-a-car/banner-009.webp"", ""assets/렌터카_글로벌/orix-rent-a-car/banner-010.webp"", ""assets/렌터카_글로벌/orix-rent-a-car/banner-011.webp"", ""assets/렌터카_글로벌/orix-rent-a-car/banner-012.webp"", ""assets/렌터카_글로벌/orix-rent-a-car/banner-013.webp"", ""assets/렌터카_글로벌/orix-rent-a-car/banner-014.webp"", ""assets/렌터카_글로벌/orix-rent-a-car/banner-015.webp"", ""assets/렌터카_글로벌/orix-rent-a-car/banner-016.webp"", ""assets/렌터카_글로벌/orix-rent-a-car/banner-017.webp"", ""assets/렌터카_글로벌/orix-rent-a-car/banner-018.webp"", ""assets/렌터카_글로벌/orix-rent-a-car/banner-019.webp"", ""assets/렌터카_글로벌/orix-rent-a-car/banner-020.webp""]","[""assets/렌터카_글로벌/orix-rent-a-car/og.png""]","[""assets/렌터카_글로벌/orix-rent-a-car/reference-001.webp"", ""assets/렌터카_글로벌/orix-rent-a-car/reference-002.webp"", ""assets/렌터카_글로벌/orix-rent-a-car/reference-003.webp"", ""assets/렌터카_글로벌/orix-rent-a-car/reference-004.webp"", ""assets/렌터카_글로벌/orix-rent-a-car/reference-005.webp"", ""assets/렌터카_글로벌/orix-rent-a-car/reference-006.webp"", ""assets/렌터카_글로벌/orix-rent-a-car/reference-007.webp"", ""assets/렌터카_글로벌/orix-rent-a-car/reference-008.webp"", ""assets/렌터카_글로벌/orix-rent-a-car/reference-009.webp"", ""assets/렌터카_글로벌/orix-rent-a-car/reference-010.webp"", ""assets/렌터카_글로벌/orix-rent-a-car/reference-011.webp"", ""assets/렌터카_글로벌/orix-rent-a-car/reference-012.webp"", ""assets/렌터카_글로벌/orix-rent-a-car/reference-013.webp"", ""assets/렌터카_글로벌/orix-rent-a-car/reference-014.webp"", ""assets/렌터카_글로벌/orix-rent-a-car/reference-015.webp"", ""assets/렌터카_글로벌/orix-rent-a-car/reference-016.webp"", ""assets/렌터카_글로벌/orix-rent-a-car/reference-017.webp"", ""assets/렌터카_글로벌/orix-rent-a-car/reference-018.webp"", ""assets/렌터카_글로벌/orix-rent-a-car/reference-019.webp"", ""assets/렌터카_글로벌/orix-rent-a-car/reference-020.webp"", ""assets/렌터카_글로벌/orix-rent-a-car/reference-021.webp"", ""assets/렌터카_글로벌/orix-rent-a-car/reference-022.webp"", ""assets/렌터카_글로벌/orix-rent-a-car/reference-023.webp"", ""assets/렌터카_글로벌/orix-rent-a-car/reference-024.webp"", ""assets/렌터카_글로벌/orix-rent-a-car/reference-025.webp"", ""assets/렌터카_글로벌/orix-rent-a-car/reference-026.webp"", ""assets/렌터카_글로벌/orix-rent-a-car/reference-027.webp"", ""assets/렌터카_글로벌/orix-rent-a-car/reference-028.webp"", ""assets/렌터카_글로벌/orix-rent-a-car/reference-029.webp"", ""assets/렌터카_글로벌/orix-rent-a-car/reference-030.webp"", ""assets/렌터카_글로벌/orix-rent-a-car/reference-031.webp"", ""assets/렌터카_글로벌/orix-rent-a-car/reference-032.webp"", ""assets/렌터카_글로벌/orix-rent-a-car/reference-033.webp"", ""assets/렌터카_글로벌/orix-rent-a-car/reference-034.webp"", ""assets/렌터카_글로벌/orix-rent-a-car/reference-035.webp"", ""assets/렌터카_글로벌/orix-rent-a-car/reference-036.webp"", ""assets/렌터카_글로벌/orix-rent-a-car/reference-037.webp"", ""assets/렌터카_글로벌/orix-rent-a-car/reference-038.webp"", ""assets/렌터카_글로벌/orix-rent-a-car/reference-039.webp"", ""assets/렌터카_글로벌/orix-rent-a-car/reference-040.webp"", ""assets/렌터카_글로벌/orix-rent-a-car/reference-041.webp"", ""assets/렌터카_글로벌/orix-rent-a-car/reference-042.webp"", ""assets/렌터카_글로벌/orix-rent-a-car/reference-043.webp"", ""assets/렌터카_글로벌/orix-rent-a-car/reference-044.webp"", ""assets/렌터카_글로벌/orix-rent-a-car/reference-045.webp"", ""assets/렌터카_글로벌/orix-rent-a-car/reference-046.webp"", ""assets/렌터카_글로벌/orix-rent-a-car/reference-047.webp"", ""assets/렌터카_글로벌/orix-rent-a-car/reference-048.webp"", ""assets/렌터카_글로벌/orix-rent-a-car/reference-049.webp"", ""assets/렌터카_글로벌/orix-rent-a-car/reference-050.webp"", ""assets/렌터카_글로벌/orix-rent-a-car/reference-051.webp"", ""assets/렌터카_글로벌/orix-rent-a-car/reference-052.webp"", ""assets/렌터카_글로벌/orix-rent-a-car/reference-053.webp"", ""assets/렌터카_글로벌/orix-rent-a-car/reference-054.webp"", ""assets/렌터카_글로벌/orix-rent-a-car/reference-055.webp"", ""assets/렌터카_글로벌/orix-rent-a-car/reference-056.webp"", ""assets/렌터카_글로벌/orix-rent-a-car/reference-057.webp"", ""assets/렌터카_글로벌/orix-rent-a-car/reference-058.webp"", ""assets/렌터카_글로벌/orix-rent-a-car/reference-059.webp"", ""assets/렌터카_글로벌/orix-rent-a-car/reference-060.webp"", ""assets/렌터카_글로벌/orix-rent-a-car/reference-061.webp"", ""assets/렌터카_글로벌/orix-rent-a-car/reference-062.webp"", ""assets/렌터카_글로벌/orix-rent-a-car/reference-063.webp"", ""assets/렌터카_글로벌/orix-rent-a-car/reference-064.webp"", ""assets/렌터카_글로벌/orix-rent-a-car/reference-065.webp"", ""assets/렌터카_글로벌/orix-rent-a-car/reference-066.webp"", ""assets/렌터카_글로벌/orix-rent-a-car/reference-067.webp"", ""assets/렌터카_글로벌/orix-rent-a-car/reference-068.webp"", ""assets/렌터카_글로벌/orix-rent-a-car/reference-069.webp"", ""assets/렌터카_글로벌/orix-rent-a-car/reference-070.webp"", ""assets/렌터카_글로벌/orix-rent-a-car/reference-071.webp"", ""assets/렌터카_글로벌/orix-rent-a-car/reference-072.webp"", ""assets/렌터카_글로벌/orix-rent-a-car/reference-073.webp"", ""assets/렌터카_글로벌/orix-rent-a-car/reference-074.webp"", ""assets/렌터카_글로벌/orix-rent-a-car/reference-075.webp"", ""assets/렌터카_글로벌/orix-rent-a-car/reference-076.webp"", ""assets/렌터카_글로벌/orix-rent-a-car/reference-077.webp"", ""assets/렌터카_글로벌/orix-rent-a-car/reference-078.webp"", ""assets/렌터카_글로벌/orix-rent-a-car/reference-079.webp"", ""assets/렌터카_글로벌/orix-rent-a-car/reference-080.webp"", ""assets/렌터카_글로벌/orix-rent-a-car/reference-081.webp"", ""assets/렌터카_글로벌/orix-rent-a-car/reference-082.webp"", ""assets/렌터카_글로벌/orix-rent-a-car/reference-083.webp"", ""assets/렌터카_글로벌/orix-rent-a-car/reference-084.webp"", ""assets/렌터카_글로벌/orix-rent-a-car/reference-085.webp"", ""assets/렌터카_글로벌/orix-rent-a-car/reference-086.webp"", ""assets/렌터카_글로벌/orix-rent-a-car/reference-087.webp"", ""assets/렌터카_글로벌/orix-rent-a-car/reference-088.webp"", ""assets/렌터카_글로벌/orix-rent-a-car/reference-089.webp"", ""assets/렌터카_글로벌/orix-rent-a-car/reference-090.webp"", ""assets/렌터카_글로벌/orix-rent-a-car/reference-091.webp"", ""assets/렌터카_글로벌/orix-rent-a-car/reference-092.webp"", ""assets/렌터카_글로벌/orix-rent-a-car/reference-093.webp"", ""assets/렌터카_글로벌/orix-rent-a-car/reference-094.webp"", ""assets/렌터카_글로벌/orix-rent-a-car/reference-095.webp"", ""assets/렌터카_글로벌/orix-rent-a-car/reference-096.webp"", ""assets/렌터카_글로벌/orix-rent-a-car/reference-097.webp"", ""assets/렌터카_글로벌/orix-rent-a-car/reference-098.webp"", ""assets/렌터카_글로벌/orix-rent-a-car/reference-099.webp"", ""assets/렌터카_글로벌/orix-rent-a-car/reference-100.webp"", ""assets/렌터카_글로벌/orix-rent-a-car/reference-101.webp"", ""assets/렌터카_글로벌/orix-rent-a-car/reference-102.webp"", ""assets/렌터카_글로벌/orix-rent-a-car/reference-103.webp"", ""assets/렌터카_글로벌/orix-rent-a-car/reference-104.webp"", ""assets/렌터카_글로벌/orix-rent-a-car/reference-105.webp"", ""assets/렌터카_글로벌/orix-rent-a-car/reference-106.webp"", ""assets/렌터카_글로벌/orix-rent-a-car/reference-107.webp"", ""assets/렌터카_글로벌/orix-rent-a-car/reference-108.webp"", ""assets/렌터카_글로벌/orix-rent-a-car/reference-109.webp"", ""assets/렌터카_글로벌/orix-rent-a-car/reference-110.webp"", ""assets/렌터카_글로벌/orix-rent-a-car/reference-111.webp"", ""assets/렌터카_글로벌/orix-rent-a-car/reference-112.webp"", ""assets/렌터카_글로벌/orix-rent-a-car/reference-113.webp"", ""assets/렌터카_글로벌/orix-rent-a-car/reference-114.webp"", ""assets/렌터카_글로벌/orix-rent-a-car/reference-115.webp"", ""assets/렌터카_글로벌/orix-rent-a-car/reference-116.webp"", ""assets/렌터카_글로벌/orix-rent-a-car/reference-117.webp"", ""assets/렌터카_글로벌/orix-rent-a-car/reference-118.webp"", ""assets/렌터카_글로벌/orix-rent-a-car/reference-119.webp"", ""assets/렌터카_글로벌/orix-rent-a-car/reference-120.webp"", ""assets/렌터카_글로벌/orix-rent-a-car/reference-121.webp"", ""assets/렌터카_글로벌/orix-rent-a-car/reference-122.webp"", ""assets/렌터카_글로벌/orix-rent-a-car/reference-123.webp"", ""assets/렌터카_글로벌/orix-rent-a-car/reference-124.webp"", ""assets/렌터카_글로벌/orix-rent-a-car/reference-125.webp"", ""assets/렌터카_글로벌/orix-rent-a-car/reference-126.webp"", ""assets/렌터카_글로벌/orix-rent-a-car/reference-127.webp"", ""assets/렌터카_글로벌/orix-rent-a-car/reference-128.webp"", ""assets/렌터카_글로벌/orix-rent-a-car/reference-129.webp"", ""assets/렌터카_글로벌/orix-rent-a-car/reference-130.webp"", ""assets/렌터카_글로벌/orix-rent-a-car/reference-131.webp"", ""assets/렌터카_글로벌/orix-rent-a-car/reference-132.webp"", ""assets/렌터카_글로벌/orix-rent-a-car/reference-133.webp"", ""assets/렌터카_글로벌/orix-rent-a-car/reference-134.webp"", ""assets/렌터카_글로벌/orix-rent-a-car/reference-135.webp"", ""assets/렌터카_글로벌/orix-rent-a-car/reference-136.webp"", ""assets/렌터카_글로벌/orix-rent-a-car/reference-137.webp"", ""assets/렌터카_글로벌/orix-rent-a-car/reference-138.webp"", ""assets/렌터카_글로벌/orix-rent-a-car/reference-139.webp"", ""assets/렌터카_글로벌/orix-rent-a-car/reference-140.webp"", ""assets/렌터카_글로벌/orix-rent-a-car/reference-141.webp""]"
자동차,현대자동차,hyundai-motor,https://www.hyundai.com/kr/ko/e,https://www.hyundai.com/kr/ko/e,현대자동차 현대닷컴,200,,partial,reference:ValueError:https://www.hyundai.com/kr/ko/e/_nuxt/22e2232.js; reference:ValueError:https://www.hyundai.com/kr/ko/e/_nuxt/fa33eea.js; reference:ValueError:https://www.hyundai.com/kr/ko/e/_nuxt/5eee960.js; reference:ValueError:https://www.hyundai.com/kr/ko/e/_nuxt/5083eab.js; reference:ValueError:https://www.hyundai.com/kr/ko/e/_nuxt/369fb9d.js; reference:ValueError:https://www.hyundai.com/kr/ko/e/_nuxt/e0c9263.js,5,0,2,,1,,,,,,,,,[],"[""assets/자동차/hyundai-motor/banner-1.webp"", ""assets/자동차/hyundai-motor/banner-2.webp""]","[""assets/자동차/hyundai-motor/og.avif""]","[""assets/자동차/hyundai-motor/reference-1.webp""]"
자동차,기아,kia,https://www.kia.com/kr,https://www.kia.com/kr,기아 - Movement that inspires,200,,complete,,8,1,2,,3,,,,,,,,,"[""assets/자동차/kia/logo-1.svg""]","[""assets/자동차/kia/banner-1.webp"", ""assets/자동차/kia/banner-2.webp""]","[""assets/자동차/kia/og.avif""]","[""assets/자동차/kia/reference-1.webp"", ""assets/자동차/kia/reference-2.webp"", ""assets/자동차/kia/reference-3.webp""]"
자동차,제네시스,genesis,https://www.genesis.com/kr/ko/main.html,https://www.genesis.com/kr/ko,제네시스 공식 웹사이트 | 럭셔리 세단·SUV·전기차 | GENESIS Korea,200,,partial,logo:HTTPError:https://www.genesis.com/kr/format=auto/v1/openapi/hmg-presigned-url/50534b313031303030303030303030303038373538/genesis-kr-space-suji-key-visual-large-1440x735.png,7,2,0,,3,,,,,,,,,"[""assets/자동차/genesis/logo-1.webp"", ""assets/자동차/genesis/logo-2.webp""]",[],"[""assets/자동차/genesis/og.avif""]","[""assets/자동차/genesis/reference-1.webp"", ""assets/자동차/genesis/reference-2.webp"", ""assets/자동차/genesis/reference-3.webp""]"
자동차,KGM,kgm,https://www.kg-mobility.com/,https://www.kg-mobility.com,KGM - Enjoy with Confidence I KGM 공식 사이트,browser,,partial,reference:ValueError:https://www.facebook.com/tr?id=2135761540596175&ev=PageView&noscript=1; reference:ValueError:https://www.facebook.com/tr?id=275052072287915&ev=PageView&noscript=1,1,0,0,,0,,,,,,,,,[],[],[],[]
자동차,르노코리아,renault-korea,https://www.renault.co.kr/,https://www.renault.co.kr:443/ko/main/main.jsp,르노코리아 – 혁신적인 차량 및 르노 자동차 공식 웹사이트,200,,partial,,7,0,2,,3,,,,,,,,,[],"[""assets/자동차/renault-korea/banner-1.webp"", ""assets/자동차/renault-korea/banner-2.webp""]","[""assets/자동차/renault-korea/og.jpg""]","[""assets/자동차/renault-korea/reference-1.webp"", ""assets/자동차/renault-korea/reference-2.webp"", ""assets/자동차/renault-korea/reference-3.webp""]"
자동차,쉐보레 코리아,chevrolet-korea,https://www.chevrolet.co.kr/,https://www.chevrolet.co.kr/,쉐보레 코리아 - Together let’s drive,200,,complete,reference:ValueError:https://www.chevrolet.co.kr/etc.clientlibs/clientlibs/chevrolet/resources/fonts/roboto-regular-webfont.woff2; reference:ValueError:https://www.chevrolet.co.kr/etc.clientlibs/clientlibs/chevrolet/resources/fonts/roboto-bold-webfont.woff2; reference:ValueError:https://www.chevrolet.co.kr/etc.clientlibs/clientlibs/chevrolet/resources/fonts/roboto-medium-webfont.woff2,5,2,2,,0,,,,,,,,,"[""assets/자동차/chevrolet-korea/logo-1.svg"", ""assets/자동차/chevrolet-korea/logo-2.webp""]","[""assets/자동차/chevrolet-korea/banner-1.webp"", ""assets/자동차/chevrolet-korea/banner-2.webp""]",[],[]
자동차,Tesla Korea,tesla-korea,https://www.tesla.com/ko_kr,https://www.tesla.com/ko_kr,Access Denied,browser,,page-error,HTTPError: 403 Client Error: Forbidden for url: https://www.tesla.com/ko_kr,,,,,,,,,,,,,,[],[],[],[]
자동차,BMW Korea,bmw-korea,https://www.bmw.co.kr/,https://www.bmw.co.kr/ko/index.html,BMW 코리아 공식 홈페이지: 프리미엄 자동차와 혁신적인 기술,browser,,page-error,"ReadTimeout: HTTPSConnectionPool(host='www.bmw.co.kr', port=443): Read timed out. (read timeout=35)",,,,,,,,,,,,,,[],[],[],[]
자동차,MINI Korea,mini-korea,https://www.mini.co.kr/,https://www.mini.co.kr/ko_KR/home.html,MINI Korea | 완전히 새로워진 뉴 MINI 패밀리,browser,,page-error,"ReadTimeout: HTTPSConnectionPool(host='www.mini.co.kr', port=443): Read timed out. (read timeout=35)",,,,,,,,,,,,,,[],[],[],[]
자동차,Mercedes-Benz Korea,mercedes-benz-korea,https://www.mercedes-benz.co.kr/,https://www.mercedes-benz.co.kr/,Mercedes-Benz | South Korea - 공식 웹 사이트,browser,,page-error,"ReadTimeout: HTTPSConnectionPool(host='www.mercedes-benz.co.kr', port=443): Read timed out. (read timeout=35)",,,,,,,,,,,,,,[],[],[],[]
자동차,Audi Korea,audi-korea,https://www.audi.co.kr/,https://www.audi.co.kr/,Access Denied,browser,,page-error,HTTPError: 403 Client Error: Forbidden for url: https://www.audi.co.kr/,,,,,,,,,,,,,,[],[],[],[]
자동차,Volkswagen Korea,volkswagen-korea,https://www.volkswagen.co.kr/,https://www.volkswagen.co.kr/ko.html,폭스바겐코리아 공식 홈페이지 | Volkswagen Korea,200,,complete,,7,1,2,,2,,,,,,,,,"[""assets/자동차/volkswagen-korea/og.png""]","[""assets/자동차/volkswagen-korea/banner-1.webp"", ""assets/자동차/volkswagen-korea/banner-2.webp""]","[""assets/자동차/volkswagen-korea/og.png""]","[""assets/자동차/volkswagen-korea/reference-1.webp"", ""assets/자동차/volkswagen-korea/reference-2.webp""]"
자동차,Volvo Cars Korea,volvo-korea,https://www.volvocars.com/kr/,https://www.volvocars.com/kr/,Access Denied,browser,,page-error,HTTPError: 403 Client Error: Forbidden for url: https://www.volvocars.com/kr/,,,,,,,,,,,,,,[],[],[],[]
자동차,Porsche Korea,porsche-korea,https://www.porsche.com/korea/ko/,https://www.porsche.com/korea/ko/,포르쉐코리아 - 공식 웹사이트,200,,partial,,7,0,2,,3,,,,,,,,,[],"[""assets/자동차/porsche-korea/banner-1.webp"", ""assets/자동차/porsche-korea/banner-2.webp""]","[""assets/자동차/porsche-korea/og.webp""]","[""assets/자동차/porsche-korea/reference-1.webp"", ""assets/자동차/porsche-korea/reference-2.webp"", ""assets/자동차/porsche-korea/reference-3.webp""]"
자동차,Toyota Korea,toyota-korea,https://www.toyota.co.kr/,https://www.toyota.co.kr/,한국 토요타 자동차,200,,complete,reference:ValueError:https://www.facebook.com/tr?id=1865710630340839&ev=PageView&noscript=1; reference:ValueError:https://www.facebook.com/tr?id=246843276183216&ev=PageView&noscript=1; reference:ValueError:https://www.facebook.com/tr?id=2640360839473070&ev=PageView&noscript=1,9,2,2,,3,,,,,,,,,"[""assets/자동차/toyota-korea/logo-1.svg"", ""assets/자동차/toyota-korea/logo-2.svg""]","[""assets/자동차/toyota-korea/banner-1.webp"", ""assets/자동차/toyota-korea/banner-2.webp""]","[""assets/자동차/toyota-korea/og.jpg""]","[""assets/자동차/toyota-korea/reference-1.webp"", ""assets/자동차/toyota-korea/reference-2.webp"", ""assets/자동차/toyota-korea/reference-3.webp""]"
자동차,Lexus Korea,lexus-korea,https://www.lexus.co.kr/,https://www.lexus.co.kr/,Lexus Korea | Experience Amazing,200,,partial,,2,0,0,,0,,,,,,,,,[],[],"[""assets/자동차/lexus-korea/og.jpg""]",[]
자동차,Honda Korea,honda-korea,https://www.hondakorea.co.kr/,https://www.hondakorea.co.kr/,HONDA,200,,complete,,6,2,2,,1,,,,,,,,,"[""assets/자동차/honda-korea/logo-1.png"", ""assets/자동차/honda-korea/logo-2.png""]","[""assets/자동차/honda-korea/banner-1.webp"", ""assets/자동차/honda-korea/banner-2.webp""]",[],"[""assets/자동차/honda-korea/reference-1.webp""]"
자동차,Ford Korea,ford-korea,https://www.ford-korea.com/,https://www.ford-korea.com/,Access Denied,browser,,page-error,HTTPError: 403 Client Error: Forbidden for url: https://www.ford-korea.com/,,,,,,,,,,,,,,[],[],[],[]
자동차,Lincoln Korea,lincoln-korea,https://www.lincoln-korea.com/,https://www.lincoln-korea.com/,Access Denied,browser,,page-error,HTTPError: 403 Client Error: Forbidden for url: https://www.lincoln-korea.com/,,,,,,,,,,,,,,[],[],[],[]
자동차,Land Rover Korea,land-rover-korea,https://www.landroverkorea.co.kr/,https://www.landroverkorea.co.kr/index.html,랜드로버 | 궁극의 4x4 및 럭셔리 SUV,200,,complete,,9,2,2,,3,,,,,,,,,"[""assets/자동차/land-rover-korea/og.svg"", ""assets/자동차/land-rover-korea/logo-2.svg""]","[""assets/자동차/land-rover-korea/banner-1.webp"", ""assets/자동차/land-rover-korea/banner-2.webp""]","[""assets/자동차/land-rover-korea/og.svg""]","[""assets/자동차/land-rover-korea/reference-1.webp"", ""assets/자동차/land-rover-korea/reference-2.webp"", ""assets/자동차/land-rover-korea/reference-3.webp""]"
자동차,Jaguar Korea,jaguar-korea,https://www.jaguarkorea.co.kr/,https://www.jaguar.com/ko-kr/jdx/index.html,재규어 | 영감을 자극하는 열정 | 관습에 대한 도전,200,,complete,,8,1,2,,3,,,,,,,,,"[""assets/자동차/jaguar-korea/logo-1.svg""]","[""assets/자동차/jaguar-korea/banner-1.webp"", ""assets/자동차/jaguar-korea/banner-2.webp""]","[""assets/자동차/jaguar-korea/og.avif""]","[""assets/자동차/jaguar-korea/reference-1.webp"", ""assets/자동차/jaguar-korea/reference-2.webp"", ""assets/자동차/jaguar-korea/reference-3.webp""]"
자동차,Polestar Korea,polestar-korea,https://www.polestar.com/kr/,https://www.polestar.com/kr/,퍼포먼스를 위해 디자인된 전기차 | Polestar 대한민국,200,,partial,,7,2,0,,3,,,,,,,,,"[""assets/자동차/polestar-korea/logo-1.webp"", ""assets/자동차/polestar-korea/logo-2.webp""]",[],"[""assets/자동차/polestar-korea/og.avif""]","[""assets/자동차/polestar-korea/reference-1.webp"", ""assets/자동차/polestar-korea/reference-2.webp"", ""assets/자동차/polestar-korea/reference-3.webp""]"
자동차,BYD Korea,byd-korea,https://www.bydauto.kr/,https://www.bydauto.kr/index,BYD Korea,200,,complete,,9,2,2,,3,,,,,,,,,"[""assets/자동차/byd-korea/logo-1.webp"", ""assets/자동차/byd-korea/logo-2.webp""]","[""assets/자동차/byd-korea/banner-1.webp"", ""assets/자동차/byd-korea/banner-2.webp""]","[""assets/자동차/byd-korea/og.jpg""]","[""assets/자동차/byd-korea/reference-1.webp"", ""assets/자동차/byd-korea/reference-2.webp"", ""assets/자동차/byd-korea/reference-3.webp""]"
자동차,Jeep Korea,jeep-korea,https://www.jeep.co.kr/,https://www.jeep.co.kr/,The Official Website of Jeep® Korea,200,,complete,reference:ValueError:https://www.jeep.co.kr/etc.clientlibs/settings/wcm/designs/cross-regional/clientlibs/styles/MainNavigation.css?v=202682372157; reference:ValueError:https://www.jeep.co.kr/etc.clientlibs/settings/wcm/designs/cross-regional/clientlibs/styles/Hero.css?v=202682372157; reference:ValueError:https://www.jeep.co.kr/etc.clientlibs/settings/wcm/designs/cross-regional/clientlibs/styles/Footer.css?v=202682372157; reference:ValueError:https://www.jeep.co.kr/etc.clientlibs/settings/wcm/designs/cross-regional/clientlibs/styles/TileContainer.css?v=202682372157; reference:ValueError:https://www.jeep.co.kr/etc.clientlibs/settings/wcm/designs/cross-regional/clientlibs/styles/StandardPromoTile.css?v=202682372157; reference:ValueError:https://trc.taboola.com/1181301/log/3/unip?en=page_view,8,2,2,,3,,,,,,,,,"[""assets/자동차/jeep-korea/logo-1.png"", ""assets/자동차/jeep-korea/logo-2.png""]","[""assets/자동차/jeep-korea/banner-1.webp"", ""assets/자동차/jeep-korea/banner-2.webp""]",[],"[""assets/자동차/jeep-korea/reference-1.webp"", ""assets/자동차/jeep-korea/reference-2.webp"", ""assets/자동차/jeep-korea/reference-3.webp""]"
자동차,캐딜락 코리아,cadillac-korea,https://www.cadillac.co.kr/,https://www.cadillac.co.kr/,"Cadillac Korea: Luxury Vehicles, SUVs & Sedans",200,,complete,reference:ValueError:https://brands.gm-cdn.com/gbds/cadillac-2022/fonts/CadillacGothic-Medium.woff2; reference:ValueError:https://brands.gm-cdn.com/gbds/cadillac-2022/fonts/CadillacGothic-WideMedium.woff2; reference:ValueError:https://brands.gm-cdn.com/gbds/cadillac-2022/fonts/CadillacGothic-Bold.woff2; reference:ValueError:https://brands.gm-cdn.com/gbds/cadillac-2022/fonts/CadillacGothic-Regular.woff2; reference:ValueError:https://brands.gm-cdn.com/gbds/cadillac-2022/fonts/CadillacGothic-WideRegular.woff2,8,2,2,,3,,,,,,,,,"[""assets/자동차/cadillac-korea/logo-1.svg"", ""assets/자동차/cadillac-korea/logo-2.svg""]","[""assets/자동차/cadillac-korea/banner-1.webp"", ""assets/자동차/cadillac-korea/banner-2.webp""]",[],"[""assets/자동차/cadillac-korea/reference-1.webp"", ""assets/자동차/cadillac-korea/reference-2.webp"", ""assets/자동차/cadillac-korea/reference-3.webp""]"
자동차,한국타이어,hankook-tire,https://www.hankooktire.com/kr/ko/home.html,https://www.hankooktire.com/kr/ko/home.html,"한국타이어 | EV, 승용차, SUV, 트럭/버스 타이어",200,,complete,banner:ValueError:https://asset.hankooktire.com/content/dam/hankooktire/global/video/main/LC_hkt_bmw_brand_film_2025_12_390_750_251212.mp4; banner:ValueError:https://asset.hankooktire.com/content/dam/hankooktire/global/video/main/LC_hkt_bmw_brand_film_2025_12_1024_1000_251212.mp4; banner:ValueError:https://asset.hankooktire.com/content/dam/hankooktire/global/video/main/LC_hkt_BMW_brand_film_2025_12_1920_970_251212.mp4; reference:ValueError:https://asset.hankooktire.com/content/dam/hankooktire/global/video/main/LC_hkt_bmw_brand_film_2025_12_390_750_251212.mp4; reference:ValueError:https://asset.hankooktire.com/content/dam/hankooktire/global/video/main/LC_hkt_bmw_brand_film_2025_12_1024_1000_251212.mp4; reference:ValueError:https://asset.hankooktire.com/content/dam/hankooktire/global/video/main/LC_hkt_BMW_brand_film_2025_12_1920_970_251212.mp4,9,2,2,,3,,,,,,,,,"[""assets/자동차/hankook-tire/logo-1.svg"", ""assets/자동차/hankook-tire/logo-2.svg""]","[""assets/자동차/hankook-tire/banner-1.webp"", ""assets/자동차/hankook-tire/banner-2.webp""]","[""assets/자동차/hankook-tire/og.jpg""]","[""assets/자동차/hankook-tire/reference-1.webp"", ""assets/자동차/hankook-tire/reference-2.webp"", ""assets/자동차/hankook-tire/reference-3.webp""]"
자동차,금호타이어,kumho-tire,https://www.kumhotire.com/ko/,https://www.kumhotire.com/ko/,금호타이어 | Your Smart Mobility Partner,200,,complete,banner:ValueError:https://www.kumhotire.com/upload/video/1773725646149_7497244656999636333.mp4; reference:ValueError:https://www.kumhotire.com/upload/video/1773725646149_7497244656999636333.mp4,8,2,1,,3,,,,,,,,,"[""assets/자동차/kumho-tire/logo-1.webp"", ""assets/자동차/kumho-tire/logo-2.webp""]","[""assets/자동차/kumho-tire/banner-1.webp""]","[""assets/자동차/kumho-tire/og.jpg""]","[""assets/자동차/kumho-tire/reference-1.webp"", ""assets/자동차/kumho-tire/reference-2.webp"", ""assets/자동차/kumho-tire/reference-3.webp""]"
자동차,넥센타이어,nexen-tire,https://www.nexentire.com/kr/,https://www.nexentire.com/kr/,넥센타이어 | 전기차·SUV 프리미엄 타이어 | NEXEN TIRE,200,,partial,reference:ValueError:https://nexen-front.s3.ap-northeast-2.amazonaws.com/kr/kr_260310.mp4; reference:ValueError:https://nexen-front.s3.ap-northeast-2.amazonaws.com/kr/kr_2026061601.mp4; reference:ValueError:https://nexen-front.s3.ap-northeast-2.amazonaws.com/kr/kr_2026061602.mp4,7,2,0,,3,,,,,,,,,"[""assets/자동차/nexen-tire/logo-1.png"", ""assets/자동차/nexen-tire/logo-2.png""]",[],"[""assets/자동차/nexen-tire/og.jpg""]","[""assets/자동차/nexen-tire/reference-1.webp"", ""assets/자동차/nexen-tire/reference-2.webp"", ""assets/자동차/nexen-tire/reference-3.webp""]"
자동차,현대모비스,hyundai-mobis,https://www.mobis.com/kr/index.do,https://www.mobis.com/kr/index.do,현대모비스,200,,complete,banner:ValueError:https://www.mobis.com/resources/img/renew/content/Mobis_main_kv_01.mp4; reference:ValueError:https://www.mobis.com/resources/img/renew/content/Mobis_main_kv_01.mp4,7,1,2,,3,,,,,,,,,"[""assets/자동차/hyundai-mobis/logo-1.png""]","[""assets/자동차/hyundai-mobis/banner-1.webp"", ""assets/자동차/hyundai-mobis/banner-2.webp""]",[],"[""assets/자동차/hyundai-mobis/reference-1.webp"", ""assets/자동차/hyundai-mobis/reference-2.webp"", ""assets/자동차/hyundai-mobis/reference-3.webp""]"
자동차,HL만도,hl-mando,https://www.hlmando.com/,https://www.hlmando.com/ko/main.do,HL Mando 공식 웹사이트,browser,,partial,banner:ValueError:https://www.hlmando.com/kr/video/main/main_visual_230926.mp4; banner:ValueError:https://www.hlmando.com/kr/video/main/main_visual_230926_mo.mp4; reference:ValueError:https://www.hlmando.com/kr/video/main/main_visual_230926.mp4; reference:ValueError:https://www.hlmando.com/kr/video/main/main_visual_230926_mo.mp4; reference:ValueError:https://www.hlmando.com/kr/images/main/photo_dl_self_driving.gif,6,0,2,,3,,,,,,,,,[],"[""assets/자동차/hl-mando/banner-1.webp"", ""assets/자동차/hl-mando/banner-2.webp""]",[],"[""assets/자동차/hl-mando/reference-1.webp"", ""assets/자동차/hl-mando/reference-2.webp"", ""assets/자동차/hl-mando/reference-3.svg""]"
테크_플랫폼,네이버,naver,https://www.navercorp.com/,https://www.navercorp.com/main,NAVER Corp.,200,,complete,,9,2,2,,3,,,,,,,,,"[""assets/테크_플랫폼/naver/logo-1.png"", ""assets/테크_플랫폼/naver/logo-2.webp""]","[""assets/테크_플랫폼/naver/banner-1.webp"", ""assets/테크_플랫폼/naver/logo-1.png""]","[""assets/테크_플랫폼/naver/og.png""]","[""assets/테크_플랫폼/naver/reference-1.webp"", ""assets/테크_플랫폼/naver/reference-2.webp"", ""assets/테크_플랫폼/naver/reference-3.webp""]"
테크_플랫폼,카카오,kakao,https://www.kakaocorp.com/,https://www.kakaocorp.com/page/,카카오,200,,partial,reference:ValueError:https://www.facebook.com/tr?id=506344193746714&ev=PageView&noscript=1,5,0,0,,3,,,,,,,,,[],[],"[""assets/테크_플랫폼/kakao/og.png""]","[""assets/테크_플랫폼/kakao/reference-1.webp"", ""assets/테크_플랫폼/kakao/reference-2.webp"", ""assets/테크_플랫폼/kakao/reference-3.webp""]"
테크_플랫폼,라인,line,https://linecorp.com/ko/,https://www.linecorp.com/ko/,LINE Plus Corporation,200,,complete,banner:ValueError:https://vos.line-scdn.net/linecorp/LINE_CTD_SITE_FINAL_U10MB.mp4; reference:ValueError:https://vos.line-scdn.net/linecorp/LINE_CTD_SITE_FINAL_U10MB.mp4; reference:ValueError:https://lps-editor-2050.landpress.line.me/_next/static/css/b08cefd499e71b93.css,6,1,2,,1,,,,,,,,,"[""assets/테크_플랫폼/line/logo-1.svg""]","[""assets/테크_플랫폼/line/banner-1.webp"", ""assets/테크_플랫폼/line/banner-2.webp""]","[""assets/테크_플랫폼/line/og.png""]","[""assets/테크_플랫폼/line/reference-1.webp""]"
테크_플랫폼,Google,google,https://www.google.com/,https://www.google.com/,Google,200,,partial,banner:ValueError:https://www.google.com/; reference:ValueError:https://www.google.com/,1,0,0,,0,,,,,,,,,[],[],[],[]
테크_플랫폼,YouTube,youtube,https://www.youtube.com/,https://www.youtube.com/,YouTube,200,,partial,"reference:ValueError:https://i.ytimg.com/generate_204; reference:ValueError:https://www.youtube.com/s/_/ytmainappweb/_/js/k=ytmainappweb.kevlar_base.en_US.X5153_BoxyE.es5.O/am=AAAAAAEAEAASAw/d=1/br=1/rs=AGKMywG0zryG1UepiZcz87g52GxKGbi67w/m=kevlar_base_module,kevlar_main_module,kevlar_base_sync_mod_chunk",2,0,0,,0,,,,,,,,,[],[],"[""assets/테크_플랫폼/youtube/og.png""]",[]
테크_플랫폼,Apple,apple,https://www.apple.com/kr/,https://www.apple.com/kr/,Apple (대한민국),200,,complete,banner:HTTPError:https://www.apple.com/kr/R0lGODlhAQABAHAAACH5BAEAAAAALAAAAAABAAEAAAICRAEAOw==; reference:HTTPError:https://www.apple.com/kr/R0lGODlhAQABAHAAACH5BAEAAAAALAAAAAABAAEAAAICRAEAOw==,9,2,2,,3,,,,,,,,,"[""assets/테크_플랫폼/apple/logo-1.webp"", ""assets/테크_플랫폼/apple/logo-2.webp""]","[""assets/테크_플랫폼/apple/logo-2.webp"", ""assets/테크_플랫폼/apple/banner-2.webp""]","[""assets/테크_플랫폼/apple/og.png""]","[""assets/테크_플랫폼/apple/reference-1.webp"", ""assets/테크_플랫폼/apple/reference-2.webp"", ""assets/테크_플랫폼/apple/reference-3.webp""]"
테크_플랫폼,Microsoft,microsoft,https://www.microsoft.com/ko-kr/,https://www.microsoft.com/ko-kr/,"Your request has been blocked. This could be
                        due to several reasons.",200,,partial,,2,1,0,,0,,,,,,,,,"[""assets/테크_플랫폼/microsoft/logo-1.png""]",[],[],[]
테크_플랫폼,Amazon,amazon,https://www.amazon.com/,https://www.amazon.com/,,202,,partial,,1,0,0,,0,,,,,,,,,[],[],[],[]
테크_플랫폼,Meta,meta,https://about.meta.com/,https://www.meta.com/ko-kr/about/,"Meta 정보 | 소셜 테크놀로지, VR, AR, 혁신",browser,,page-error,HTTPError: 400 Client Error: Bad Request for url: https://www.meta.com/ko-kr/about/,,,,,,,,,,,,,,[],[],"[""assets/테크_플랫폼/meta/og.png""]",[]
테크_플랫폼,Netflix,netflix,https://www.netflix.com/kr/,https://www.netflix.com/kr/,넷플릭스 대한민국 - 인터넷으로 시리즈와 영화를 시청하세요,200,,partial,reference:ValueError:https://assets.nflxext.com/web/ffe/wp/ui/landingPages/nmhp/nmhpFrameworkClient.faa3eedc79f4909542f5.js; reference:ValueError:https://occ.a.nflxso.net/genc/hawkins/5.27.0/font/netflix-sans-core-variable-full.woff2; reference:ValueError:https://occ.a.nflxso.net/genc/hawkins/5.27.0/font/netflix-sans-mono-variable-full.woff2,4,1,0,,2,,,,,,,,,"[""assets/테크_플랫폼/netflix/logo-1.svg""]",[],[],"[""assets/테크_플랫폼/netflix/reference-1.webp"", ""assets/테크_플랫폼/netflix/reference-2.webp""]"
테크_플랫폼,OpenAI,openai,https://openai.com/,https://openai.com/,OpenAI | Research & Deployment,200,,partial,,7,0,2,,3,,,,,,,,,[],"[""assets/테크_플랫폼/openai/banner-1.webp"", ""assets/테크_플랫폼/openai/banner-2.webp""]","[""assets/테크_플랫폼/openai/og.png""]","[""assets/테크_플랫폼/openai/reference-1.webp"", ""assets/테크_플랫폼/openai/banner-2.webp"", ""assets/테크_플랫폼/openai/reference-3.webp""]"
테크_플랫폼,Adobe,adobe,https://www.adobe.com/kr/,https://www.adobe.com/kr/,www.adobe.com,browser,,page-error,"ReadTimeout: HTTPSConnectionPool(host='www.adobe.com', port=443): Read timed out. (read timeout=35)",,,,,,,,,,,,,,[],[],[],[]
테크_플랫폼,Zoom,zoom,https://www.zoom.com/,https://www.zoom.com/,One platform to connect | Zoom,200,,complete,banner:ValueError:https://st1.zoom.us/homepage/20260825-1235/primary/dist/assets/zoommedia/ZoomMate.webp; reference:ValueError:https://st1.zoom.us/homepage/20260825-1235/primary/dist/assets/zoommedia/my-notes-hp-card.webp; reference:ValueError:https://st1.zoom.us/homepage/20260825-1235/primary/dist/assets/zoommedia/ZoomMate.webp; reference:ValueError:https://st1.zoom.us/homepage/20260825-1235/primary/dist/assets/zoommedia/AI-suite.webp,9,2,2,,3,,,,,,,,,"[""assets/테크_플랫폼/zoom/logo-1.png"", ""assets/테크_플랫폼/zoom/logo-2.png""]","[""assets/테크_플랫폼/zoom/banner-1.webp"", ""assets/테크_플랫폼/zoom/banner-2.webp""]","[""assets/테크_플랫폼/zoom/og.png""]","[""assets/테크_플랫폼/zoom/reference-1.webp"", ""assets/테크_플랫폼/zoom/reference-2.webp"", ""assets/테크_플랫폼/zoom/reference-3.webp""]"
테크_플랫폼,Slack,slack,https://slack.com/,https://slack.com/intl/ko-kr/,Slack | AI 업무 플랫폼 및 생산성 도구,200,,partial,banner:ValueError:https://a.slack-edge.com/55e8901/marketing/img/homepage/revamped-25/hero/hp-channels.ko-KR@2x.mp4; banner:ValueError:https://a.slack-edge.com/55e8901/marketing/img/homepage/revamped-25/hero/hp-channels.ko-KR@2x.webm; banner:ValueError:https://a.slack-edge.com/55e8901/marketing/img/homepage/revamped-25/hero/hp-workflows.ko-KR@2x.mp4; banner:ValueError:https://a.slack-edge.com/55e8901/marketing/img/homepage/revamped-25/hero/hp-workflows.ko-KR@2x.webm; banner:ValueError:https://a.slack-edge.com/ee043bc/marketing/img/homepage/revamped-25/hero/video-3p-app-orchestration.ko-KR.webm; banner:ValueError:https://a.slack-edge.com/ee043bc/marketing/img/homepage/revamped-25/hero/video-3p-app-orchestration.ko-KR.mp4,6,2,0,,3,,,,,,,,,"[""assets/테크_플랫폼/slack/logo-1.png"", ""assets/테크_플랫폼/slack/logo-2.png""]",[],[],"[""assets/테크_플랫폼/slack/reference-1.webp"", ""assets/테크_플랫폼/slack/reference-2.webp"", ""assets/테크_플랫폼/slack/reference-3.webp""]"
테크_플랫폼,Notion,notion,https://www.notion.com/ko,https://www.notion.com/ko,나만을 위한 AI 워크스페이스 | Notion (노션),200,,complete,,6,2,1,,1,,,,,,,,,"[""assets/테크_플랫폼/notion/logo-1.svg"", ""assets/테크_플랫폼/notion/logo-2.svg""]","[""assets/테크_플랫폼/notion/banner-1.webp""]","[""assets/테크_플랫폼/notion/og.jpg""]","[""assets/테크_플랫폼/notion/reference-1.svg""]"
테크_플랫폼,Dropbox,dropbox,https://www.dropbox.com/,https://www.dropbox.com/,"Dropbox: 안전한 클라우드 저장소, 파일 공유 등",200,,complete,reference:ValueError:https://cfl.dropboxstatic.com/static/metaserver/static/fonts/dig-fonts/atlas_grotesk/AtlasGrotesk-Medium-Web-vfl38XiTL.woff2; reference:ValueError:https://cfl.dropboxstatic.com/static/metaserver/static/fonts/dig-fonts/atlas_grotesk/AtlasGrotesk-Regular-Web-vflk7bxjs.woff2; reference:ValueError:https://cfl.dropboxstatic.com/static/metaserver/static/fonts/dig-fonts/sharp_grotesk/SharpGroteskDBCyrBook20-vfl6-4ZSp.woff2; reference:ValueError:https://cfl.dropboxstatic.com/static/metaserver/static/fonts/dig-fonts/sharp_grotesk/SharpGroteskDBCyrMedium20-vflI3qtaE.woff2; reference:ValueError:https://cfl.dropboxstatic.com/static/metaserver/static/fonts/dig-fonts/sharp_grotesk_23/SharpGroteskDBCyrBook23-vflX-NIwB.woff2; reference:ValueError:https://cfl.dropboxstatic.com/static/metaserver/static/fonts/sharpgrotesk/SharpGroteskDBMedium22-vflJ24ZPh.woff2,5,2,2,,0,,,,,,,,,"[""assets/테크_플랫폼/dropbox/logo-1.webp"", ""assets/테크_플랫폼/dropbox/logo-2.svg""]","[""assets/테크_플랫폼/dropbox/banner-1.webp"", ""assets/테크_플랫폼/dropbox/banner-2.webp""]",[],[]
테크_플랫폼,GitHub,github,https://github.com/,https://github.com/,GitHub · Change is constant. GitHub keeps you ahead. · GitHub,200,,complete,,9,2,2,,3,,,,,,,,,"[""assets/테크_플랫폼/github/logo-1.svg"", ""assets/테크_플랫폼/github/logo-2.svg""]","[""assets/테크_플랫폼/github/banner-1.webp"", ""assets/테크_플랫폼/github/banner-2.webp""]","[""assets/테크_플랫폼/github/og.png""]","[""assets/테크_플랫폼/github/reference-1.webp"", ""assets/테크_플랫폼/github/reference-2.webp"", ""assets/테크_플랫폼/github/reference-3.webp""]"
테크_플랫폼,NVIDIA,nvidia,https://www.nvidia.com/ko-kr/,https://www.nvidia.com/ko-kr/,인공 지능 컴퓨팅의 세계적인 리더 | NVIDIA,200,,complete,banner:HTTPError:https://www.nvidia.com/ko-kr/iVBORw0KGgoAAAANSUhEUgAAAAEAAAABCAQAAAC1HAwCAAAAC0lEQVR42mNkYAAAAAYAAjCB0C8AAAAASUVORK5CYII=; reference:HTTPError:https://www.nvidia.com/ko-kr/iVBORw0KGgoAAAANSUhEUgAAAAEAAAABCAQAAAC1HAwCAAAAC0lEQVR42mNkYAAAAAYAAjCB0C8AAAAASUVORK5CYII=; reference:ValueError:https://images.nvidia.com/etc/designs/nvidiaGDC/clientlibs_base/fonts/nvidia-sans/APAC/var/NVIDIASansVF_APAC_W_Wght.woff2,7,1,2,,2,,,,,,,,,"[""assets/테크_플랫폼/nvidia/logo-1.svg""]","[""assets/테크_플랫폼/nvidia/banner-1.webp"", ""assets/테크_플랫폼/nvidia/banner-2.webp""]","[""assets/테크_플랫폼/nvidia/og.jpg""]","[""assets/테크_플랫폼/nvidia/reference-1.svg"", ""assets/테크_플랫폼/nvidia/reference-2.svg""]"
테크_플랫폼,Intel,intel,https://www.intel.co.kr/,https://www.intel.com/content/www/kr/ko/homepage.html,Intel Inside - AI용으로 제작,browser,,page-error,HTTPError: 403 Client Error: Forbidden for url: https://www.intel.com/content/www/kr/ko/homepage.html,,,,,,,,,,,,,,[],[],[],[]
테크_플랫폼,AMD,amd,https://www.amd.com/ko.html,https://www.amd.com/ko.html,AMD ׀ together we advance_AI,200,,complete,,9,2,2,,3,,,,,,,,,"[""assets/테크_플랫폼/amd/logo-1.svg"", ""assets/테크_플랫폼/amd/logo-2.webp""]","[""assets/테크_플랫폼/amd/banner-1.webp"", ""assets/테크_플랫폼/amd/banner-2.webp""]","[""assets/테크_플랫폼/amd/og.avif""]","[""assets/테크_플랫폼/amd/reference-1.webp"", ""assets/테크_플랫폼/amd/reference-2.webp"", ""assets/테크_플랫폼/amd/reference-3.webp""]"
테크_플랫폼,당근,daangn,https://about.daangn.com/,https://about.daangn.com/,당근 회사소개,200,,partial,reference:HTTPError:https://about.daangn.com/fc8a681e60b6bcb23f033caef0468bee.svg,2,0,0,,0,,,,,,,,,[],[],"[""assets/테크_플랫폼/daangn/og.jpg""]",[]
테크_플랫폼,우아한형제들,woowa-brothers,https://www.woowahan.com/,https://www.woowahan.com/,보안 위배 접근 제한 페이지 1,browser,,page-error,HTTPError: 403 Client Error: Forbidden for url: https://www.woowahan.com/,,,,,,,,,,,,,,[],[],[],[]
테크_플랫폼,토스,toss,https://toss.im/,https://toss.im/,토스,200,,partial,reference:ValueError:https://static.toss.im/frontend/new.toss.im/toss-im-new/_next/static/chunks/webpack-79988c72b014de1f.js; reference:ValueError:https://static.toss.im/assets/toss-im/asset/intro-main.mp4,3,1,0,,0,,,,,,,,,"[""assets/테크_플랫폼/toss/logo-1.png""]",[],"[""assets/테크_플랫폼/toss/og.jpg""]",[]
테크_플랫폼,직방,zigbang,https://www.zigbang.com/,https://www.zigbang.com/,"Beyond Home, Zigbang",200,,partial,,7,0,2,,3,,,,,,,,,[],"[""assets/테크_플랫폼/zigbang/banner-1.webp"", ""assets/테크_플랫폼/zigbang/banner-2.webp""]","[""assets/테크_플랫폼/zigbang/og.png""]","[""assets/테크_플랫폼/zigbang/reference-1.webp"", ""assets/테크_플랫폼/zigbang/reference-2.webp"", ""assets/테크_플랫폼/zigbang/reference-3.webp""]"
테크_플랫폼,리디,ridibooks,https://ridicorp.com/,,,error,HTTPError: 403 Client Error: Forbidden for url: https://ridicorp.com/ | Browser retry RuntimeError: no usable HTML | Browser retry RuntimeError: no usable HTML | Browser retry RuntimeError: no usable HTML,page-error,HTTPError: 403 Client Error: Forbidden for url: https://ridicorp.com/,,,,,,,,,,,,,,[],[],[],[]
테크_플랫폼,야놀자,yanolja,https://www.yanolja.com/,https://nol.yanolja.com:443/,"NOL(야놀자) | 전세계 숙소, 항공, 레저, 공연 특가",200,,complete,logo:HTTPError:https://yaimg.yanolja.com/public/icon/yanolja.svg; reference:HTTPError:https://yaimg.yanolja.com/public/icon/yanolja.svg,9,2,2,,3,,,,,,,,,"[""assets/테크_플랫폼/yanolja/logo-1.svg"", ""assets/테크_플랫폼/yanolja/logo-2.png""]","[""assets/테크_플랫폼/yanolja/banner-1.webp"", ""assets/테크_플랫폼/yanolja/banner-2.webp""]","[""assets/테크_플랫폼/yanolja/og.png""]","[""assets/테크_플랫폼/yanolja/reference-1.webp"", ""assets/테크_플랫폼/yanolja/reference-2.webp"", ""assets/테크_플랫폼/yanolja/reference-3.webp""]"
테크_플랫폼,여기어때,goodchoice,https://www.goodchoice.kr/,https://www.yeogi.com,"여기어때 | 해외여행, 호텔, 리조트, 캠핑, 펜션, 모텔, 풀빌라, 패키지여행, 항공권 예약",200,,partial,reference:ValueError:https://static.yeogi.com/_next/static/css/d81c766f4dcfffde.css; reference:ValueError:https://static.yeogi.com/_next/static/css/bcab5a3441d6fe32.css,3,1,0,,0,,,,,,,,,"[""assets/테크_플랫폼/goodchoice/logo-1.png""]",[],"[""assets/테크_플랫폼/goodchoice/og.png""]",[]
테크_플랫폼,컬리,kurly,https://www.kurly.com/,https://www.kurly.com/main,컬리 - 마켓컬리/뷰티컬리,200,,partial,logo:HTTPError:https://res.kurly.com/images/marketkurly/logo_x3.png; reference:ValueError:https://res.kurly.com/dist/kurlymall-nx/_next/static/css/dd508380946e6ac4.css,2,0,0,,0,,,,,,,,,[],[],"[""assets/테크_플랫폼/kurly/og.jpg""]",[]
테크_플랫폼,두나무,dunamu,https://www.dunamu.com/,https://www.dunamu.com/,두나무,200,,partial,reference:ValueError:https://www.dunamu.com/_next/static/css/cd245f47045c0cda.css,3,0,1,,0,,,,,,,,,[],"[""assets/테크_플랫폼/dunamu/banner-1.svg""]","[""assets/테크_플랫폼/dunamu/og.png""]",[]
테크_플랫폼,업비트,upbit,https://upbit.com/,https://www.upbit.com/,업비트(Upbit),200,,partial,reference:ValueError:https://upbit-web-dist.upbit.com/upbit-web/sri-v2-chunk-YQ0GCZDs.js; reference:ValueError:https://upbit-web-dist.upbit.com/upbit-web/sri-v2-chunk-DY5mpOBG.js; reference:ValueError:https://upbit-web-dist.upbit.com/upbit-web/sri-v2-chunk-13jm8SjJ.js; reference:ValueError:https://upbit-web-dist.upbit.com/upbit-web/sri-v2-chunk-lc_m_UqP.js; reference:ValueError:https://upbit-web-dist.upbit.com/upbit-web/sri-v2-chunk-BUHwlOJ6.js; reference:ValueError:https://upbit-web-dist.upbit.com/upbit-web/sri-v2-chunk-BWtreyQF.js,2,0,0,,0,,,,,,,,,[],[],"[""assets/테크_플랫폼/upbit/og.png""]",[]
유통_커머스,쿠팡,coupang,https://www.coupang.com/,https://www.coupang.com/,Access Denied,browser,,page-error,HTTPError: 403 Client Error: Forbidden for url: https://www.coupang.com/,,,,,,,,,,,,,,[],[],[],[]
유통_커머스,네이버쇼핑,naver-shopping,https://shopping.naver.com/,https://shopv.pstatic.net/web/maintenance/internal-error.html?timestamp=202609020931,에러 페이지 : 네이버 쇼핑,browser,,partial,,1,1,0,,0,,,,,,,,,"[""assets/유통_커머스/naver-shopping/logo-1.png""]",[],[],[]
유통_커머스,SSG닷컴,ssg,https://www.ssg.com/,https://www.ssg.com/,신세계적 쇼핑포털 SSG.COM,browser,,page-error,HTTPError: 403 Client Error: Forbidden for url: https://www.ssg.com/,,,,,,,,,,,,,,[],[],[],[]
유통_커머스,G마켓,gmarket,https://www.gmarket.co.kr/,https://www.gmarket.co.kr/,잠시만 기다리십시오…,browser,,page-error,HTTPError: 403 Client Error: Forbidden for url: https://www.gmarket.co.kr/,,,,,,,,,,,,,,[],[],[],[]
유통_커머스,옥션,auction,https://www.auction.co.kr/,https://www.auction.co.kr/,잠시만 기다리십시오…,browser,,page-error,HTTPError: 403 Client Error: Forbidden for url: https://www.auction.co.kr/,,,,,,,,,,,,,,[],[],[],[]
유통_커머스,11번가,11st,https://www.11st.co.kr/,https://www.11st.co.kr/,11번가,200,,partial,,1,0,0,,0,,,,,,,,,[],[],[],[]
유통_커머스,롯데ON,lotte-on,https://www.lotteon.com/,https://www.lotteon.com/p/display/main/lotteon,롯데ON,200,,partial,reference:ValueError:https://static.lotteon.com/p/display/assets/js/chunk/vue-js-modal.DCI8ecg3.js; reference:ValueError:https://static.lotteon.com/p/display/assets/js/chunk/babel-runtime.Bw7bGQba.js; reference:ValueError:https://static.lotteon.com/p/display/assets/js/chunk/popper.js.Btx0ddEl.js; reference:ValueError:https://static.lotteon.com/p/display/assets/js/chunk/lodash.BEuM2GLt.js; reference:ValueError:https://static.lotteon.com/p/display/assets/js/chunk/vue-resize.D8GX4Ofg.js; reference:ValueError:https://static.lotteon.com/p/display/assets/js/chunk/v-tooltip.B6uM8vk5.js,3,1,0,,0,,,,,,,,,"[""assets/유통_커머스/lotte-on/logo-1.png""]",[],"[""assets/유통_커머스/lotte-on/og.png""]",[]
유통_커머스,이마트,emart,https://www.emart.com/,https://store.emart.com:443/,헬로! 이마트,browser,,partial,,2,0,0,,0,,,,,,,,,[],[],"[""assets/유통_커머스/emart/og.jpg""]",[]
유통_커머스,롯데마트,lotte-mart,https://www.lottemart.com/,https://lottemartzetta.com:443/,롯데마트 제타ㅣ온라인 신선 장보기 몰,200,,partial,,6,2,0,,3,,,,,,,,,"[""assets/유통_커머스/lotte-mart/logo-1.webp"", ""assets/유통_커머스/lotte-mart/logo-2.webp""]",[],[],"[""assets/유통_커머스/lotte-mart/reference-1.webp"", ""assets/유통_커머스/lotte-mart/reference-2.webp"", ""assets/유통_커머스/lotte-mart/reference-3.webp""]"
유통_커머스,홈플러스,homeplus,https://front.homeplus.co.kr/,https://mfront.homeplus.co.kr/,홈플러스 :: 당일배송 온라인 마트 장보기,200,,partial,reference:ValueError:https://mfront.homeplus.co.kr/assets/js/vendor-Cqib3ghv.js,3,1,0,,0,,,,,,,,,"[""assets/유통_커머스/homeplus/logo-1.svg""]",[],"[""assets/유통_커머스/homeplus/og.png""]",[]
유통_커머스,신세계백화점,shinsegae-department,https://www.shinsegae.com/,https://www.shinsegae.com/,신세계백화점,browser,,partial,,2,0,0,,0,,,,,,,,,[],[],"[""assets/유통_커머스/shinsegae-department/og.jpg""]",[]
유통_커머스,롯데백화점,lotte-department,https://www.lotteshopping.com/,https://www.lotteshopping.com/main,롯데백화점,200,,complete,,8,2,1,,3,,,,,,,,,"[""assets/유통_커머스/lotte-department/logo-1.svg"", ""assets/유통_커머스/lotte-department/logo-2.svg""]","[""assets/유통_커머스/lotte-department/banner-1.webp""]","[""assets/유통_커머스/lotte-department/og.png""]","[""assets/유통_커머스/lotte-department/reference-1.webp"", ""assets/유통_커머스/lotte-department/reference-2.webp"", ""assets/유통_커머스/lotte-department/reference-3.webp""]"
유통_커머스,현대백화점,hyundai-department,https://www.ehyundai.com/,https://www.ehyundai.com/,현대백화점,200,,partial,,1,0,0,,0,,,,,,,,,[],[],[],[]
유통_커머스,무신사,musinsa,https://www.musinsa.com/,https://www.musinsa.com/main/musinsa/recommend,무신사,200,,partial,reference:ValueError:https://static.msscdn.net/static/v4/search-home/search-home.js; reference:ValueError:https://static.msscdn.net/static/v4/pc/home/home.js; reference:ValueError:https://static.msscdn.net/static/mss-frontend-web/_next/static/css/69a34681b8a245da.css,2,0,0,,0,,,,,,,,,[],[],"[""assets/유통_커머스/musinsa/og.png""]",[]
유통_커머스,29CM,29cm,https://www.29cm.co.kr/,https://www.29cm.co.kr/,감도 깊은 취향 셀렉트샵 29CM,200,,partial,,7,2,0,,3,,,,,,,,,"[""assets/유통_커머스/29cm/favicon.png"", ""assets/유통_커머스/29cm/logo-2.png""]",[],"[""assets/유통_커머스/29cm/og.png""]","[""assets/유통_커머스/29cm/reference-1.webp"", ""assets/유통_커머스/29cm/reference-2.webp"", ""assets/유통_커머스/29cm/reference-3.webp""]"
유통_커머스,W컨셉,wconcept,https://www.wconcept.co.kr/,https://display.wconcept.co.kr/rn/women,W컨셉(W CONCEPT),200,,partial,reference:ValueError:https://www.facebook.com/tr?id=602779483174145&ev=PageView&noscript=1; reference:ValueError:https://wstatic.wconcept.co.kr/newdisplay/prod/198/_next/static/chunks/0hr~1smur4tio.js; reference:ValueError:https://static.wconcept.co.kr/mobile/css/fonts/pretendard/pretendard-subset.css; reference:ValueError:https://www.googletagmanager.com/gtag/js?id=AW-856703668; reference:ValueError:https://connect.facebook.net/en_US/fbevents.js,2,0,0,,0,,,,,,,,,[],[],"[""assets/유통_커머스/wconcept/og.png""]",[]
유통_커머스,지그재그,zigzag,https://zigzag.kr/,https://zigzag.kr/,지그재그 스토어,200,,partial,reference:ValueError:https://www.facebook.com/tr?id=1905064643463637&ev=PageView&noscript=1; reference:ValueError:https://cf.res.s.zigzag.kr/fonts/Pretendard/Pretendard-Bold.subset.woff2; reference:ValueError:https://cf.res.s.zigzag.kr/fonts/Pretendard/Pretendard-SemiBold.subset.woff2; reference:ValueError:https://cf.res.s.zigzag.kr/fonts/Pretendard/Pretendard-Regular.subset.woff2; reference:ValueError:https://cf.res.s.zigzag.kr/fonts/Pretendard/Pretendard-Medium.subset.woff2; reference:ValueError:https://www.zigzag.kr/resources/latest/arm64/website/_next/static/css/ed232d3ec5b46f70.css,3,1,0,,0,,,,,,,,,"[""assets/유통_커머스/zigzag/logo-1.png""]",[],"[""assets/유통_커머스/zigzag/og.png""]",[]
유통_커머스,에이블리,ably,https://a-bly.com/,https://mobile.a-bly.com/,,200,,partial,reference:ValueError:https://mobile.a-bly.com/Pretendard-400.subset.woff2; reference:ValueError:https://mobile.a-bly.com/Pretendard-600.subset.woff2,1,0,0,,0,,,,,,,,,[],[],[],[]
유통_커머스,오늘의집,ohouse,https://www.ohou.se/,https://www.ohou.se/,Access Denied,browser,,page-error,HTTPError: 403 Client Error: Forbidden for url: https://www.ohou.se/,,,,,,,,,,,,,,[],[],[],[]
유통_커머스,다이소,daiso,https://www.daiso.co.kr/,https://www.daiso.co.kr/,"국민가게, 다이소",200,,partial,,2,0,0,,0,,,,,,,,,[],[],"[""assets/유통_커머스/daiso/og.jpg""]",[]
유통_커머스,CJ올리브영,olive-young,https://www.oliveyoung.co.kr/,https://www.oliveyoung.co.kr/,잠시만 기다리십시오…,browser,,page-error,HTTPError: 403 Client Error: Forbidden for url: https://www.oliveyoung.co.kr/,,,,,,,,,,,,,,[],[],[],[]
유통_커머스,GS25,gs25,https://gs25.gsretail.com/,https://www.gsretail.com/brand/gs25,GS Retail,200,,partial,,1,0,0,,0,,,,,,,,,[],[],[],[]
유통_커머스,CU,cu,https://cu.bgfretail.com/,https://cu.bgfretail.com/,NICE TO CU,200,,partial,reference:HTTPError:https://cu.bgfretail.com/images/common/new/btn_gnb_close.png alt=; reference:HTTPError:https://cdn2.bgfretail.com,7,2,0,,3,,,,,,,,,"[""assets/유통_커머스/cu/logo-1.png"", ""assets/유통_커머스/cu/logo-2.png""]",[],"[""assets/유통_커머스/cu/og.jpg""]","[""assets/유통_커머스/cu/reference-1.webp"", ""assets/유통_커머스/cu/reference-2.webp"", ""assets/유통_커머스/cu/reference-3.webp""]"
유통_커머스,세븐일레븐 코리아,7eleven-korea,https://www.7-eleven.co.kr/,https://www.7-eleven.co.kr/,"Life Changing Experience, 고객의 마음속 첫번째 편의점 세븐일레븐",200,,complete,reference:ValueError:http://ssl.logger.co.kr/tracker.tsp?u=18719&js=N,7,1,2,,3,,,,,,,,,"[""assets/유통_커머스/7eleven-korea/logo-1.png""]","[""assets/유통_커머스/7eleven-korea/banner-1.webp"", ""assets/유통_커머스/7eleven-korea/banner-2.webp""]",[],"[""assets/유통_커머스/7eleven-korea/reference-1.webp"", ""assets/유통_커머스/7eleven-korea/reference-2.webp"", ""assets/유통_커머스/7eleven-korea/reference-3.webp""]"
유통_커머스,이마트24,emart24,https://www.emart24.co.kr/,https://emart24.co.kr/,홈 - 이마트24,browser,,partial,,2,2,0,,0,,,,,,,,,"[""assets/유통_커머스/emart24/logo-1.png"", ""assets/유통_커머스/emart24/logo-2.png""]",[],[],[]
금융,KB국민은행,kb-bank,https://www.kbstar.com/,https://www.kbstar.com/,KB국민은행,200,,partial,,1,0,0,,0,,,,,,,,,[],[],[],[]
금융,신한은행,shinhan-bank,https://www.shinhan.com/,https://www.shinhan.com/,Shinhan Bank,200,,partial,,1,0,0,,0,,,,,,,,,[],[],[],[]
금융,하나은행,hana-bank,https://www.kebhana.com/,https://www.kebhana.com/,하나은행,200,,partial,,1,0,0,,0,,,,,,,,,[],[],[],[]
금융,우리은행,woori-bank,https://www.wooribank.com/,https://www.wooribank.com/,우리은행,200,,partial,,4,0,0,,3,,,,,,,,,[],[],[],"[""assets/금융/woori-bank/reference-1.webp"", ""assets/금융/woori-bank/reference-2.webp"", ""assets/금융/woori-bank/reference-3.webp""]"
금융,NH농협은행,nh-bank,https://banking.nonghyup.com/,https://banking.nonghyup.com/,NH Bank - 농협인터넷뱅킹,browser,,partial,,1,0,0,,0,,,,,,,,,[],[],[],[]
금융,IBK기업은행,ibk-bank,https://www.ibk.co.kr/,https://www.ibk.co.kr/,IBK기업은행,200,,complete,,5,1,2,,0,,,,,,,,,"[""assets/금융/ibk-bank/logo-1.png""]","[""assets/금융/ibk-bank/banner-1.webp"", ""assets/금융/ibk-bank/banner-2.webp""]","[""assets/금융/ibk-bank/og.png""]",[]
금융,SC제일은행,sc-bank,https://www.standardchartered.co.kr/,https://www.standardchartered.co.kr/,SC제일은행,browser,,partial,,1,0,0,,0,,,,,,,,,[],[],[],[]
금융,카카오뱅크,kakao-bank,https://www.kakaobank.com/,https://www.kakaobank.com/,카카오뱅크,200,,partial,banner:ValueError:https://fde-kkb-prod-krc-stkkbprodkrcblob-g4h6eybzded7e9ha.a01.azurefd.net/prod/video/KO/main-visual-video_pc.mp4; banner:ValueError:https://www.kakaobank.com/,7,2,0,,3,,,,,,,,,"[""assets/금융/kakao-bank/logo-1.png"", ""assets/금융/kakao-bank/logo-2.png""]",[],"[""assets/금융/kakao-bank/og.png""]","[""assets/금융/kakao-bank/reference-1.webp"", ""assets/금융/kakao-bank/reference-2.webp"", ""assets/금융/kakao-bank/reference-3.webp""]"
금융,토스뱅크,toss-bank,https://www.tossbank.com/,https://www.tossbank.com/,토스뱅크,200,,complete,,9,2,2,,3,,,,,,,,,"[""assets/금융/toss-bank/logo-1.svg"", ""assets/금융/toss-bank/logo-2.png""]","[""assets/금융/toss-bank/banner-1.webp"", ""assets/금융/toss-bank/banner-2.webp""]","[""assets/금융/toss-bank/og.png""]","[""assets/금융/toss-bank/reference-1.webp"", ""assets/금융/toss-bank/reference-2.webp"", ""assets/금융/toss-bank/reference-3.webp""]"
금융,케이뱅크,k-bank,https://www.kbanknow.com/,https://www.kbanknow.com/web/web-home/home/main,케이뱅크,200,,partial,,6,1,0,,3,,,,,,,,,"[""assets/금융/k-bank/logo-1.svg""]",[],"[""assets/금융/k-bank/og.png""]","[""assets/금융/k-bank/reference-1.webp"", ""assets/금융/k-bank/reference-2.webp"", ""assets/금융/k-bank/reference-3.webp""]"
금융,KB국민카드,kb-card,https://card.kbcard.com/,https://card.kbcard.com/CMN/DVIEW/HOAMCXPRIZZC0002,국민의 행복생활 파트너 KB국민카드,200,,complete,,8,1,2,,3,,,,,,,,,"[""assets/금융/kb-card/logo-1.png""]","[""assets/금융/kb-card/banner-1.webp"", ""assets/금융/kb-card/banner-2.webp""]","[""assets/금융/kb-card/og.jpg""]","[""assets/금융/kb-card/reference-1.webp"", ""assets/금융/kb-card/reference-2.webp"", ""assets/금융/kb-card/reference-3.webp""]"
금융,신한카드,shinhan-card,https://www.shinhancard.com/,https://www.shinhancard.com/,신한카드,200,,partial,,5,0,0,,3,,,,,,,,,[],[],"[""assets/금융/shinhan-card/og.png""]","[""assets/금융/shinhan-card/reference-1.webp"", ""assets/금융/shinhan-card/reference-2.webp"", ""assets/금융/shinhan-card/reference-3.webp""]"
금융,삼성카드,samsung-card,https://www.samsungcard.com/,https://www.samsungcard.com/,삼성카드,browser,,partial,,2,0,0,,0,,,,,,,,,[],[],"[""assets/금융/samsung-card/og.jpg""]",[]
금융,현대카드,hyundai-card,https://www.hyundaicard.com/,,,error,"SSLError: HTTPSConnectionPool(host='www.hyundaicard.com', port=443): Max retries exceeded with url: / (Caused by SSLError(SSLError(1, '[SSL: UNSAFE_LEGACY_RENEGOTIATION_DISABLED] unsafe legacy renegotiation disabled (_ssl.c:1081)'))) | Browser retry TimeoutExpired: Command '['C:\\Program Files\\Google\\Chrome\\Application\\chrome.exe', '--headless=new', '--disable-gpu', '--disable-extensions', '--no-first-run', '--no-default-browser-check', '--disable-background-networking', '--disable-component-update', '--disable-sync', '--hide-scrollbars', '--window-size=1440,900', '--virtual-time-budget=4500', '--user-data-dir=C:\\Users\\USER\\AppData\\Local\\Temp\\favicon-browser-llzkd2m7', '--dump-dom', 'https://www.hyundaicard.com/']' timed out after 50 seconds | Browser retry TimeoutExpired: Command '['C:\\Program Files\\Google\\Chrome\\Application\\chrome.exe', '--headless=new', '--disable-gpu', '--disable-extensions', '--no-first-run', '--no-default-browser-check', '--disable-background-networking', '--disable-component-update', '--disable-sync', '--hide-scrollbars', '--window-size=1440,900', '--virtual-time-budget=4500', '--user-data-dir=C:\\Users\\USER\\AppData\\Local\\Temp\\favicon-browser-mgdp6r6b', '--dump-dom', 'https://www.hyundaicard.com/']' timed out after 50 seconds | Browser retry TimeoutExpired: Command '['C:\\Program Files\\Google\\Chrome\\Application\\chrome.exe', '--headless=new', '--disable-gpu', '--disable-extensions', '--no-first-run', '--no-default-browser-check', '--disable-background-networking', '--disable-component-update', '--disable-sync', '--hide-scrollbars', '--window-size=1440,900', '--virtual-time-budget=4500', '--user-data-dir=C:\\Users\\USER\\AppData\\Local\\Temp\\favicon-browser-qp0r9oo7', '--dump-dom', 'https://www.hyundaicard.com/']' timed out after 50 seconds",page-error,"SSLError: HTTPSConnectionPool(host='www.hyundaicard.com', port=443): Max retries exceeded with url: / (Caused by SSLError(SSLError(1, '[SSL: UNSAFE_LEGACY_RENEGOTIATION_DISABLED] unsafe legacy renegotiation disabled (_ssl.c:1081)')))",,,,,,,,,,,,,,[],[],[],[]
금융,롯데카드,lotte-card,https://www.lottecard.co.kr/,https://www.lottecard.co.kr/,롯데카드 개인,browser,,partial,,2,0,0,,0,,,,,,,,,[],[],"[""assets/금융/lotte-card/og.jpg""]",[]
금융,하나카드,hana-card,https://www.hanacard.co.kr/,https://www.hanacard.co.kr/,하나카드,200,,partial,,1,0,0,,0,,,,,,,,,[],[],[],[]
금융,BC카드,bc-card,https://www.bccard.com/,https://www.bccard.com/,BCcard,200,,partial,,2,1,0,,0,,,,,,,,,"[""assets/금융/bc-card/logo-1.webp""]",[],[],[]
금융,미래에셋증권,mirae-asset-securities,https://securities.miraeasset.com/,https://securities.miraeasset.com/,미래에셋증권 - 글로벌 투자 파트너,200,,partial,,1,0,0,,0,,,,,,,,,[],[],[],[]
금융,한국투자증권,korea-investment,https://www.truefriend.com/,https://www.truefriend.com/,한국투자증권 홈페이지 방문을 환영합니다. Korea Investment & Securities,200,,partial,,1,0,0,,0,,,,,,,,,[],[],[],[]
금융,NH투자증권,nh-investment,https://www.nhqv.com/,https://www.nhsec.com/,NH투자증권,200,,partial,,1,0,0,,0,,,,,,,,,[],[],[],[]
금융,삼성증권,samsung-securities,https://www.samsungpop.com/,https://www.samsungpop.com/,삼성증권 홈페이지,200,,partial,,1,0,0,,0,,,,,,,,,[],[],[],[]
금융,키움증권,kiwoom,https://www.kiwoom.com/,https://www.kiwoom.com/,키움증권 | 대한민국 주식시장 점유율 1위,200,,partial,,2,0,0,,0,,,,,,,,,[],[],"[""assets/금융/kiwoom/og.png""]",[]
금융,삼성화재,samsung-fire,https://www.samsungfire.com/,https://www.samsungfire.com/,삼성화재,200,,partial,,5,0,0,,3,,,,,,,,,[],[],"[""assets/금융/samsung-fire/og.png""]","[""assets/금융/samsung-fire/reference-1.webp"", ""assets/금융/samsung-fire/reference-2.webp"", ""assets/금융/samsung-fire/reference-3.webp""]"
금융,DB손해보험,db-insurance,https://www.idbins.com/,https://www.idbins.com/,홈페이지 메인 | DB손해보험,browser,,partial,,2,0,0,,0,,,,,,,,,[],[],"[""assets/금융/db-insurance/og.png""]",[]
금융,현대해상,hyundai-insurance,https://www.hi.co.kr/,https://www.hi.co.kr/,,200,,partial,,1,0,0,,0,,,,,,,,,[],[],[],[]
금융,메리츠화재,meritz-fire,https://www.meritzfire.com/,https://www.meritzfire.com/,메리츠화재,browser,,partial,,1,0,0,,0,,,,,,,,,[],[],[],[]
금융,KB손해보험,kb-insurance,https://www.kbinsure.co.kr/,https://www.kbinsure.co.kr/,KB손해보험,browser,,partial,,2,0,0,,0,,,,,,,,,[],[],"[""assets/금융/kb-insurance/og.png""]",[]
금융,교보생명,kyobo-life,https://www.kyobo.com/,https://www.kyobo.com/,KYOBO-교보생명,200,,complete,,8,1,2,,3,,,,,,,,,"[""assets/금융/kyobo-life/logo-1.png""]","[""assets/금융/kyobo-life/banner-1.webp"", ""assets/금융/kyobo-life/banner-2.webp""]","[""assets/금융/kyobo-life/og.png""]","[""assets/금융/kyobo-life/reference-1.webp"", ""assets/금융/kyobo-life/reference-2.webp"", ""assets/금융/kyobo-life/reference-3.webp""]"
금융,삼성생명,samsung-life,https://www.samsunglife.com/,https://www.samsunglife.com/,삼성생명,200,,partial,reference:ValueError:https://www.samsunglife.com/assets/js/chunk-vendors~c4dd163f.2ced9971.js; reference:ValueError:https://www.samsunglife.com/assets/js/chunk-vendors~c797e773.4d27d20f.js; reference:ValueError:https://www.samsunglife.com/assets/js/chunk-vendors~d949bc43.96d317e3.js; reference:ValueError:https://www.samsunglife.com/assets/js/chunk-vendors~dc51bad7.86a5de24.js; reference:ValueError:https://www.samsunglife.com/assets/js/chunk-vendors~eebc2b5d.969a9394.js; reference:ValueError:https://www.samsunglife.com/assets/js/runtime.e9e48f52.js,1,0,0,,0,,,,,,,,,[],[],[],[]
금융,한화생명,hanwha-life,https://www.hanwhalife.com/,https://www.hanwhalife.com/,한화생명,browser,,page-error,"SSLError: HTTPSConnectionPool(host='www.hanwhalife.com', port=443): Max retries exceeded with url: / (Caused by SSLError(SSLError(1, '[SSL: UNSAFE_LEGACY_RENEGOTIATION_DISABLED] unsafe legacy renegotiation disabled (_ssl.c:1081)')))",,,,,,,,,,,,,,[],[],[],[]
항공_여행,대한항공,korean-air,https://www.koreanair.com/,https://www.koreanair.com/,www.koreanair.com,browser,,page-error,HTTPError: 403 Client Error: Forbidden for url: https://www.koreanair.com/,,,,,,,,,,,,,,[],[],[],[]
항공_여행,아시아나항공,asiana-airlines,https://flyasiana.com/,https://flyasiana.com/,ASIANA AIRLINES,200,,partial,banner:HTTPError:https://flyasiana.com/C/mobile/image/common/loading_1.gif; reference:HTTPError:https://flyasiana.com/C/mobile/image/common/loading_1.gif,1,0,0,,0,,,,,,,,,[],[],[],[]
항공_여행,제주항공,jeju-air,https://www.jejuair.net/,https://www.jejuair.net/,:: 제주항공 ::,200,,partial,,2,0,0,,0,,,,,,,,,[],[],"[""assets/항공_여행/jeju-air/og.webp""]",[]
항공_여행,진에어,jin-air,https://www.jinair.com/,https://www.jinair.com/,Attention Required! | Cloudflare,browser,,page-error,HTTPError: 403 Client Error: Forbidden for url: https://www.jinair.com/,,,,,,,,,,,,,,[],[],[],[]
항공_여행,티웨이항공,tway-air,https://www.twayair.com/,https://www.twayair.com/,티웨이항공 | T'way Air,200,,partial,,2,0,0,,0,,,,,,,,,[],[],"[""assets/항공_여행/tway-air/og.png""]",[]
항공_여행,에어부산,air-busan,https://www.airbusan.com/,https://www.airbusan.com/,잠시만 기다리십시오…,browser,,page-error,HTTPError: 403 Client Error: Forbidden for url: https://www.airbusan.com/,,,,,,,,,,,,,,[],[],[],[]
항공_여행,에어서울,air-seoul,https://flyairseoul.com/,https://flyairseoul.com/,잠시만 기다리십시오…,browser,,page-error,HTTPError: 403 Client Error: Forbidden for url: https://flyairseoul.com/,,,,,,,,,,,,,,[],[],[],[]
항공_여행,이스타항공,eastar-jet,https://www.eastarjet.com/,https://www.eastarjet.com/,"<!--[M,eastar.title.home.main]-->",200,,partial,,2,0,0,,0,,,,,,,,,[],[],"[""assets/항공_여행/eastar-jet/og.png""]",[]
항공_여행,에어프레미아,air-premia,https://www.airpremia.com/,https://www.airpremia.com/,에어프레미아,200,,complete,,9,2,2,,3,,,,,,,,,"[""assets/항공_여행/air-premia/og.png"", ""assets/항공_여행/air-premia/logo-2.png""]","[""assets/항공_여행/air-premia/banner-1.webp"", ""assets/항공_여행/air-premia/banner-2.webp""]","[""assets/항공_여행/air-premia/og.png""]","[""assets/항공_여행/air-premia/reference-1.webp"", ""assets/항공_여행/air-premia/reference-2.webp"", ""assets/항공_여행/air-premia/reference-3.webp""]"
항공_여행,인터파크 투어,interpark-tour,https://travel.interpark.com/,https://nol.interpark.com:443/tour,"NOL 인터파크투어 | 항공, 해외숙소, 패키지, 액티비티",200,,complete,reference:ValueError:https://tour-web-assets.interparkcdn.net/applications/home/149ebf/_next/static/chunks/webpack-8180de47cf27f17c.js,7,2,1,,2,,,,,,,,,"[""assets/항공_여행/interpark-tour/logo-1.svg"", ""assets/항공_여행/interpark-tour/logo-2.svg""]","[""assets/항공_여행/interpark-tour/banner-1.webp""]","[""assets/항공_여행/interpark-tour/og.png""]","[""assets/항공_여행/interpark-tour/reference-1.webp"", ""assets/항공_여행/interpark-tour/reference-2.webp""]"
항공_여행,하나투어,hanatour,https://www.hanatour.com/,https://www.hanatour.com/,"하나투어 : 꿈꾸는 대로, 펼쳐지다",200,,partial,reference:ValueError:https://image.hanatour.com/build/ice/pc/123.ad25aabf635a436a8f81.js; reference:ValueError:https://image.hanatour.com/build/ice/pc/165.bd507c2c70f9c568e801.js; reference:ValueError:https://image.hanatour.com/build/ice/pc/445.81ec74e4763de0cf91ce.js; reference:ValueError:https://image.hanatour.com/build/ice/pc/107.75fbec21f4820cbd6ec0.js; reference:ValueError:https://image.hanatour.com/build/ice/pc/124.2e58bdc58c4b19c71c49.js; reference:ValueError:https://image.hanatour.com/build/ice/pc/144.972c3c75844acb1889b9.js,4,2,0,,0,,,,,,,,,"[""assets/항공_여행/hanatour/logo-1.png"", ""assets/항공_여행/hanatour/logo-2.webp""]",[],"[""assets/항공_여행/hanatour/og.jpg""]",[]
항공_여행,모두투어,modetour,https://www.modetour.com/,https://www.modetour.com/,여행은 모두투어,200,,partial,reference:ValueError:https://www.facebook.com/tr?id=251062161146472&ev=PageView&noscript=1; reference:ValueError:https://cdn.jsdelivr.net/npm/pretendard@1.3.9/dist/web/static/pretendard.min.css; reference:ValueError:https://www.modetour.com/_next/static/css/57749753411f1653.css; reference:ValueError:https://www.modetour.com/_next/static/css/4d27511a26d4a5b5.css,3,0,0,,1,,,,,,,,,[],[],"[""assets/항공_여행/modetour/og.avif""]","[""assets/항공_여행/modetour/reference-1.webp""]"
항공_여행,노랑풍선,yellow-balloon,https://www.ybtour.co.kr/,https://www.ybtour.co.kr/,여행을 가볍게! 노랑풍선,200,,partial,reference:ValueError:https://www.ybtour.co.kr/_next/static/chunks/2apte_v-b1xu2.js; reference:ValueError:https://d3se5puqgh0zws.cloudfront.net/js/companySite/klc-pip-player.js,3,1,0,,0,,,,,,,,,"[""assets/항공_여행/yellow-balloon/logo-1.png""]",[],"[""assets/항공_여행/yellow-balloon/og.jpg""]",[]
항공_여행,마이리얼트립,my-real-trip,https://www.myrealtrip.com/,https://www.myrealtrip.com/,진짜 나다운 여행 - 마이리얼트립,200,,complete,reference:ValueError:https://dffoxz5he03rp.cloudfront.net/main-build/5943380b88b25d239200906f289b6fff386cba15/_next/static/media/ad5d93cd54532577-s.p.woff2; reference:ValueError:https://dffoxz5he03rp.cloudfront.net/main-build/5943380b88b25d239200906f289b6fff386cba15/_next/static/media/08393bc5e9b3ebc7-s.p.woff2; reference:ValueError:https://dffoxz5he03rp.cloudfront.net/main-build/5943380b88b25d239200906f289b6fff386cba15/_next/static/media/775c6667d99f77e1-s.p.woff2; reference:ValueError:https://dffoxz5he03rp.cloudfront.net/main-build/5943380b88b25d239200906f289b6fff386cba15/_next/static/media/e9955780856cf8aa-s.p.woff2; reference:ValueError:https://dffoxz5he03rp.cloudfront.net/main-build/5943380b88b25d239200906f289b6fff386cba15/_next/static/css/bd772da85fd39ddf.css; reference:ValueError:https://dffoxz5he03rp.cloudfront.net/main-build/5943380b88b25d239200906f289b6fff386cba15/_next/static/css/9f9de094e82fd93e.css,6,2,2,,0,,,,,,,,,"[""assets/항공_여행/my-real-trip/og.png"", ""assets/항공_여행/my-real-trip/logo-2.svg""]","[""assets/항공_여행/my-real-trip/banner-1.webp"", ""assets/항공_여행/my-real-trip/banner-2.webp""]","[""assets/항공_여행/my-real-trip/og.png""]",[]
항공_여행,트립닷컴,trip-com,https://kr.trip.com/,https://kr.trip.com/,"호텔, 항공권, 렌터카, 투어&티켓 예약은 트립닷컴 | Trip.com",200,,partial,reference:ValueError:https://ak-s-cw.tripcdn.com/locale/v3/33000010/ko-KR.js?etagc=d31b5d0e8da0c02c2cf22a3249e9fe81; reference:ValueError:https://ak-s-cw.tripcdn.com/locale/v3/330151/ko-KR.js?etagc=280ef86ab52a548db1cc06f88f255b8e; reference:ValueError:https://ak-s-cw.tripcdn.com/locale/v3/33000001/ko-KR.js?etagc=16b40753e02aa883acd8faa442a44e1e; reference:ValueError:https://ak-s-cw.tripcdn.com/locale/v3/100014416/ko-KR.js?etagc=d7953069abb54d3e8d3183c17a149dc5; reference:ValueError:https://ak-s-cw.tripcdn.com/locale/v3/330153/ko-KR.js?etagc=79a5df1e97e32a7456fc091e060865ee; reference:ValueError:https://ak-s-cw.tripcdn.com/locale/v3/33000006/ko-KR.js?etagc=a9b6c8a4c1ad453362a0a39fe6b98de8,6,1,0,,3,,,,,,,,,"[""assets/항공_여행/trip-com/logo-1.png""]",[],"[""assets/항공_여행/trip-com/og.avif""]","[""assets/항공_여행/trip-com/reference-1.webp"", ""assets/항공_여행/trip-com/reference-2.webp"", ""assets/항공_여행/trip-com/reference-3.webp""]"
항공_여행,Agoda,agoda,https://www.agoda.com/ko-kr/,https://www.agoda.com/ko-kr/,,200,,partial,,1,0,0,,0,,,,,,,,,[],[],[],[]
항공_여행,Booking.com,booking,https://www.booking.com/,https://www.booking.com/,,202,,partial,,1,0,0,,0,,,,,,,,,[],[],[],[]
항공_여행,Airbnb,airbnb,https://www.airbnb.co.kr/,https://www.airbnb.co.kr/,"에어비앤비: 휴가용 임대 숙소, 통나무집, 비치 하우스, 독특한 숙소 및 체험",200,,partial,reference:ValueError:https://a0.muscache.com/airbnb/static/packages/web/common/frontend/core-guest-spa/entrypoints/initializer.e36af0489a.js; reference:ValueError:https://a0.muscache.com/airbnb/static/packages/web/ko/e3f5.6e726f3d17.js; reference:ValueError:https://a0.muscache.com/airbnb/static/packages/web/common/34f4.71d61c92bd.js; reference:ValueError:https://a0.muscache.com/airbnb/static/packages/web/common/4807.bfb84427eb.js; reference:ValueError:https://a0.muscache.com/airbnb/static/packages/web/common/c95a.9bc422cd6c.js; reference:ValueError:https://a0.muscache.com/airbnb/static/packages/web/ko/6f95.e7b913c94a.js,2,0,0,,0,,,,,,,,,[],[],"[""assets/항공_여행/airbnb/og.avif""]",[]
항공_여행,Expedia,expedia,https://www.expedia.co.kr/,https://www.expedia.co.kr/,"로봇인가요, 아닌가요?",browser,,page-error,HTTPError: 429 Client Error: Too Many Requests for url: https://www.expedia.co.kr/,,,,,,,,,,,,,,[],[],[],[]
항공_여행,호텔스닷컴,hotels-com,https://kr.hotels.com/,https://kr.hotels.com/,kr.hotels.com,browser,,page-error,HTTPError: 429 Client Error: Too Many Requests for url: https://kr.hotels.com/,,,,,,,,,,,,,,[],[],[],[]
항공_여행,여기어때컴퍼니,goodchoice-company,https://gccompany.co.kr/,https://gccompany.co.kr/,여기어때컴퍼니 - 놀라운 경험이 삶에 끊이지 않도록,200,,partial,,5,0,0,,3,,,,,,,,,[],[],"[""assets/항공_여행/goodchoice-company/og.avif""]","[""assets/항공_여행/goodchoice-company/reference-1.webp"", ""assets/항공_여행/goodchoice-company/reference-2.webp"", ""assets/항공_여행/goodchoice-company/reference-3.webp""]"
식품_생활,CJ제일제당,cj-cheiljedang,https://www.cj.co.kr/kr/index,https://www.cj.co.kr/kr/index,CJ제일제당,200,,complete,reference:ValueError:https://www.facebook.com/tr?id=761768147553675&ev=PageView&noscript=1,9,2,2,,3,,,,,,,,,"[""assets/식품_생활/cj-cheiljedang/favicon.png"", ""assets/식품_생활/cj-cheiljedang/logo-2.png""]","[""assets/식품_생활/cj-cheiljedang/banner-1.webp"", ""assets/식품_생활/cj-cheiljedang/banner-2.webp""]","[""assets/식품_생활/cj-cheiljedang/og.jpg""]","[""assets/식품_생활/cj-cheiljedang/reference-1.webp"", ""assets/식품_생활/cj-cheiljedang/reference-2.webp"", ""assets/식품_생활/cj-cheiljedang/reference-3.webp""]"
식품_생활,농심,nongshim,https://www.nongshim.com/,https://www.nongshim.com/,403 Forbidden,browser,,page-error,"SSLError: HTTPSConnectionPool(host='www.nongshim.com', port=443): Max retries exceeded with url: / (Caused by SSLError(SSLError(1, '[SSL: SSLV3_ALERT_HANDSHAKE_FAILURE] sslv3 alert handshake failure (_ssl.c:1081)')))",,,,,,,,,,,,,,[],[],[],[]
식품_생활,오뚜기,ottogi,https://www.ottogi.co.kr/,https://www.otoki.com/main/,오뚜기,200,,complete,banner:ValueError:https://www.otoki.com/pds/banner/2606/091d2bf918bb41bf8ff8ad0d6ecbaa67.mp4; reference:ValueError:https://www.facebook.com/tr?id=1637369230421169&ev=PageView&noscript=1,8,1,2,,3,,,,,,,,,"[""assets/식품_생활/ottogi/logo-1.webp""]","[""assets/식품_생활/ottogi/banner-1.webp"", ""assets/식품_생활/ottogi/banner-2.webp""]","[""assets/식품_생활/ottogi/og.png""]","[""assets/식품_생활/ottogi/reference-1.webp"", ""assets/식품_생활/ottogi/reference-2.webp"", ""assets/식품_생활/ottogi/reference-3.webp""]"
식품_생활,삼양식품,samyang-foods,https://www.samyangfoods.com/,https://www.samyangfoods.com/,삼양식품,browser,,partial,,1,0,0,,0,,,,,,,,,[],[],[],[]
식품_생활,오리온,orion,https://www.orionworld.com/,https://www.orionworld.com/,오리온,200,,complete,,8,1,2,,3,,,,,,,,,"[""assets/식품_생활/orion/logo-1.png""]","[""assets/식품_생활/orion/banner-1.webp"", ""assets/식품_생활/orion/banner-2.webp""]","[""assets/식품_생활/orion/og.jpg""]","[""assets/식품_생활/orion/reference-1.webp"", ""assets/식품_생활/orion/reference-2.webp"", ""assets/식품_생활/orion/reference-3.webp""]"
식품_생활,롯데웰푸드,lotte-wellfood,https://www.lottewellfood.com/,https://www.lottewellfood.com/,롯데웰푸드,200,,partial,,5,0,0,,3,,,,,,,,,[],[],"[""assets/식품_생활/lotte-wellfood/og.jpg""]","[""assets/식품_생활/lotte-wellfood/reference-1.webp"", ""assets/식품_생활/lotte-wellfood/reference-2.webp"", ""assets/식품_생활/lotte-wellfood/reference-3.webp""]"
식품_생활,동원F&B,dongwon-fnb,https://www.dongwonfnb.com/,https://www.dongwonfnb.com/services/index;jsessionid=180A5E2E8648ABBE4725E367905BB3BC,동원F&B,200,,complete,,6,1,1,,3,,,,,,,,,"[""assets/식품_생활/dongwon-fnb/logo-1.png""]","[""assets/식품_생활/dongwon-fnb/banner-1.webp""]",[],"[""assets/식품_생활/dongwon-fnb/reference-1.webp"", ""assets/식품_생활/dongwon-fnb/reference-2.webp"", ""assets/식품_생활/dongwon-fnb/reference-3.webp""]"
식품_생활,대상,daesang,https://www.daesang.com/,https://www.daesang.com/kr/,대상주식회사,200,,partial,banner:ValueError:https://www.daesang.com/kr/asset/file/daesang.mp4; reference:ValueError:https://www.daesang.com/kr/asset/file/daesang.mp4; reference:ValueError:https://www.daesang.com/common/popup/download.jsp?realName=1786323802463.jpg,6,2,0,,2,,,,,,,,,"[""assets/식품_생활/daesang/logo-1.png"", ""assets/식품_생활/daesang/og.jpg""]",[],"[""assets/식품_생활/daesang/og.jpg""]","[""assets/식품_생활/daesang/reference-1.webp"", ""assets/식품_생활/daesang/reference-2.webp""]"
식품_생활,풀무원,pulmuone,https://www.pulmuone.co.kr/,https://www.pulmuone.co.kr/pulmuone/main/Index.do,풀무원 - 나를 위해 지구를 위해 지속가능식생활기업,200,,complete,,8,2,1,,3,,,,,,,,,"[""assets/식품_생활/pulmuone/logo-1.png"", ""assets/식품_생활/pulmuone/logo-2.png""]","[""assets/식품_생활/pulmuone/banner-1.webp""]","[""assets/식품_생활/pulmuone/og.gif""]","[""assets/식품_생활/pulmuone/reference-1.webp"", ""assets/식품_생활/pulmuone/reference-2.webp"", ""assets/식품_생활/pulmuone/reference-3.svg""]"
식품_생활,매일유업,maeil,https://www.maeil.com/,https://www.maeil.com/,메인 |  매일유업,200,,complete,banner:ValueError:https://www.maeil.com/UploadedFiles/banner/20230323131054II5I_1.mp4,8,2,2,,3,,,,,,,,,"[""assets/식품_생활/maeil/logo-1.png"", ""assets/식품_생활/maeil/logo-2.png""]","[""assets/식품_생활/maeil/banner-1.webp"", ""assets/식품_생활/maeil/banner-2.webp""]",[],"[""assets/식품_생활/maeil/reference-1.webp"", ""assets/식품_생활/maeil/reference-2.webp"", ""assets/식품_생활/maeil/reference-3.webp""]"
식품_생활,남양유업,namyang,https://company.namyangi.com/,https://company.namyangi.com/ko/main,남양유업,200,,page-error,"ReadTimeout: HTTPSConnectionPool(host='company.namyangi.com', port=443): Read timed out. (read timeout=35)",,,,,,,,,,,,,,[],[],"[""assets/식품_생활/namyang/og.jpg""]",[]
식품_생활,빙그레,binggrae,https://www.bing.co.kr/,https://www.bing.co.kr/,빙그레,200,,complete,,8,2,2,,3,,,,,,,,,"[""assets/식품_생활/binggrae/logo-1.png"", ""assets/식품_생활/binggrae/logo-2.png""]","[""assets/식품_생활/binggrae/banner-1.webp"", ""assets/식품_생활/binggrae/banner-2.webp""]",[],"[""assets/식품_생활/binggrae/reference-1.webp"", ""assets/식품_생활/binggrae/reference-2.webp"", ""assets/식품_생활/binggrae/reference-3.webp""]"
식품_생활,하이트진로,hitejinro,https://www.hitejinro.com/,https://www.hitejinro.com/,하이트진로,200,,partial,,2,0,0,,0,,,,,,,,,[],[],"[""assets/식품_생활/hitejinro/og.jpg""]",[]
식품_생활,오비맥주,ob-beer,https://www.ob.co.kr/,https://www.ob.co.kr/,오비맥주 | 대한민국 대표 맥주 전문기업,200,,complete,logo:HTTPError:https://www.ob.co.kr/assets/img/common/ob-beer-logo.png; reference:HTTPError:https://www.ob.co.kr/assets/img/common/ob-beer-logo.png,9,2,2,,3,,,,,,,,,"[""assets/식품_생활/ob-beer/og.svg"", ""assets/식품_생활/ob-beer/logo-2.png""]","[""assets/식품_생활/ob-beer/banner-1.webp"", ""assets/식품_생활/ob-beer/banner-2.webp""]","[""assets/식품_생활/ob-beer/og.svg""]","[""assets/식품_생활/ob-beer/reference-1.webp"", ""assets/식품_생활/ob-beer/reference-2.webp"", ""assets/식품_생활/ob-beer/reference-3.webp""]"
식품_생활,스타벅스 코리아,starbucks-korea,https://www.starbucks.co.kr/,https://www.starbucks.co.kr/,,200,,partial,,2,0,0,,0,,,,,,,,,[],[],"[""assets/식품_생활/starbucks-korea/og.png""]",[]
식품_생활,SPC그룹,spc,https://www.spc.co.kr/,https://www.spc.co.kr/,상미당홀딩스,browser,,partial,,1,1,0,,0,,,,,,,,,"[""assets/식품_생활/spc/logo-1.svg""]",[],[],[]
식품_생활,파리바게뜨,paris-baguette,https://www.paris.co.kr/,https://www.paris.co.kr/,파리바게뜨,200,,partial,reference:ValueError:https://www.facebook.com/tr?id=1860913124845401&ev=PageView&noscript=1; reference:ValueError:https://fonts.googleapis.com/css?family=Lato%3A300%2C400%2C500%2C700%2C800%2C900%7CNoto%20Sans%20KR%3A300%2C400%2C500%2C700%2C900&subset=korean&display=swap,4,2,0,,0,,,,,,,,,"[""assets/식품_생활/paris-baguette/logo-1.png"", ""assets/식품_생활/paris-baguette/logo-2.png""]",[],"[""assets/식품_생활/paris-baguette/og.jpg""]",[]
식품_생활,배스킨라빈스,baskin-robbins-korea,https://www.baskinrobbins.co.kr/,https://www.baskinrobbins.co.kr/,배스킨라빈스,200,,complete,reference:ValueError:https://www.facebook.com/tr?id=702697714849597&ev=PageView&noscript=1,7,2,1,,2,,,,,,,,,"[""assets/식품_생활/baskin-robbins-korea/logo-1.png"", ""assets/식품_생활/baskin-robbins-korea/logo-2.png""]","[""assets/식품_생활/baskin-robbins-korea/banner-1.webp""]","[""assets/식품_생활/baskin-robbins-korea/og.png""]","[""assets/식품_생활/baskin-robbins-korea/reference-1.webp"", ""assets/식품_생활/baskin-robbins-korea/reference-2.webp""]"
식품_생활,맥도날드 코리아,mcdonalds-korea,https://www.mcdonalds.co.kr/,https://www.mcdonalds.co.kr/kor/,맥도날드,200,,partial,reference:ValueError:https://www.mcdonalds.co.kr/_nuxt/C1r4U-io.js; reference:ValueError:https://www.mcdonalds.co.kr/_nuxt/CZlra1Dh.js; reference:ValueError:https://www.mcdonalds.co.kr/_nuxt/BySNKcs4.js; reference:ValueError:https://www.mcdonalds.co.kr/_nuxt/CEBgJ-k5.js; reference:ValueError:https://www.mcdonalds.co.kr/_nuxt/DgGrmEj0.js; reference:ValueError:https://www.mcdonalds.co.kr/_nuxt/C4E_iItQ.js,2,0,0,,1,,,,,,,,,[],[],[],"[""assets/식품_생활/mcdonalds-korea/reference-1.webp""]"
식품_생활,버거킹 코리아,burgerking-korea,https://www.burgerking.co.kr/,https://www.burgerking.co.kr/,버거킹,200,,partial,,2,0,0,,1,,,,,,,,,[],[],[],"[""assets/식품_생활/burgerking-korea/reference-1.webp""]"
식품_생활,교촌치킨,kyochon,https://www.kyochon.com/,https://www.kyochon.com/,교촌치킨,browser,,partial,,1,0,0,,0,,,,,,,,,[],[],[],[]
식품_생활,BBQ,bbq,https://www.bbq.co.kr/,https://bbq.co.kr/,BBQ 치킨,200,,partial,reference:ValueError:https://bbq.co.kr/_next/static/css/b8a13b77ad9ff4da.css,4,2,0,,0,,,,,,,,,"[""assets/식품_생활/bbq/logo-1.svg"", ""assets/식품_생활/bbq/logo-2.svg""]",[],"[""assets/식품_생활/bbq/og.png""]",[]
식품_생활,아모레퍼시픽,amorepacific,https://www.apgroup.com/int/ko/,https://www.apgroup.com/int/ko/,아모레퍼시픽 - A More Beautiful World,200,,complete,,8,2,1,,3,,,,,,,,,"[""assets/식품_생활/amorepacific/logo-1.png"", ""assets/식품_생활/amorepacific/logo-2.png""]","[""assets/식품_생활/amorepacific/banner-1.webp""]","[""assets/식품_생활/amorepacific/og.jpg""]","[""assets/식품_생활/amorepacific/reference-1.webp"", ""assets/식품_생활/amorepacific/reference-2.webp"", ""assets/식품_생활/amorepacific/reference-3.webp""]"
식품_생활,LG생활건강,lg-hnh,https://www.lghnh.com/,https://www.lghnh.com/,,200,,partial,,1,0,0,,0,,,,,,,,,[],[],[],[]
식품_생활,에이피알,apr,https://apr-in.com/,https://apr-in.com/,에이피알,200,,partial,banner:ValueError:https://apr-in.aprd.io/beauty_solution_pc.mp4; banner:ValueError:https://apr-in.aprd.io/beauty_solution_mo.mp4; banner:ValueError:https://design-lab-resources.aprd.io/asset/89865735-30f2-4ed0-816c-380575e8738a.mp4; banner:ValueError:https://design-lab-resources.aprd.io/asset/97b83c01-03b6-4541-af83-b5721c42ee56.mp4,6,2,0,,3,,,,,,,,,"[""assets/식품_생활/apr/logo-1.png"", ""assets/식품_생활/apr/logo-2.png""]",[],[],"[""assets/식품_생활/apr/reference-1.webp"", ""assets/식품_생활/apr/reference-2.webp"", ""assets/식품_생활/apr/reference-3.webp""]"
식품_생활,코스맥스,cosmax,https://www.cosmax.com/,https://www.cosmax.com/,Cosmax Official Website,200,,partial,reference:ValueError:https://www.cosmax.com/_next/static/css/7b4c3054a7b29734.css; reference:ValueError:https://www.cosmax.com/_next/static/css/cbf8de391ce282c7.css,4,2,0,,0,,,,,,,,,"[""assets/식품_생활/cosmax/logo-1.png"", ""assets/식품_생활/cosmax/logo-2.svg""]",[],"[""assets/식품_생활/cosmax/og.png""]",[]
게임_엔터,넥슨,nexon,https://company.nexon.com/,https://company.nexon.com/,넥슨 컴퍼니,200,,partial,,2,0,0,,0,,,,,,,,,[],[],"[""assets/게임_엔터/nexon/og.png""]",[]
게임_엔터,엔씨소프트,ncsoft,https://www.ncsoft.com/,https://www.nc.com/,NC - 즐거움으로 연결된 새로운 세상,200,,partial,reference:ValueError:https://jam-cdn.plaync.com/purple-square/_next/static/chunks/webpack-d861f09c4777364c.js; reference:ValueError:https://jam-cdn.plaync.com/purple-square/_next/static/css/8f45028e7da62f89.css; reference:ValueError:https://cdn.jsdelivr.net/gh/orioncactus/pretendard@v1.3.9/dist/web/static/pretendard-dynamic-subset.min.css; reference:ValueError:https://assets.playnccdn.com/purple/vendor/googleAnalyticsBuilder.1.0.0.min.js,2,0,0,,0,,,,,,,,,[],[],"[""assets/게임_엔터/ncsoft/og.jpg""]",[]
게임_엔터,크래프톤,krafton,https://www.krafton.com/,https://www.krafton.com/,크래프톤,200,,partial,banner:ValueError:https://krafton.com/wp-content/uploads/2026/02/260210_BrandFilm_5MB.mp4; reference:ValueError:https://krafton.com/wp-content/uploads/2026/02/260210_BrandFilm_5MB.mp4,6,1,0,,3,,,,,,,,,"[""assets/게임_엔터/krafton/logo-1.png""]",[],"[""assets/게임_엔터/krafton/og.jpg""]","[""assets/게임_엔터/krafton/reference-1.webp"", ""assets/게임_엔터/krafton/reference-2.webp"", ""assets/게임_엔터/krafton/reference-3.webp""]"
게임_엔터,넷마블,netmarble,https://company.netmarble.com/,https://company.netmarble.com/,넷마블컴퍼니,200,,partial,,2,0,0,,0,,,,,,,,,[],[],"[""assets/게임_엔터/netmarble/og.png""]",[]
게임_엔터,스마일게이트,smilegate,https://www.smilegate.com/,https://www.smilegate.com/ko/,Main | Smilegate,200,,complete,,9,2,2,,3,,,,,,,,,"[""assets/게임_엔터/smilegate/logo-1.png"", ""assets/게임_엔터/smilegate/logo-2.png""]","[""assets/게임_엔터/smilegate/banner-1.webp"", ""assets/게임_엔터/smilegate/banner-2.webp""]","[""assets/게임_엔터/smilegate/og.png""]","[""assets/게임_엔터/smilegate/reference-1.webp"", ""assets/게임_엔터/smilegate/reference-2.webp"", ""assets/게임_엔터/smilegate/reference-3.webp""]"
게임_엔터,펄어비스,pearl-abyss,https://www.pearlabyss.com/,https://www.pearlabyss.com/ko-KR,펄어비스 공식 홈페이지 | Pearl Abyss,200,,partial,banner:ValueError:https://static.pearlcdn.com/asset/company/global/contents/video/portal/main/bdo_main_loop.webm; banner:ValueError:https://static.pearlcdn.com/asset/company/global/contents/video/portal/main/bdo_main_loop.mp4; reference:ValueError:https://static.pearlcdn.com/asset/company/global/contents/video/portal/main/cd_main_loop.webm; reference:ValueError:https://static.pearlcdn.com/asset/company/global/contents/video/portal/main/cd_main_loop.mp4; reference:ValueError:https://static.pearlcdn.com/asset/company/global/contents/video/portal/main/bdo_main_loop.webm; reference:ValueError:https://static.pearlcdn.com/asset/company/global/contents/video/portal/main/bdo_main_loop.mp4,4,2,0,,0,,,,,,,,,"[""assets/게임_엔터/pearl-abyss/logo-1.png"", ""assets/게임_엔터/pearl-abyss/logo-2.png""]",[],"[""assets/게임_엔터/pearl-abyss/og.jpg""]",[]
게임_엔터,카카오게임즈,kakao-games,https://www.kakaogamescorp.com/,https://www.kakaogamescorp.com/,카카오게임즈 컴퍼니,200,,partial,banner:ValueError:https://webofficial.kakaogames.com/live/corp_official/assets/images/main/2510/visual_video.mp4; reference:ValueError:https://webofficial.kakaogames.com/live/corp_official/assets/images/main/2510/visual_video.mp4,7,0,2,,3,,,,,,,,,[],"[""assets/게임_엔터/kakao-games/banner-1.webp"", ""assets/게임_엔터/kakao-games/banner-2.webp""]","[""assets/게임_엔터/kakao-games/og.jpg""]","[""assets/게임_엔터/kakao-games/banner-2.webp"", ""assets/게임_엔터/kakao-games/reference-2.webp"", ""assets/게임_엔터/kakao-games/reference-3.webp""]"
게임_엔터,위메이드,wemade,https://www.wemade.com/,https://www.wemade.com/,WEMADE | MADE FOR THE FUTURE,200,,complete,,8,1,2,,3,,,,,,,,,"[""assets/게임_엔터/wemade/logo-1.svg""]","[""assets/게임_엔터/wemade/banner-1.webp"", ""assets/게임_엔터/wemade/banner-2.webp""]","[""assets/게임_엔터/wemade/og.png""]","[""assets/게임_엔터/wemade/reference-1.webp"", ""assets/게임_엔터/wemade/reference-2.webp"", ""assets/게임_엔터/wemade/reference-3.webp""]"
게임_엔터,컴투스,com2us,https://www.com2us.com/,https://www.com2us.com/ko,컴투스기업 : 컴투스 > 메인,200,,partial,reference:ValueError:https://www.com2us.com/fonts/pretendard/Pretendard-Regular.woff2; reference:ValueError:https://www.com2us.com/fonts/pretendard/Pretendard-Medium.woff2; reference:ValueError:https://www.com2us.com/fonts/pretendard/Pretendard-Bold.woff2,4,2,0,,1,,,,,,,,,"[""assets/게임_엔터/com2us/logo-1.svg"", ""assets/게임_엔터/com2us/logo-2.png""]",[],[],"[""assets/게임_엔터/com2us/reference-1.webp""]"
게임_엔터,HYBE,hybe,https://hybecorp.com/,https://hybecorp.com/,HYBE,200,,partial,reference:ValueError:https://hybecorp.com/_next/static/chunks/webpack-ad7c7a75de8852bb.js,2,0,0,,0,,,,,,,,,[],[],"[""assets/게임_엔터/hybe/og.png""]",[]
게임_엔터,SM엔터테인먼트,sm-entertainment,https://www.smentertainment.com/,https://www.smentertainment.com/,SM Entertainment,200,,partial,,2,0,0,,0,,,,,,,,,[],[],"[""assets/게임_엔터/sm-entertainment/og.jpg""]",[]
게임_엔터,JYP엔터테인먼트,jyp-entertainment,https://www.jype.com/,https://www.jype.com/ko,JYP Entertainment,200,,partial,banner:ValueError:https://www.jype.com/Content/js/youtube-banner.js,5,1,0,,3,,,,,,,,,"[""assets/게임_엔터/jyp-entertainment/favicon.png""]",[],[],"[""assets/게임_엔터/jyp-entertainment/reference-1.webp"", ""assets/게임_엔터/jyp-entertainment/reference-2.webp"", ""assets/게임_엔터/jyp-entertainment/reference-3.webp""]"
게임_엔터,YG엔터테인먼트,yg-entertainment,https://www.ygfamily.com/,https://ygfamily.com/ko/main,YG Entertainment,200,,complete,,8,2,1,,3,,,,,,,,,"[""assets/게임_엔터/yg-entertainment/logo-1.svg"", ""assets/게임_엔터/yg-entertainment/logo-2.svg""]","[""assets/게임_엔터/yg-entertainment/banner-1.webp""]","[""assets/게임_엔터/yg-entertainment/og.jpg""]","[""assets/게임_엔터/yg-entertainment/reference-1.webp"", ""assets/게임_엔터/yg-entertainment/reference-2.webp"", ""assets/게임_엔터/yg-entertainment/reference-3.webp""]"
게임_엔터,CJ ENM,cj-enm,https://www.cjenm.com/,https://www.cjenm.com/ko/,CJ ENM 엔터테인먼트부문 | 글로벌 종합 콘텐츠 기업,200,,partial,,6,1,0,,3,,,,,,,,,"[""assets/게임_엔터/cj-enm/logo-1.svg""]",[],"[""assets/게임_엔터/cj-enm/og.jpg""]","[""assets/게임_엔터/cj-enm/reference-1.webp"", ""assets/게임_엔터/cj-enm/reference-2.webp"", ""assets/게임_엔터/cj-enm/reference-3.webp""]"
게임_엔터,티빙,tving,https://www.tving.com/,https://www.tving.com,TVING,browser,,page-error,HTTPError: 403 Client Error: Forbidden for url: https://www.tving.com/,,,,,,,,,,,,,,[],[],"[""assets/게임_엔터/tving/og.jpg""]",[]
게임_엔터,Wavve,wavve,https://www.wavve.com/,https://www.wavve.com/,Wavve(웨이브),200,,partial,,2,0,0,,0,,,,,,,,,[],[],"[""assets/게임_엔터/wavve/og.png""]",[]
게임_엔터,왓챠,watcha,https://watcha.com/,https://watcha.com/ko/browse/all,왓챠,200,,partial,reference:ValueError:https://an2-ast.amz.wtchn.net/erd/_rx_base/B-lqv1Cj.js; reference:ValueError:https://an2-ast.amz.wtchn.net/erd/_rx_base/ClYh9ae0.js; reference:ValueError:https://an2-ast.amz.wtchn.net/erd/_rx_base/Yg41Vhfb.js; reference:ValueError:https://an2-ast.amz.wtchn.net/erd/_rx_base/CoYn8WkI.js; reference:ValueError:https://an2-ast.amz.wtchn.net/erd/_rx_base/Bejl5Bp1.js; reference:ValueError:https://an2-ast.amz.wtchn.net/erd/_rx_base/CeZNoFdI.js,3,1,0,,0,,,,,,,,,"[""assets/게임_엔터/watcha/og.png""]",[],"[""assets/게임_엔터/watcha/og.png""]",[]
게임_엔터,멜론,melon,https://www.melon.com/,https://www.melon.com/,"Melon::음악이 필요한 순간, 멜론",200,,partial,,5,0,0,,3,,,,,,,,,[],[],"[""assets/게임_엔터/melon/og.png""]","[""assets/게임_엔터/melon/reference-1.webp"", ""assets/게임_엔터/melon/reference-2.webp"", ""assets/게임_엔터/melon/reference-3.webp""]"
게임_엔터,지니뮤직,genie-music,https://www.genie.co.kr/,https://www.genie.co.kr/,"음악, 그리고 설레임 - 지니",200,,partial,,4,0,0,,3,,,,,,,,,[],[],[],"[""assets/게임_엔터/genie-music/reference-1.webp"", ""assets/게임_엔터/genie-music/reference-2.webp"", ""assets/게임_엔터/genie-music/reference-3.webp""]"
게임_엔터,FLO,flo,https://www.music-flo.com/,https://www.music-flo.com/,"FLO - 팬이 되는 순간, FLO",200,,partial,,2,0,0,,0,,,,,,,,,[],[],"[""assets/게임_엔터/flo/og.jpg""]",[]
산업_건설_통신,삼성전자,samsung-electronics,https://www.samsung.com/sec/,https://www.samsung.com/sec/,Samsung 대한민국 | 모바일 | TV | 가전 | IT,200,,complete,,8,2,2,,3,,,,,,,,,"[""assets/산업_건설_통신/samsung-electronics/logo-1.webp"", ""assets/산업_건설_통신/samsung-electronics/logo-2.webp""]","[""assets/산업_건설_통신/samsung-electronics/banner-1.webp"", ""assets/산업_건설_통신/samsung-electronics/banner-2.webp""]",[],"[""assets/산업_건설_통신/samsung-electronics/reference-1.webp"", ""assets/산업_건설_통신/samsung-electronics/reference-2.webp"", ""assets/산업_건설_통신/samsung-electronics/reference-3.webp""]"
산업_건설_통신,LG전자,lg-electronics,https://www.lge.co.kr/,https://www.lge.co.kr/home,LGE.COM | LG전자,200,,complete,,9,2,2,,3,,,,,,,,,"[""assets/산업_건설_통신/lg-electronics/logo-1.png"", ""assets/산업_건설_통신/lg-electronics/logo-2.svg""]","[""assets/산업_건설_통신/lg-electronics/banner-1.webp"", ""assets/산업_건설_통신/lg-electronics/banner-2.webp""]","[""assets/산업_건설_통신/lg-electronics/og.avif""]","[""assets/산업_건설_통신/lg-electronics/reference-1.webp"", ""assets/산업_건설_통신/lg-electronics/reference-2.webp"", ""assets/산업_건설_통신/lg-electronics/reference-3.webp""]"
산업_건설_통신,SK하이닉스,sk-hynix,https://www.skhynix.com/,https://www.skhynix.com/,SK hynix,200,,partial,reference:ValueError:https://www.skhynix.com/_nuxt/0646ef0.js; reference:ValueError:https://www.skhynix.com/_nuxt/b6c2354.js; reference:ValueError:https://www.skhynix.com/_nuxt/a433501.js; reference:ValueError:https://www.skhynix.com/_nuxt/static/1788230496/state.js; reference:ValueError:https://www.skhynix.com/_nuxt/static/1788230496/payload.js; reference:ValueError:https://www.skhynix.com/_nuxt/static/1788230496/manifest.js,2,0,0,,1,,,,,,,,,[],[],[],"[""assets/산업_건설_통신/sk-hynix/reference-1.webp""]"
산업_건설_통신,포스코홀딩스,posco-holdings,https://www.posco-inc.com/,https://www.posco-inc.com:443/hs91a1-front/app/index.html,포스코홀딩스,200,,partial,,6,1,0,,3,,,,,,,,,"[""assets/산업_건설_통신/posco-holdings/logo-1.png""]",[],"[""assets/산업_건설_통신/posco-holdings/og.png""]","[""assets/산업_건설_통신/posco-holdings/reference-1.webp"", ""assets/산업_건설_통신/posco-holdings/reference-2.webp"", ""assets/산업_건설_통신/posco-holdings/reference-3.webp""]"
산업_건설_통신,한화,hanwha,https://www.hanwha.co.kr/,https://www.hanwha.co.kr/,한화그룹,200,,partial,,6,1,0,,3,,,,,,,,,"[""assets/산업_건설_통신/hanwha/logo-1.png""]",[],"[""assets/산업_건설_통신/hanwha/og.jpg""]","[""assets/산업_건설_통신/hanwha/reference-1.webp"", ""assets/산업_건설_통신/hanwha/reference-2.webp"", ""assets/산업_건설_통신/hanwha/reference-3.webp""]"
산업_건설_통신,두산,doosan,https://www.doosan.com/,https://www.doosan.com/kr,두산그룹 | (주)두산,200,,partial,banner:ValueError:https://www.doosan.com/file/view/2543c9ae-11d0-4267-9d26-60fbb15f6d7a; banner:ValueError:https://www.doosan.com/file/view/c1efa413-f75a-40c4-aa02-6b4b8916b2f9; banner:ValueError:https://www.doosan.com/file/view/6a2125b6-dad4-449b-be9e-d0b096459baa; banner:ValueError:https://www.doosan.com/file/view/2ec7ea91-61cf-40ff-a297-0ea10ad221e7; banner:ValueError:https://www.doosan.com/file/view/8e0704d6-9ced-4290-a71c-696f1d488695; banner:ValueError:https://www.doosan.com/file/view/b8f4971b-0d6f-4809-9211-c8cbee83a278,5,0,0,,3,,,,,,,,,[],[],"[""assets/산업_건설_통신/doosan/og.png""]","[""assets/산업_건설_통신/doosan/reference-1.webp"", ""assets/산업_건설_통신/doosan/reference-2.webp"", ""assets/산업_건설_통신/doosan/reference-3.webp""]"
산업_건설_통신,HD현대,hd-hyundai,https://www.hd.com/,https://www.hd.com/,HD현대,browser,,partial,,2,0,0,,0,,,,,,,,,[],[],"[""assets/산업_건설_통신/hd-hyundai/og.png""]",[]
산업_건설_통신,롯데그룹,lotte-group,https://www.lotte.co.kr/,https://www.lotte.co.kr/main.do,롯데,browser,,partial,banner:ValueError:https://www.lotte.co.kr/upload/main/display/251215081957594.mp4; reference:ValueError:https://www.lotte.co.kr/upload/main/display/251215081957594.mp4,2,0,1,,0,,,,,,,,,[],"[""assets/산업_건설_통신/lotte-group/banner-1.webp""]",[],[]
산업_건설_통신,GS그룹,gs-group,https://www.gs.co.kr/,https://www.gs.co.kr/ko/main,GS Holdings,browser,,partial,banner:ValueError:https://www.gs.co.kr/resources/front/ko/video/main-visual.mp4; reference:ValueError:https://www.gs.co.kr/resources/front/ko/video/main-visual.mp4,5,0,0,,3,,,,,,,,,[],[],"[""assets/산업_건설_통신/gs-group/og.jpg""]","[""assets/산업_건설_통신/gs-group/reference-1.webp"", ""assets/산업_건설_통신/gs-group/reference-2.webp"", ""assets/산업_건설_통신/gs-group/reference-3.webp""]"
산업_건설_통신,CJ그룹,cj-group,https://www.cj.net/,https://www.cj.net/,CJ그룹,200,,partial,,6,1,0,,3,,,,,,,,,"[""assets/산업_건설_통신/cj-group/logo-1.png""]",[],"[""assets/산업_건설_통신/cj-group/og.png""]","[""assets/산업_건설_통신/cj-group/reference-1.webp"", ""assets/산업_건설_통신/cj-group/reference-2.webp"", ""assets/산업_건설_통신/cj-group/reference-3.webp""]"
산업_건설_통신,SK텔레콤,sk-telecom,https://www.sktelecom.com/,https://www.sktelecom.com/,SK telecom,200,,partial,,2,0,0,,0,,,,,,,,,[],[],"[""assets/산업_건설_통신/sk-telecom/og.jpg""]",[]
산업_건설_통신,KT,kt,https://corp.kt.com/,https://corp.kt.com/,회사소개 | KT,200,,partial,,3,0,1,,0,,,,,,,,,[],"[""assets/산업_건설_통신/kt/banner-1.webp""]","[""assets/산업_건설_통신/kt/og.png""]",[]
산업_건설_통신,LG유플러스,lg-uplus,https://www.lguplus.com/,https://www.lguplus.com/,공식 온라인 스토어 | LG U+,200,,partial,reference:ValueError:https://www.lguplus.com/static/uhdc-pcfo/9427cc39680978819752cdd8e6255ea7878068cc/_nuxt/commons/polyfills_2eb5466b341ec54a2d27.js; reference:ValueError:https://www.lguplus.com/static/uhdc-pcfo/9427cc39680978819752cdd8e6255ea7878068cc/_nuxt/polyfills_7daf155a04a81f9c4593.js; reference:ValueError:https://www.lguplus.com/static/uhdc-pcfo/9427cc39680978819752cdd8e6255ea7878068cc/_nuxt/css/0c5b2b2.css; reference:ValueError:https://www.lguplus.com/static/uhdc-pcfo/9427cc39680978819752cdd8e6255ea7878068cc/_nuxt/606_e2e4c400b74fde4b3000.js; reference:ValueError:https://www.lguplus.com/static/uhdc-pcfo/9427cc39680978819752cdd8e6255ea7878068cc/_nuxt/css/96018be.css; reference:ValueError:https://www.lguplus.com/static/uhdc-pcfo/9427cc39680978819752cdd8e6255ea7878068cc/_nuxt/components/layout/Footer_3b3eb2fc6a451eaad492.js,2,0,0,,0,,,,,,,,,[],[],"[""assets/산업_건설_통신/lg-uplus/og.png""]",[]
산업_건설_통신,삼성물산,samsung-ct,https://www.samsungcnt.com/,https://www.samsungcnt.com/index.do,삼성물산,200,,partial,,6,1,0,,3,,,,,,,,,"[""assets/산업_건설_통신/samsung-ct/logo-1.svg""]",[],"[""assets/산업_건설_통신/samsung-ct/og.jpg""]","[""assets/산업_건설_통신/samsung-ct/reference-1.webp"", ""assets/산업_건설_통신/samsung-ct/reference-2.webp"", ""assets/산업_건설_통신/samsung-ct/reference-3.webp""]"
산업_건설_통신,현대건설,hyundai-ec,https://www.hdec.kr/,https://www.hdec.kr/,현대건설,200,,partial,banner:ValueError:https://www.hdec.kr/FileContents/BannerMainPcImg/20250416/43243624321986560.mp4; reference:ValueError:https://www.hdec.kr/FileContents/BannerMainPcImg/20250416/43243624321986560.mp4,2,0,0,,0,,,,,,,,,[],[],"[""assets/산업_건설_통신/hyundai-ec/og.png""]",[]
산업_건설_통신,GS건설,gs-ec,https://www.gsenc.com/,https://www.gsenc.com/,GS건설 공식 홈페이지 | GS ENC,browser,,partial,,7,2,0,,3,,,,,,,,,"[""assets/산업_건설_통신/gs-ec/logo-1.webp"", ""assets/산업_건설_통신/gs-ec/logo-2.webp""]",[],"[""assets/산업_건설_통신/gs-ec/og.png""]","[""assets/산업_건설_통신/gs-ec/reference-1.webp"", ""assets/산업_건설_통신/gs-ec/reference-2.webp"", ""assets/산업_건설_통신/gs-ec/reference-3.webp""]"
산업_건설_통신,대우건설,daewoo-ec,https://www.daewooenc.com/,https://www.daewooenc.com/,대우건설,200,,partial,reference:ValueError:https://www.daewooenc.com/Resources/Kor/movie/main_movie_new_250212.mp4,5,0,0,,3,,,,,,,,,[],[],"[""assets/산업_건설_통신/daewoo-ec/og.jpg""]","[""assets/산업_건설_통신/daewoo-ec/reference-1.webp"", ""assets/산업_건설_통신/daewoo-ec/reference-2.webp"", ""assets/산업_건설_통신/daewoo-ec/reference-3.webp""]"
산업_건설_통신,DL이앤씨,dl-enc,https://www.dlenc.co.kr/,https://www.dlenc.co.kr/,DL이앤씨,200,,partial,,1,0,0,,0,,,,,,,,,[],[],[],[]
산업_건설_통신,포스코이앤씨,posco-enc,https://www.poscoenc.com/,https://www.poscoenc.com/ko/index.aspx,포스코이앤씨,200,,partial,reference:ValueError:https://www.poscoenc.com/Upload/home_mov/20240408160332420.mp4; reference:ValueError:https://www.poscoenc.com/Upload/home_mov/20231218091420668.mp4,2,0,0,,0,,,,,,,,,[],[],"[""assets/산업_건설_통신/posco-enc/og.jpg""]",[]
산업_건설_통신,HDC현대산업개발,hdc-development,https://www.hdc-dvp.com/,https://ipark-dvp.com/ko,도시와 삶의 미래를 구현하는 종합 디벨로퍼 | IPARK현대산업개발,200,,complete,banner:ValueError:https://cdn.ipark-dvp.com/static/video/main_hero_video.mp4; reference:ValueError:https://cdn.ipark-dvp.com/static/video/main_hero_video.mp4; reference:ValueError:https://ipark-dvp.com/assets/fonts/Pretendard-Regular-76a1283c27610a9ad7d6940b9b174e46.woff2; reference:ValueError:https://ipark-dvp.com/assets/fonts/Pretendard-Medium-65d0a735617322a4fe0bcc5350642159.woff2; reference:ValueError:https://ipark-dvp.com/assets/fonts/Pretendard-SemiBold-d3b288a528801dae385d6f104693e022.woff2,8,2,2,,3,,,,,,,,,"[""assets/산업_건설_통신/hdc-development/logo-1.svg"", ""assets/산업_건설_통신/hdc-development/logo-2.svg""]","[""assets/산업_건설_통신/hdc-development/banner-1.webp"", ""assets/산업_건설_통신/hdc-development/banner-2.webp""]",[],"[""assets/산업_건설_통신/hdc-development/reference-1.webp"", ""assets/산업_건설_통신/hdc-development/reference-2.webp"", ""assets/산업_건설_통신/hdc-development/reference-3.webp""]"
산업_건설_통신,CJ대한통운,cj-logistics,https://www.cjlogistics.com/,https://www.cjlogistics.com/,CJ Logistics,200,,partial,,1,0,0,,0,,,,,,,,,[],[],[],[]
산업_건설_통신,한진,hanjin,https://www.hanjin.com/,https://www.hanjin.com/kor/Main.do,글로벌 종합물류기업 (주)한진,200,,partial,,7,2,0,,3,,,,,,,,,"[""assets/산업_건설_통신/hanjin/logo-1.png"", ""assets/산업_건설_통신/hanjin/logo-2.png""]",[],"[""assets/산업_건설_통신/hanjin/og.jpg""]","[""assets/산업_건설_통신/hanjin/reference-1.webp"", ""assets/산업_건설_통신/hanjin/reference-2.webp"", ""assets/산업_건설_통신/hanjin/reference-3.webp""]"
산업_건설_통신,롯데글로벌로지스,lotte-logistics,https://www.lotteglogis.com/,https://www.lotteglogis.com/,롯데글로벌로지스,200,,partial,reference:ValueError:https://www.lotteglogis.com/resources/images/main/lottegloballogis_pr.mp4,5,1,0,,3,,,,,,,,,"[""assets/산업_건설_통신/lotte-logistics/logo-1.webp""]",[],[],"[""assets/산업_건설_통신/lotte-logistics/reference-1.webp"", ""assets/산업_건설_통신/lotte-logistics/reference-2.webp"", ""assets/산업_건설_통신/lotte-logistics/reference-3.webp""]"
장기렌트_리스,롯데오토리스,lease-cf09d63a2c,https://lotte-autolease.com/,https://lotte-autolease.com/,롯데오토리스,,,complete,,17,2,9,0,6,장기렌트·리스,28,28,28,28,,195,,"[""assets/장기렌트_리스/lease-cf09d63a2c/logo-001.png"", ""assets/장기렌트_리스/lease-cf09d63a2c/logo-002.png""]","[""assets/장기렌트_리스/lease-cf09d63a2c/banner-001.webp"", ""assets/장기렌트_리스/lease-cf09d63a2c/banner-002.webp"", ""assets/장기렌트_리스/lease-cf09d63a2c/banner-003.webp"", ""assets/장기렌트_리스/lease-cf09d63a2c/banner-004.webp"", ""assets/장기렌트_리스/lease-cf09d63a2c/banner-005.webp"", ""assets/장기렌트_리스/lease-cf09d63a2c/banner-006.webp"", ""assets/장기렌트_리스/lease-cf09d63a2c/banner-007.webp"", ""assets/장기렌트_리스/lease-cf09d63a2c/banner-008.webp"", ""assets/장기렌트_리스/lease-cf09d63a2c/banner-009.webp""]",[],"[""assets/장기렌트_리스/lease-cf09d63a2c/reference-001.webp"", ""assets/장기렌트_리스/lease-cf09d63a2c/reference-002.webp"", ""assets/장기렌트_리스/lease-cf09d63a2c/reference-003.webp"", ""assets/장기렌트_리스/lease-cf09d63a2c/reference-004.webp"", ""assets/장기렌트_리스/lease-cf09d63a2c/reference-005.webp"", ""assets/장기렌트_리스/lease-cf09d63a2c/reference-006.webp""]"
장기렌트_리스,KB캐피탈 자동차금융,kb,https://www.kbcapital.co.kr/,https://www.kbcapital.co.kr/,KB캐피탈 자동차금융,,,partial,asset:https://m.kbcapital.co.kr/prdt/car/1200:HTTPError; asset:https://m.kbcapital.co.kr/prdt/car/630:HTTPError; asset:https://m.kbcapital.co.kr/image/bg/bg_product.png:HTTPError,14,5,0,1,8,장기렌트·리스,9,9,9,6,,56,,"[""assets/장기렌트_리스/kb/logo-001.png"", ""assets/장기렌트_리스/kb/logo-002.png"", ""assets/장기렌트_리스/kb/logo-003.png"", ""assets/장기렌트_리스/kb/logo-004.png"", ""assets/장기렌트_리스/kb/logo-005.png""]",[],"[""assets/장기렌트_리스/kb/social-001.webp""]","[""assets/장기렌트_리스/kb/reference-001.webp"", ""assets/장기렌트_리스/kb/reference-002.webp"", ""assets/장기렌트_리스/kb/reference-003.webp"", ""assets/장기렌트_리스/kb/reference-004.webp"", ""assets/장기렌트_리스/kb/reference-005.webp"", ""assets/장기렌트_리스/kb/reference-006.webp"", ""assets/장기렌트_리스/kb/reference-007.webp"", ""assets/장기렌트_리스/kb/reference-008.webp""]"
장기렌트_리스,NH농협캐피탈 자동차금융,nh,https://www.nhcapital.co.kr/,https://www.nhcapital.co.kr/,NH농협캐피탈 자동차금융,,,complete,,9,3,1,0,5,장기렌트·리스,8,8,8,12,,85,,"[""assets/장기렌트_리스/nh/logo-001.png"", ""assets/장기렌트_리스/nh/logo-002.png"", ""assets/장기렌트_리스/nh/logo-003.png""]","[""assets/장기렌트_리스/nh/banner-001.webp""]",[],"[""assets/장기렌트_리스/nh/reference-001.webp"", ""assets/장기렌트_리스/nh/reference-002.webp"", ""assets/장기렌트_리스/nh/reference-003.webp"", ""assets/장기렌트_리스/nh/reference-004.webp"", ""assets/장기렌트_리스/nh/reference-005.webp""]"
장기렌트_리스,BNK캐피탈 자동차금융,bnk,https://www.bnkcapital.co.kr/,https://www.bnkcapital.co.kr/,BNK캐피탈 자동차금융,,,complete,asset:https://web.bnkcapital.co.kr/resources/images/index/v3/icon_next.svg:HTTPError; asset:https://web.bnkcapital.co.kr/resources/images/common/icon_clock.svg:HTTPError; asset:https://web.bnkcapital.co.kr/resources/images/prdt/icon_top.svg:HTTPError,47,3,15,0,29,장기렌트·리스,26,26,26,1,,232,,"[""assets/장기렌트_리스/bnk/logo-001.png"", ""assets/장기렌트_리스/bnk/logo-002.png"", ""assets/장기렌트_리스/bnk/logo-003.png""]","[""assets/장기렌트_리스/bnk/banner-001.webp"", ""assets/장기렌트_리스/bnk/banner-002.webp"", ""assets/장기렌트_리스/bnk/banner-003.webp"", ""assets/장기렌트_리스/bnk/banner-004.webp"", ""assets/장기렌트_리스/bnk/banner-005.webp"", ""assets/장기렌트_리스/bnk/banner-006.webp"", ""assets/장기렌트_리스/bnk/banner-007.webp"", ""assets/장기렌트_리스/bnk/banner-008.webp"", ""assets/장기렌트_리스/bnk/banner-009.svg"", ""assets/장기렌트_리스/bnk/banner-010.webp"", ""assets/장기렌트_리스/bnk/banner-011.webp"", ""assets/장기렌트_리스/bnk/banner-012.webp"", ""assets/장기렌트_리스/bnk/banner-013.webp"", ""assets/장기렌트_리스/bnk/banner-014.webp"", ""assets/장기렌트_리스/bnk/banner-015.webp""]",[],"[""assets/장기렌트_리스/bnk/reference-001.webp"", ""assets/장기렌트_리스/bnk/reference-002.webp"", ""assets/장기렌트_리스/bnk/reference-003.webp"", ""assets/장기렌트_리스/bnk/reference-004.webp"", ""assets/장기렌트_리스/bnk/reference-005.webp"", ""assets/장기렌트_리스/bnk/reference-006.webp"", ""assets/장기렌트_리스/bnk/reference-007.webp"", ""assets/장기렌트_리스/bnk/reference-008.webp"", ""assets/장기렌트_리스/bnk/reference-009.webp"", ""assets/장기렌트_리스/bnk/reference-010.webp"", ""assets/장기렌트_리스/bnk/reference-011.webp"", ""assets/장기렌트_리스/bnk/reference-012.webp"", ""assets/장기렌트_리스/bnk/reference-013.webp"", ""assets/장기렌트_리스/bnk/reference-014.webp"", ""assets/장기렌트_리스/bnk/reference-015.webp"", ""assets/장기렌트_리스/bnk/reference-016.webp"", ""assets/장기렌트_리스/bnk/reference-017.webp"", ""assets/장기렌트_리스/bnk/reference-018.webp"", ""assets/장기렌트_리스/bnk/reference-019.webp"", ""assets/장기렌트_리스/bnk/reference-020.webp"", ""assets/장기렌트_리스/bnk/reference-021.webp"", ""assets/장기렌트_리스/bnk/reference-022.webp"", ""assets/장기렌트_리스/bnk/reference-023.webp"", ""assets/장기렌트_리스/bnk/reference-024.webp"", ""assets/장기렌트_리스/bnk/reference-025.webp"", ""assets/장기렌트_리스/bnk/reference-026.webp"", ""assets/장기렌트_리스/bnk/reference-027.webp"", ""assets/장기렌트_리스/bnk/reference-028.webp"", ""assets/장기렌트_리스/bnk/reference-029.webp""]"
장기렌트_리스,우리금융캐피탈 자동차금융,lease-cf09d63a2c-2,https://www.woorifcapital.com/financingmall/goods_main.do?menuNo=000000000000000000000000000112,https://www.woorifcapital.com/financingmall/goods_main.do?menuNo=000000000000000000000000000112,우리금융캐피탈 자동차금융,,,complete,asset:http://dev3.www.woorifcapital.com:8890/upload/oln/goods/20260709_D4RYpP05.png:ConnectionError; asset:http://dev3.www.woorifcapital.com:8890/upload/oln/goods/20260709_bED2peVy.png:ConnectionError; asset:http://dev3.www.woorifcapital.com:8890/upload/oln/goods/20260709_ilpnBD6F.png:ConnectionError; asset:http://dev3.www.woorifcapital.com:8890/upload/oln/goods/20260709_6X1FRU5W.png:ConnectionError; asset:http://dev3.www.woorifcapital.com:8890/upload/oln/goods/20211105_ZHsEIA0w.gif:ConnectionError; asset:http://dev3.www.woorifcapital.com:8890/upload/oln/goods/20211105_V8C5kqKC.gif:ConnectionError; asset:http://dev3.www.woorifcapital.com:8890/upload/oln/goods/20190329_fCvahg2D.jpg:ConnectionError; asset:http://dev3.www.woorifcapital.com:8890/upload/oln/goods/20210115_5rY653pP.png:ConnectionError; asset:http://dev3.www.woorifcapital.com:8890/upload/oln/goods/20210114_DBqJfPS7.png:ConnectionError; asset:http://dev3.www.woorifcapital.com:8890/upload/oln/goods/20210115_X398bwKv.png:ConnectionError; asset:http://dev3.www.woorifcapital.com:8890/upload/oln/goods/20210115_GEpOd63y.png:ConnectionError; asset:http://dev3.www.woorifcapital.com:8890/upload/oln/goods/20210115_2D5w2Sgq.png:ConnectionError,53,14,2,0,37,장기렌트·리스,28,28,28,6,36,392,392,"[""assets/장기렌트_리스/lease-cf09d63a2c-2/logo-001.png"", ""assets/장기렌트_리스/lease-cf09d63a2c-2/logo-002.png"", ""assets/장기렌트_리스/lease-cf09d63a2c-2/logo-003.png"", ""assets/장기렌트_리스/lease-cf09d63a2c-2/logo-004.png"", ""assets/장기렌트_리스/lease-cf09d63a2c-2/logo-005.png"", ""assets/장기렌트_리스/lease-cf09d63a2c-2/logo-006.png"", ""assets/장기렌트_리스/lease-cf09d63a2c-2/logo-007.png"", ""assets/장기렌트_리스/lease-cf09d63a2c-2/logo-008.webp"", ""assets/장기렌트_리스/lease-cf09d63a2c-2/logo-009.png"", ""assets/장기렌트_리스/lease-cf09d63a2c-2/logo-010.png"", ""assets/장기렌트_리스/lease-cf09d63a2c-2/logo-011.svg"", ""assets/장기렌트_리스/lease-cf09d63a2c-2/logo-012.png"", ""assets/장기렌트_리스/lease-cf09d63a2c-2/logo-013.svg"", ""assets/장기렌트_리스/lease-cf09d63a2c-2/logo-014.png""]","[""assets/장기렌트_리스/lease-cf09d63a2c-2/banner-001.webp"", ""assets/장기렌트_리스/lease-cf09d63a2c-2/banner-002.webp""]",[],"[""assets/장기렌트_리스/lease-cf09d63a2c-2/reference-001.webp"", ""assets/장기렌트_리스/lease-cf09d63a2c-2/reference-002.webp"", ""assets/장기렌트_리스/lease-cf09d63a2c-2/reference-003.webp"", ""assets/장기렌트_리스/lease-cf09d63a2c-2/reference-004.webp"", ""assets/장기렌트_리스/lease-cf09d63a2c-2/reference-005.webp"", ""assets/장기렌트_리스/lease-cf09d63a2c-2/reference-006.webp"", ""assets/장기렌트_리스/lease-cf09d63a2c-2/reference-007.webp"", ""assets/장기렌트_리스/lease-cf09d63a2c-2/reference-008.webp"", ""assets/장기렌트_리스/lease-cf09d63a2c-2/reference-009.webp"", ""assets/장기렌트_리스/lease-cf09d63a2c-2/reference-010.webp"", ""assets/장기렌트_리스/lease-cf09d63a2c-2/reference-011.webp"", ""assets/장기렌트_리스/lease-cf09d63a2c-2/reference-012.webp"", ""assets/장기렌트_리스/lease-cf09d63a2c-2/reference-013.webp"", ""assets/장기렌트_리스/lease-cf09d63a2c-2/reference-014.webp"", ""assets/장기렌트_리스/lease-cf09d63a2c-2/reference-015.webp"", ""assets/장기렌트_리스/lease-cf09d63a2c-2/reference-016.webp"", ""assets/장기렌트_리스/lease-cf09d63a2c-2/reference-017.webp"", ""assets/장기렌트_리스/lease-cf09d63a2c-2/reference-018.webp"", ""assets/장기렌트_리스/lease-cf09d63a2c-2/reference-019.webp"", ""assets/장기렌트_리스/lease-cf09d63a2c-2/reference-020.webp"", ""assets/장기렌트_리스/lease-cf09d63a2c-2/reference-021.webp"", ""assets/장기렌트_리스/lease-cf09d63a2c-2/reference-022.webp"", ""assets/장기렌트_리스/lease-cf09d63a2c-2/reference-023.webp"", ""assets/장기렌트_리스/lease-cf09d63a2c-2/reference-024.webp"", ""assets/장기렌트_리스/lease-cf09d63a2c-2/reference-025.webp"", ""assets/장기렌트_리스/lease-cf09d63a2c-2/reference-026.webp"", ""assets/장기렌트_리스/lease-cf09d63a2c-2/reference-027.webp"", ""assets/장기렌트_리스/lease-cf09d63a2c-2/reference-028.webp"", ""assets/장기렌트_리스/lease-cf09d63a2c-2/reference-029.webp"", ""assets/장기렌트_리스/lease-cf09d63a2c-2/reference-030.webp"", ""assets/장기렌트_리스/lease-cf09d63a2c-2/reference-031.webp"", ""assets/장기렌트_리스/lease-cf09d63a2c-2/reference-032.webp"", ""assets/장기렌트_리스/lease-cf09d63a2c-2/reference-033.webp"", ""assets/장기렌트_리스/lease-cf09d63a2c-2/reference-034.webp"", ""assets/장기렌트_리스/lease-cf09d63a2c-2/reference-035.svg"", ""assets/장기렌트_리스/lease-cf09d63a2c-2/reference-036.svg"", ""assets/장기렌트_리스/lease-cf09d63a2c-2/reference-037.svg""]"
장기렌트_리스,메리츠캐피탈 자동차금융,lease-cf09d63a2c-3,https://www.meritzcapital.com/,https://www.meritzcapital.com/,메리츠캐피탈 자동차금융,,,complete,asset:https://www.meritzcapital.com/cs/1140:HTTPError; asset:https://www.meritzcapital.com/cs/600:HTTPError; asset:https://www.meritzcapital.com/gd/1200:HTTPError; asset:https://www.meritzcapital.com/gd/630:HTTPError; asset:https://www.meritzcapital.com/1140:HTTPError; asset:https://www.meritzcapital.com/600:HTTPError; asset:https://www.meritzcapital.com/1200:HTTPError; asset:https://www.meritzcapital.com/630:HTTPError; asset:https://www.meritzcapital.com/ma/1140:HTTPError; asset:https://www.meritzcapital.com/ma/600:HTTPError; asset:https://www.meritzcapital.com/mb/1140:HTTPError; asset:https://www.meritzcapital.com/mb/600:HTTPError,18,11,2,0,5,장기렌트·리스,28,28,28,28,,168,,"[""assets/장기렌트_리스/lease-cf09d63a2c-3/logo-001.webp"", ""assets/장기렌트_리스/lease-cf09d63a2c-3/logo-002.webp"", ""assets/장기렌트_리스/lease-cf09d63a2c-3/logo-003.png"", ""assets/장기렌트_리스/lease-cf09d63a2c-3/logo-004.png"", ""assets/장기렌트_리스/lease-cf09d63a2c-3/logo-005.png"", ""assets/장기렌트_리스/lease-cf09d63a2c-3/logo-006.png"", ""assets/장기렌트_리스/lease-cf09d63a2c-3/logo-007.png"", ""assets/장기렌트_리스/lease-cf09d63a2c-3/logo-008.png"", ""assets/장기렌트_리스/lease-cf09d63a2c-3/logo-009.png"", ""assets/장기렌트_리스/lease-cf09d63a2c-3/logo-010.png"", ""assets/장기렌트_리스/lease-cf09d63a2c-3/logo-011.png""]","[""assets/장기렌트_리스/lease-cf09d63a2c-3/banner-001.webp"", ""assets/장기렌트_리스/lease-cf09d63a2c-3/banner-002.webp""]",[],"[""assets/장기렌트_리스/lease-cf09d63a2c-3/reference-001.webp"", ""assets/장기렌트_리스/lease-cf09d63a2c-3/reference-002.webp"", ""assets/장기렌트_리스/lease-cf09d63a2c-3/reference-003.webp"", ""assets/장기렌트_리스/lease-cf09d63a2c-3/reference-004.webp"", ""assets/장기렌트_리스/lease-cf09d63a2c-3/reference-005.webp""]"
장기렌트_리스,iM캐피탈 자동차금융,im,https://www.imcap.co.kr/automobile/vhclProdGuide.do,https://www.imcap.co.kr/automobile/vhclProdGuide.do,iM캐피탈 자동차금융,,,complete,asset:https://www.imcap.co.kr/static/common/css/font/Pretendard-Bold.ttf:HTTPError; asset:https://www.imcap.co.kr/static/common/css/font/play-v12-latin-regular.ttf:HTTPError; asset:https://www.imcap.co.kr/static/common/css/font/play-v12-latin-700.ttf:HTTPError; asset:https://www.imcap.co.kr/static/common/css/font/koho-500.ttf:HTTPError; asset:https://www.imcap.co.kr/static/common/css/font/koho-700.ttf:HTTPError; asset:https://www.imcap.co.kr/static/common/css/font/Montserrat-SemiBold.ttf:HTTPError; asset:https://www.imcap.co.kr/static/common/css/font/AbhayaLibre-Regular.ttf:HTTPError; asset:https://www.imcap.co.kr/static/common/css/font/Battambang-Regular.ttf:HTTPError; asset:https://www.imcap.co.kr/static/common/css/font/Karma-Regular.ttf:HTTPError; asset:https://www.imcap.co.kr/static/common/css/font/Padauk-Regular.ttf:HTTPError; asset:https://www.imcap.co.kr/static/common/css/font/ZAWGYIONE.ttf:HTTPError; asset:https://www.imcap.co.kr/static/common/css/font/PlayfairDisplay-Regular.ttf:HTTPError,116,9,2,0,105,장기렌트·리스,1,1,1,17,36,332,332,"[""assets/장기렌트_리스/im/logo-001.png"", ""assets/장기렌트_리스/im/logo-002.png"", ""assets/장기렌트_리스/im/logo-003.webp"", ""assets/장기렌트_리스/im/logo-004.webp"", ""assets/장기렌트_리스/im/logo-005.webp"", ""assets/장기렌트_리스/im/logo-006.webp"", ""assets/장기렌트_리스/im/logo-007.png"", ""assets/장기렌트_리스/im/logo-008.webp"", ""assets/장기렌트_리스/im/logo-009.webp""]","[""assets/장기렌트_리스/im/banner-001.webp"", ""assets/장기렌트_리스/im/banner-002.webp""]",[],"[""assets/장기렌트_리스/im/reference-001.webp"", ""assets/장기렌트_리스/im/reference-002.webp"", ""assets/장기렌트_리스/im/reference-003.webp"", ""assets/장기렌트_리스/im/reference-004.webp"", ""assets/장기렌트_리스/im/reference-005.webp"", ""assets/장기렌트_리스/im/reference-006.webp"", ""assets/장기렌트_리스/im/reference-007.webp"", ""assets/장기렌트_리스/im/reference-008.webp"", ""assets/장기렌트_리스/im/reference-009.webp"", ""assets/장기렌트_리스/im/reference-010.webp"", ""assets/장기렌트_리스/im/reference-011.webp"", ""assets/장기렌트_리스/im/reference-012.webp"", ""assets/장기렌트_리스/im/reference-013.webp"", ""assets/장기렌트_리스/im/reference-014.webp"", ""assets/장기렌트_리스/im/reference-015.webp"", ""assets/장기렌트_리스/im/reference-016.webp"", ""assets/장기렌트_리스/im/reference-017.webp"", ""assets/장기렌트_리스/im/reference-018.webp"", ""assets/장기렌트_리스/im/reference-019.webp"", ""assets/장기렌트_리스/im/reference-020.webp"", ""assets/장기렌트_리스/im/reference-021.webp"", ""assets/장기렌트_리스/im/reference-022.webp"", ""assets/장기렌트_리스/im/reference-023.webp"", ""assets/장기렌트_리스/im/reference-024.webp"", ""assets/장기렌트_리스/im/reference-025.webp"", ""assets/장기렌트_리스/im/reference-026.webp"", ""assets/장기렌트_리스/im/reference-027.webp"", ""assets/장기렌트_리스/im/reference-028.webp"", ""assets/장기렌트_리스/im/reference-029.webp"", ""assets/장기렌트_리스/im/reference-030.webp"", ""assets/장기렌트_리스/im/reference-031.webp"", ""assets/장기렌트_리스/im/reference-032.webp"", ""assets/장기렌트_리스/im/reference-033.webp"", ""assets/장기렌트_리스/im/reference-034.webp"", ""assets/장기렌트_리스/im/reference-035.webp"", ""assets/장기렌트_리스/im/reference-036.webp"", ""assets/장기렌트_리스/im/reference-037.webp"", ""assets/장기렌트_리스/im/reference-038.webp"", ""assets/장기렌트_리스/im/reference-039.webp"", ""assets/장기렌트_리스/im/reference-040.webp"", ""assets/장기렌트_리스/im/reference-041.webp"", ""assets/장기렌트_리스/im/reference-042.webp"", ""assets/장기렌트_리스/im/reference-043.webp"", ""assets/장기렌트_리스/im/reference-044.webp"", ""assets/장기렌트_리스/im/reference-045.webp"", ""assets/장기렌트_리스/im/reference-046.webp"", ""assets/장기렌트_리스/im/reference-047.webp"", ""assets/장기렌트_리스/im/reference-048.webp"", ""assets/장기렌트_리스/im/reference-049.webp"", ""assets/장기렌트_리스/im/reference-050.webp"", ""assets/장기렌트_리스/im/reference-051.webp"", ""assets/장기렌트_리스/im/reference-052.webp"", ""assets/장기렌트_리스/im/reference-053.webp"", ""assets/장기렌트_리스/im/reference-054.webp"", ""assets/장기렌트_리스/im/reference-055.webp"", ""assets/장기렌트_리스/im/reference-056.webp"", ""assets/장기렌트_리스/im/reference-057.webp"", ""assets/장기렌트_리스/im/reference-058.webp"", ""assets/장기렌트_리스/im/reference-059.webp"", ""assets/장기렌트_리스/im/reference-060.webp"", ""assets/장기렌트_리스/im/reference-061.webp"", ""assets/장기렌트_리스/im/reference-062.webp"", ""assets/장기렌트_리스/im/reference-063.webp"", ""assets/장기렌트_리스/im/reference-064.webp"", ""assets/장기렌트_리스/im/reference-065.webp"", ""assets/장기렌트_리스/im/reference-066.webp"", ""assets/장기렌트_리스/im/reference-067.webp"", ""assets/장기렌트_리스/im/reference-068.webp"", ""assets/장기렌트_리스/im/reference-069.webp"", ""assets/장기렌트_리스/im/reference-070.webp"", ""assets/장기렌트_리스/im/reference-071.webp"", ""assets/장기렌트_리스/im/reference-072.webp"", ""assets/장기렌트_리스/im/reference-073.webp"", ""assets/장기렌트_리스/im/reference-074.webp"", ""assets/장기렌트_리스/im/reference-075.webp"", ""assets/장기렌트_리스/im/reference-076.webp"", ""assets/장기렌트_리스/im/reference-077.webp"", ""assets/장기렌트_리스/im/reference-078.webp"", ""assets/장기렌트_리스/im/reference-079.webp"", ""assets/장기렌트_리스/im/reference-080.webp"", ""assets/장기렌트_리스/im/reference-081.webp"", ""assets/장기렌트_리스/im/reference-082.webp"", ""assets/장기렌트_리스/im/reference-083.svg"", ""assets/장기렌트_리스/im/reference-084.svg"", ""assets/장기렌트_리스/im/reference-085.svg"", ""assets/장기렌트_리스/im/reference-086.svg"", ""assets/장기렌트_리스/im/reference-087.svg"", ""assets/장기렌트_리스/im/reference-088.svg"", ""assets/장기렌트_리스/im/reference-089.webp"", ""assets/장기렌트_리스/im/reference-090.webp"", ""assets/장기렌트_리스/im/reference-091.webp"", ""assets/장기렌트_리스/im/reference-092.webp"", ""assets/장기렌트_리스/im/reference-093.webp"", ""assets/장기렌트_리스/im/reference-094.webp"", ""assets/장기렌트_리스/im/reference-095.webp"", ""assets/장기렌트_리스/im/reference-096.webp"", ""assets/장기렌트_리스/im/reference-097.webp"", ""assets/장기렌트_리스/im/reference-098.webp"", ""assets/장기렌트_리스/im/reference-099.webp"", ""assets/장기렌트_리스/im/reference-100.webp"", ""assets/장기렌트_리스/im/reference-101.webp"", ""assets/장기렌트_리스/im/reference-102.webp"", ""assets/장기렌트_리스/im/reference-103.webp"", ""assets/장기렌트_리스/im/reference-104.webp"", ""assets/장기렌트_리스/im/reference-105.webp""]"
장기렌트_리스,롯데캐피탈 자동차금융,lease-cf09d63a2c-4,https://www.lottecap.com/,https://www.lottecap.com/,롯데캐피탈 자동차금융,,,complete,asset:https://www.lottecap.com/w/plugins/%22images%2Fui-icons_444444_256x240.png%22:HTTPError; asset:https://www.lottecap.com/w/plugins/%22images%2Fui-icons_cc0000_256x240.png%22:HTTPError; asset:https://www.lottecap.com/w/plugins/%22images%2Fui-icons_777777_256x240.png%22:HTTPError; asset:https://www.lottecap.com/w/plugins/%22images%2Fui-icons_ffffff_256x240.png%22:HTTPError; asset:https://www.lottecap.com/m/images/bs/icn_warning.png:HTTPError; asset:https://www.lottecap.com/m/images/common/icns_pagination2.png:HTTPError; asset:https://www.lottecap.com/m/images/g.png:HTTPError; asset:https://www.lottecap.com/m/images/g12.png:HTTPError; asset:https://www.lottecap.com/m/images/g4.png:HTTPError; asset:https://www.lottecap.com/m/images/common/icns_08.png:HTTPError; asset:https://www.lottecap.com/w/images/bs/icn_warning.png:HTTPError; asset:https://www.lottecap.com/w/images/common/icn_more_01.png:HTTPError,12,2,1,0,9,장기렌트·리스,1,1,1,10,,180,,"[""assets/장기렌트_리스/lease-cf09d63a2c-4/logo-001.webp"", ""assets/장기렌트_리스/lease-cf09d63a2c-4/logo-002.png""]","[""assets/장기렌트_리스/lease-cf09d63a2c-4/banner-001.webp""]",[],"[""assets/장기렌트_리스/lease-cf09d63a2c-4/reference-001.webp"", ""assets/장기렌트_리스/lease-cf09d63a2c-4/reference-002.webp"", ""assets/장기렌트_리스/lease-cf09d63a2c-4/reference-003.webp"", ""assets/장기렌트_리스/lease-cf09d63a2c-4/reference-004.webp"", ""assets/장기렌트_리스/lease-cf09d63a2c-4/reference-005.webp"", ""assets/장기렌트_리스/lease-cf09d63a2c-4/reference-006.webp"", ""assets/장기렌트_리스/lease-cf09d63a2c-4/reference-007.webp"", ""assets/장기렌트_리스/lease-cf09d63a2c-4/reference-008.webp"", ""assets/장기렌트_리스/lease-cf09d63a2c-4/reference-009.webp""]"
장기렌트_리스,M캐피탈 자동차금융,m,https://www.mcapital.co.kr/,https://www.mcapital.co.kr/,M캐피탈 자동차금융,,,partial,asset:https://www.mcapital.co.kr/uploaded/file/:HTTPError; asset:https://www.mcapital.co.kr/theme/webs04/img/gen/sub-bg.jpg:HTTPError,14,0,2,0,12,장기렌트·리스,2,2,2,16,,231,,[],"[""assets/장기렌트_리스/m/banner-001.webp"", ""assets/장기렌트_리스/m/banner-002.webp""]",[],"[""assets/장기렌트_리스/m/reference-001.svg"", ""assets/렌터카_국내/jejusok/reference-015.svg"", ""assets/장기렌트_리스/m/reference-003.svg"", ""assets/장기렌트_리스/m/reference-004.svg"", ""assets/장기렌트_리스/m/reference-005.svg"", ""assets/장기렌트_리스/m/reference-006.svg"", ""assets/장기렌트_리스/m/reference-007.svg"", ""assets/장기렌트_리스/m/reference-008.svg"", ""assets/장기렌트_리스/m/reference-009.svg"", ""assets/장기렌트_리스/m/reference-010.svg"", ""assets/장기렌트_리스/m/reference-011.svg"", ""assets/장기렌트_리스/m/reference-012.webp""]"
장기렌트_리스,한국캐피탈 자동차금융,lease-cf09d63a2c-5,https://www.hankookcapital.co.kr/,https://www.hankookcapital.co.kr/,한국캐피탈 자동차금융,,,complete,asset:https://www.hankookcapital.co.kr/resource/img/etc/cmn/bg_tip_step.gif:HTTPError; asset:https://www.hankookcapital.co.kr/res/hkm/images/contents/bg_pdt_item36.png:HTTPError; asset:https://www.hankookcapital.co.kr/res/hkm/css/fonts/slick.eot:HTTPError; asset:https://www.hankookcapital.co.kr/res/hkm/css/fonts/slick.woff:HTTPError; asset:https://www.hankookcapital.co.kr/res/hkm/css/fonts/slick.ttf:HTTPError; asset:https://www.hankookcapital.co.kr/res/hkm/css/fonts/slick.svg:HTTPError; asset:https://www.hankookcapital.co.kr/res/hkm/font/font/Pretendard-Thin.woff:HTTPError; asset:https://m.hankookcapital.co.kr/res/hkc/css/fonts/slick.woff:HTTPError; asset:https://m.hankookcapital.co.kr/res/hkc/css/fonts/slick.ttf:HTTPError; asset:https://m.hankookcapital.co.kr/res/hkc/css/fonts/slick.svg:HTTPError; asset:https://m.hankookcapital.co.kr/res/hkc/images/contents/img_agt_mainsub_11.png:HTTPError; asset:https://m.hankookcapital.co.kr/res/hkc/images/main/bg_pop_220601.png:ValueError,76,3,17,0,56,장기렌트·리스,7,7,7,23,,877,,"[""assets/장기렌트_리스/lease-cf09d63a2c-5/logo-001.png"", ""assets/장기렌트_리스/lease-cf09d63a2c-5/logo-002.png"", ""assets/장기렌트_리스/lease-cf09d63a2c-5/logo-003.png""]","[""assets/장기렌트_리스/lease-cf09d63a2c-5/banner-001.webp"", ""assets/장기렌트_리스/lease-cf09d63a2c-5/banner-002.webp"", ""assets/장기렌트_리스/lease-cf09d63a2c-5/banner-003.webp"", ""assets/장기렌트_리스/lease-cf09d63a2c-5/banner-004.webp"", ""assets/장기렌트_리스/lease-cf09d63a2c-5/banner-005.webp"", ""assets/장기렌트_리스/lease-cf09d63a2c-5/banner-006.webp"", ""assets/장기렌트_리스/lease-cf09d63a2c-5/banner-007.webp"", ""assets/장기렌트_리스/lease-cf09d63a2c-5/banner-008.webp"", ""assets/장기렌트_리스/lease-cf09d63a2c-5/banner-009.webp"", ""assets/장기렌트_리스/lease-cf09d63a2c-5/banner-010.webp"", ""assets/장기렌트_리스/lease-cf09d63a2c-5/banner-011.webp"", ""assets/장기렌트_리스/lease-cf09d63a2c-5/banner-012.webp"", ""assets/장기렌트_리스/lease-cf09d63a2c-5/banner-013.webp"", ""assets/장기렌트_리스/lease-cf09d63a2c-5/banner-014.webp"", ""assets/장기렌트_리스/lease-cf09d63a2c-5/banner-015.webp"", ""assets/장기렌트_리스/lease-cf09d63a2c-5/banner-016.webp"", ""assets/장기렌트_리스/lease-cf09d63a2c-5/banner-017.webp""]",[],"[""assets/장기렌트_리스/lease-cf09d63a2c-5/reference-001.webp"", ""assets/장기렌트_리스/lease-cf09d63a2c-5/reference-002.webp"", ""assets/장기렌트_리스/lease-cf09d63a2c-5/reference-003.webp"", ""assets/장기렌트_리스/lease-cf09d63a2c-5/reference-004.webp"", ""assets/장기렌트_리스/lease-cf09d63a2c-5/reference-005.webp"", ""assets/장기렌트_리스/lease-cf09d63a2c-5/reference-006.webp"", ""assets/장기렌트_리스/lease-cf09d63a2c-5/reference-007.webp"", ""assets/장기렌트_리스/lease-cf09d63a2c-5/reference-008.webp"", ""assets/장기렌트_리스/lease-cf09d63a2c-5/reference-009.webp"", ""assets/장기렌트_리스/lease-cf09d63a2c-5/reference-010.webp"", ""assets/장기렌트_리스/lease-cf09d63a2c-5/reference-011.webp"", ""assets/장기렌트_리스/lease-cf09d63a2c-5/reference-012.webp"", ""assets/장기렌트_리스/lease-cf09d63a2c-5/reference-013.webp"", ""assets/장기렌트_리스/lease-cf09d63a2c-5/reference-014.webp"", ""assets/장기렌트_리스/lease-cf09d63a2c-5/reference-015.webp"", ""assets/장기렌트_리스/lease-cf09d63a2c-5/reference-016.webp"", ""assets/장기렌트_리스/lease-cf09d63a2c-5/reference-017.webp"", ""assets/장기렌트_리스/lease-cf09d63a2c-5/reference-018.webp"", ""assets/장기렌트_리스/lease-cf09d63a2c-5/reference-019.webp"", ""assets/장기렌트_리스/lease-cf09d63a2c-5/reference-020.webp"", ""assets/장기렌트_리스/lease-cf09d63a2c-5/reference-021.webp"", ""assets/장기렌트_리스/lease-cf09d63a2c-5/reference-022.webp"", ""assets/장기렌트_리스/lease-cf09d63a2c-5/reference-023.webp"", ""assets/장기렌트_리스/lease-cf09d63a2c-5/reference-024.webp"", ""assets/장기렌트_리스/lease-cf09d63a2c-5/reference-025.webp"", ""assets/장기렌트_리스/lease-cf09d63a2c-5/reference-026.webp"", ""assets/장기렌트_리스/lease-cf09d63a2c-5/reference-027.webp"", ""assets/장기렌트_리스/lease-cf09d63a2c-5/reference-028.webp"", ""assets/장기렌트_리스/lease-cf09d63a2c-5/reference-029.webp"", ""assets/장기렌트_리스/lease-cf09d63a2c-5/reference-030.webp"", ""assets/장기렌트_리스/lease-cf09d63a2c-5/reference-031.webp"", ""assets/장기렌트_리스/lease-cf09d63a2c-5/reference-032.webp"", ""assets/장기렌트_리스/lease-cf09d63a2c-5/reference-033.webp"", ""assets/장기렌트_리스/lease-cf09d63a2c-5/reference-034.webp"", ""assets/장기렌트_리스/lease-cf09d63a2c-5/reference-035.webp"", ""assets/장기렌트_리스/lease-cf09d63a2c-5/reference-036.webp"", ""assets/장기렌트_리스/lease-cf09d63a2c-5/reference-037.webp"", ""assets/장기렌트_리스/lease-cf09d63a2c-5/reference-038.webp"", ""assets/장기렌트_리스/lease-cf09d63a2c-5/reference-039.webp"", ""assets/장기렌트_리스/lease-cf09d63a2c-5/reference-040.webp"", ""assets/장기렌트_리스/lease-cf09d63a2c-5/reference-041.webp"", ""assets/장기렌트_리스/lease-cf09d63a2c-5/reference-042.webp"", ""assets/장기렌트_리스/lease-cf09d63a2c-5/reference-043.webp"", ""assets/장기렌트_리스/lease-cf09d63a2c-5/reference-044.webp"", ""assets/장기렌트_리스/lease-cf09d63a2c-5/reference-045.webp"", ""assets/장기렌트_리스/lease-cf09d63a2c-5/reference-046.webp"", ""assets/장기렌트_리스/lease-cf09d63a2c-5/reference-047.webp"", ""assets/장기렌트_리스/lease-cf09d63a2c-5/reference-048.webp"", ""assets/장기렌트_리스/lease-cf09d63a2c-5/reference-049.webp"", ""assets/장기렌트_리스/lease-cf09d63a2c-5/reference-050.webp"", ""assets/장기렌트_리스/lease-cf09d63a2c-5/reference-051.webp"", ""assets/장기렌트_리스/lease-cf09d63a2c-5/reference-052.webp"", ""assets/장기렌트_리스/lease-cf09d63a2c-5/reference-053.webp"", ""assets/장기렌트_리스/lease-cf09d63a2c-5/reference-054.webp"", ""assets/장기렌트_리스/lease-cf09d63a2c-5/reference-055.webp"", ""assets/장기렌트_리스/lease-cf09d63a2c-5/reference-056.webp""]"
장기렌트_리스,미래에셋캐피탈 자동차금융,lease-cf09d63a2c-6,https://capital.miraeasset.com/ib20/mnu/BCWCOMM000020,https://capital.miraeasset.com/ib20/mnu/BCWCOMM000020,미래에셋캐피탈 자동차금융,,,complete,asset:http://investments.miraeasset.com/common_kr/mobile/images/common/TigerETF_newlogo.jpg:HTTPError; asset:https://investments.miraeasset.com/assets/img/pc/logo_header_02.png:HTTPError; asset:https://capital.miraeasset.com/resource/pc/font02/Spoqa Han Sans Neo Thin.ttf:HTTPError; asset:https://capital.miraeasset.com/resource/pc/font02/Spoqa Han Sans Neo Light.ttf:HTTPError; asset:https://capital.miraeasset.com/resource/pc/font02/Spoqa Han Sans Neo Regular.ttf:HTTPError; asset:https://capital.miraeasset.com/resource/pc/font02/Spoqa Han Sans Neo Medium.ttf:HTTPError; asset:https://capital.miraeasset.com/resource/pc/font01/NanumGothic-Regular.ttf:HTTPError; asset:https://capital.miraeasset.com/resource/pc/font01/NanumGothic-Bold.ttf:HTTPError; asset:https://capital.miraeasset.com/resource/pc/font01/NanumGothic-ExtraBold.ttf:HTTPError; asset:https://capital.miraeasset.com/resource/pc/font02/Spoqa Han Sans Neo Bold.ttf:HTTPError,126,66,3,2,55,장기렌트·리스,28,28,28,28,36,499,420,"[""assets/장기렌트_리스/lease-cf09d63a2c-6/logo-001.png"", ""assets/장기렌트_리스/lease-cf09d63a2c-6/logo-002.webp"", ""assets/장기렌트_리스/lease-cf09d63a2c-6/logo-003.png"", ""assets/장기렌트_리스/lease-cf09d63a2c-6/logo-004.png"", ""assets/장기렌트_리스/lease-cf09d63a2c-6/logo-005.png"", ""assets/장기렌트_리스/lease-cf09d63a2c-6/logo-006.png"", ""assets/장기렌트_리스/lease-cf09d63a2c-6/logo-007.png"", ""assets/장기렌트_리스/lease-cf09d63a2c-6/logo-008.png"", ""assets/장기렌트_리스/lease-cf09d63a2c-6/logo-009.png"", ""assets/장기렌트_리스/lease-cf09d63a2c-6/logo-010.png"", ""assets/장기렌트_리스/lease-cf09d63a2c-6/logo-011.svg"", ""assets/장기렌트_리스/lease-cf09d63a2c-6/logo-012.webp"", ""assets/장기렌트_리스/lease-cf09d63a2c-6/logo-013.webp"", ""assets/장기렌트_리스/lease-cf09d63a2c-6/logo-014.webp"", ""assets/장기렌트_리스/lease-cf09d63a2c-6/logo-015.webp"", ""assets/장기렌트_리스/lease-cf09d63a2c-6/logo-016.webp"", ""assets/장기렌트_리스/lease-cf09d63a2c-6/logo-017.webp"", ""assets/장기렌트_리스/lease-cf09d63a2c-6/logo-018.webp"", ""assets/장기렌트_리스/lease-cf09d63a2c-6/logo-019.webp"", ""assets/장기렌트_리스/lease-cf09d63a2c-6/logo-020.png"", ""assets/장기렌트_리스/lease-cf09d63a2c-6/logo-021.webp"", ""assets/장기렌트_리스/lease-cf09d63a2c-6/logo-022.webp"", ""assets/장기렌트_리스/lease-cf09d63a2c-6/logo-023.webp"", ""assets/장기렌트_리스/lease-cf09d63a2c-6/logo-024.webp"", ""assets/장기렌트_리스/lease-cf09d63a2c-6/logo-025.webp"", ""assets/장기렌트_리스/lease-cf09d63a2c-6/logo-026.webp"", ""assets/장기렌트_리스/lease-cf09d63a2c-6/logo-027.webp"", ""assets/장기렌트_리스/lease-cf09d63a2c-6/logo-028.webp"", ""assets/장기렌트_리스/lease-cf09d63a2c-6/logo-029.webp"", ""assets/장기렌트_리스/lease-cf09d63a2c-6/logo-030.webp"", ""assets/장기렌트_리스/lease-cf09d63a2c-6/logo-031.webp"", ""assets/장기렌트_리스/lease-cf09d63a2c-6/logo-032.webp"", ""assets/장기렌트_리스/lease-cf09d63a2c-6/logo-033.webp"", ""assets/장기렌트_리스/lease-cf09d63a2c-6/logo-034.webp"", ""assets/장기렌트_리스/lease-cf09d63a2c-6/logo-035.webp"", ""assets/장기렌트_리스/lease-cf09d63a2c-6/logo-036.webp"", ""assets/장기렌트_리스/lease-cf09d63a2c-6/logo-037.webp"", ""assets/장기렌트_리스/lease-cf09d63a2c-6/logo-038.webp"", ""assets/장기렌트_리스/lease-cf09d63a2c-6/logo-039.webp"", ""assets/장기렌트_리스/lease-cf09d63a2c-6/logo-040.webp"", ""assets/장기렌트_리스/lease-cf09d63a2c-6/logo-041.webp"", ""assets/장기렌트_리스/lease-cf09d63a2c-6/logo-042.webp"", ""assets/장기렌트_리스/lease-cf09d63a2c-6/logo-043.webp"", ""assets/장기렌트_리스/lease-cf09d63a2c-6/logo-044.webp"", ""assets/장기렌트_리스/lease-cf09d63a2c-6/logo-045.webp"", ""assets/장기렌트_리스/lease-cf09d63a2c-6/logo-046.webp"", ""assets/장기렌트_리스/lease-cf09d63a2c-6/logo-047.webp"", ""assets/장기렌트_리스/lease-cf09d63a2c-6/logo-048.webp"", ""assets/장기렌트_리스/lease-cf09d63a2c-6/logo-049.webp"", ""assets/장기렌트_리스/lease-cf09d63a2c-6/logo-050.webp"", ""assets/장기렌트_리스/lease-cf09d63a2c-6/logo-051.webp"", ""assets/장기렌트_리스/lease-cf09d63a2c-6/logo-052.webp"", ""assets/장기렌트_리스/lease-cf09d63a2c-6/logo-053.webp"", ""assets/장기렌트_리스/lease-cf09d63a2c-6/logo-054.webp"", ""assets/장기렌트_리스/lease-cf09d63a2c-6/logo-055.webp"", ""assets/장기렌트_리스/lease-cf09d63a2c-6/logo-056.webp"", ""assets/장기렌트_리스/lease-cf09d63a2c-6/logo-057.webp"", ""assets/장기렌트_리스/lease-cf09d63a2c-6/logo-058.svg"", ""assets/장기렌트_리스/lease-cf09d63a2c-6/logo-059.png"", ""assets/장기렌트_리스/lease-cf09d63a2c-6/logo-060.png"", ""assets/장기렌트_리스/lease-cf09d63a2c-6/logo-061.png"", ""assets/장기렌트_리스/lease-cf09d63a2c-6/logo-062.svg"", ""assets/장기렌트_리스/lease-cf09d63a2c-6/logo-063.webp"", ""assets/장기렌트_리스/lease-cf09d63a2c-6/logo-064.webp"", ""assets/장기렌트_리스/lease-cf09d63a2c-6/logo-065.webp"", ""assets/장기렌트_리스/lease-cf09d63a2c-6/logo-066.webp""]","[""assets/장기렌트_리스/lease-cf09d63a2c-6/banner-001.webp"", ""assets/장기렌트_리스/lease-cf09d63a2c-6/banner-002.webp"", ""assets/장기렌트_리스/lease-cf09d63a2c-6/banner-003.webp""]","[""assets/장기렌트_리스/lease-cf09d63a2c-6/social-001.webp"", ""assets/장기렌트_리스/lease-cf09d63a2c-6/social-002.webp""]","[""assets/장기렌트_리스/lease-cf09d63a2c-6/reference-001.webp"", ""assets/장기렌트_리스/lease-cf09d63a2c-6/reference-002.webp"", ""assets/장기렌트_리스/lease-cf09d63a2c-6/reference-003.webp"", ""assets/장기렌트_리스/lease-cf09d63a2c-6/reference-004.webp"", ""assets/장기렌트_리스/lease-cf09d63a2c-6/reference-005.webp"", ""assets/장기렌트_리스/lease-cf09d63a2c-6/reference-006.webp"", ""assets/장기렌트_리스/lease-cf09d63a2c-6/reference-007.webp"", ""assets/장기렌트_리스/lease-cf09d63a2c-6/reference-008.webp"", ""assets/장기렌트_리스/lease-cf09d63a2c-6/reference-009.webp"", ""assets/장기렌트_리스/lease-cf09d63a2c-6/reference-010.webp"", ""assets/장기렌트_리스/lease-cf09d63a2c-6/reference-011.webp"", ""assets/장기렌트_리스/lease-cf09d63a2c-6/reference-012.webp"", ""assets/장기렌트_리스/lease-cf09d63a2c-6/reference-013.webp"", ""assets/장기렌트_리스/lease-cf09d63a2c-6/reference-014.webp"", ""assets/장기렌트_리스/lease-cf09d63a2c-6/reference-015.webp"", ""assets/장기렌트_리스/lease-cf09d63a2c-6/reference-016.webp"", ""assets/장기렌트_리스/lease-cf09d63a2c-6/reference-017.webp"", ""assets/장기렌트_리스/lease-cf09d63a2c-6/reference-018.webp"", ""assets/장기렌트_리스/lease-cf09d63a2c-6/reference-019.webp"", ""assets/장기렌트_리스/lease-cf09d63a2c-6/reference-020.webp"", ""assets/장기렌트_리스/lease-cf09d63a2c-6/reference-021.webp"", ""assets/장기렌트_리스/lease-cf09d63a2c-6/reference-022.webp"", ""assets/장기렌트_리스/lease-cf09d63a2c-6/reference-023.webp"", ""assets/장기렌트_리스/lease-cf09d63a2c-6/reference-024.webp"", ""assets/장기렌트_리스/lease-cf09d63a2c-6/reference-025.webp"", ""assets/장기렌트_리스/lease-cf09d63a2c-6/reference-026.webp"", ""assets/장기렌트_리스/lease-cf09d63a2c-6/reference-027.webp"", ""assets/장기렌트_리스/lease-cf09d63a2c-6/reference-028.webp"", ""assets/장기렌트_리스/lease-cf09d63a2c-6/reference-029.webp"", ""assets/장기렌트_리스/lease-cf09d63a2c-6/reference-030.webp"", ""assets/장기렌트_리스/lease-cf09d63a2c-6/reference-031.webp"", ""assets/장기렌트_리스/lease-cf09d63a2c-6/reference-032.webp"", ""assets/장기렌트_리스/lease-cf09d63a2c-6/reference-033.webp"", ""assets/장기렌트_리스/lease-cf09d63a2c-6/reference-034.webp"", ""assets/장기렌트_리스/lease-cf09d63a2c-6/reference-035.svg"", ""assets/장기렌트_리스/lease-cf09d63a2c-6/reference-036.webp"", ""assets/장기렌트_리스/lease-cf09d63a2c-6/reference-037.webp"", ""assets/장기렌트_리스/lease-cf09d63a2c-6/reference-038.webp"", ""assets/장기렌트_리스/lease-cf09d63a2c-6/reference-039.webp"", ""assets/장기렌트_리스/lease-cf09d63a2c-6/reference-040.webp"", ""assets/장기렌트_리스/lease-cf09d63a2c-6/reference-041.webp"", ""assets/장기렌트_리스/lease-cf09d63a2c-6/reference-042.webp"", ""assets/장기렌트_리스/lease-cf09d63a2c-6/reference-043.webp"", ""assets/장기렌트_리스/lease-cf09d63a2c-6/reference-044.webp"", ""assets/장기렌트_리스/lease-cf09d63a2c-6/reference-045.webp"", ""assets/장기렌트_리스/lease-cf09d63a2c-6/reference-046.webp"", ""assets/장기렌트_리스/lease-cf09d63a2c-6/reference-047.webp"", ""assets/장기렌트_리스/lease-cf09d63a2c-6/reference-048.webp"", ""assets/장기렌트_리스/lease-cf09d63a2c-6/reference-049.webp"", ""assets/장기렌트_리스/lease-cf09d63a2c-6/reference-050.webp"", ""assets/장기렌트_리스/lease-cf09d63a2c-6/reference-051.webp"", ""assets/장기렌트_리스/lease-cf09d63a2c-6/reference-052.webp"", ""assets/장기렌트_리스/lease-cf09d63a2c-6/reference-053.webp"", ""assets/장기렌트_리스/lease-cf09d63a2c-6/reference-054.webp"", ""assets/장기렌트_리스/lease-cf09d63a2c-6/reference-055.webp""]"
장기렌트_리스,KDB캐피탈 자동차금융,kdb,https://www.kdbc.co.kr/,https://www.kdbc.co.kr/,KDB캐피탈 자동차금융,,,complete,asset:https://www.kdbc.co.kr/inc/css/%22images%2Fui-icons_555555_256x240.png%22:HTTPError; asset:https://www.kdbc.co.kr/inc/css/%22images%2Fui-icons_777620_256x240.png%22:HTTPError; asset:https://www.kdbc.co.kr/inc/css/%22images%2Fui-icons_444444_256x240.png%22:HTTPError; asset:https://www.kdbc.co.kr/inc/css/%22images%2Fui-icons_cc0000_256x240.png%22:HTTPError; asset:https://www.kdbc.co.kr/inc/css/%22images%2Fui-icons_777777_256x240.png%22:HTTPError; asset:https://www.kdbc.co.kr/inc/css/%22images%2Fui-icons_ffffff_256x240.png%22:HTTPError,28,3,6,0,19,장기렌트·리스,28,28,28,8,,203,,"[""assets/장기렌트_리스/kdb/logo-001.webp"", ""assets/장기렌트_리스/kdb/logo-002.webp"", ""assets/장기렌트_리스/kdb/logo-003.png""]","[""assets/장기렌트_리스/kdb/banner-001.webp"", ""assets/장기렌트_리스/kdb/banner-002.webp"", ""assets/장기렌트_리스/kdb/banner-003.webp"", ""assets/장기렌트_리스/kdb/banner-004.webp"", ""assets/장기렌트_리스/kdb/banner-005.webp"", ""assets/장기렌트_리스/kdb/banner-006.webp""]",[],"[""assets/장기렌트_리스/kdb/reference-001.webp"", ""assets/장기렌트_리스/kdb/reference-002.webp"", ""assets/장기렌트_리스/kdb/reference-003.webp"", ""assets/장기렌트_리스/kdb/reference-004.webp"", ""assets/장기렌트_리스/kdb/reference-005.webp"", ""assets/장기렌트_리스/kdb/reference-006.webp"", ""assets/장기렌트_리스/kdb/reference-007.webp"", ""assets/장기렌트_리스/kdb/reference-008.webp"", ""assets/장기렌트_리스/kdb/reference-009.webp"", ""assets/장기렌트_리스/kdb/reference-010.webp"", ""assets/장기렌트_리스/kdb/reference-011.webp"", ""assets/장기렌트_리스/kdb/reference-012.webp"", ""assets/장기렌트_리스/kdb/reference-013.webp"", ""assets/장기렌트_리스/kdb/reference-014.webp"", ""assets/장기렌트_리스/kdb/reference-015.webp"", ""assets/장기렌트_리스/kdb/reference-016.webp"", ""assets/장기렌트_리스/kdb/reference-017.webp"", ""assets/장기렌트_리스/kdb/reference-018.webp"", ""assets/장기렌트_리스/kdb/reference-019.webp""]"
장기렌트_리스,오릭스캐피탈코리아,lease-cf09d63a2c-7,https://www.orix.co.kr/main/main_.frm,https://www.orix.co.kr/main/main_.frm,오릭스캐피탈코리아,,,complete,asset:https://www.orix.co.kr/jOrix/public/img/service/img_map_11.gif:HTTPError; asset:https://www.orix.co.kr/jOrix/public/img/service/img_map_12.gif:HTTPError; asset:https://www.orix.co.kr/jOrix/public/img/service/img_map_13.gif:HTTPError; asset:https://www.orix.co.kr/jOrix/public/img/service/img_map_14.gif:HTTPError; asset:https://www.orix.co.kr/jOrix/public/img/service/bg_inq_1.gif:HTTPError; asset:https://www.orix.co.kr/jOrix/public/img/service/bg_branch_1.gif:HTTPError; asset:https://www.orix.co.kr/jOrix/public/img/service/bg_apply_1.gif:HTTPError; asset:https://www.orix.co.kr/jOrix/public/img/service/bg_step_1.gif:HTTPError; asset:https://www.orix.co.kr/jOrix/public/img/service/img_bill_1.jpg:HTTPError; asset:https://www.orix.co.kr/jOrix/public/img/service/img_bill_2.jpg:HTTPError; asset:https://www.orix.co.kr/jOrix/public/img/service/bg_num2_1.gif:HTTPError; asset:https://www.orix.co.kr/jOrix/public/img/service/bg_num2_2.gif:HTTPError,16,4,2,0,10,장기렌트·리스,28,27,27,9,20,662,420,"[""assets/장기렌트_리스/lease-cf09d63a2c-7/logo-001.webp"", ""assets/장기렌트_리스/lease-cf09d63a2c-7/logo-002.webp"", ""assets/장기렌트_리스/lease-cf09d63a2c-7/logo-003.png"", ""assets/장기렌트_리스/lease-cf09d63a2c-7/logo-004.webp""]","[""assets/장기렌트_리스/lease-cf09d63a2c-7/banner-001.webp"", ""assets/장기렌트_리스/lease-cf09d63a2c-7/banner-002.webp""]",[],"[""assets/장기렌트_리스/lease-cf09d63a2c-7/reference-001.webp"", ""assets/장기렌트_리스/lease-cf09d63a2c-7/reference-002.webp"", ""assets/장기렌트_리스/lease-cf09d63a2c-7/reference-003.webp"", ""assets/장기렌트_리스/lease-cf09d63a2c-7/reference-004.webp"", ""assets/장기렌트_리스/lease-cf09d63a2c-7/reference-005.webp"", ""assets/장기렌트_리스/lease-cf09d63a2c-7/reference-006.webp"", ""assets/장기렌트_리스/lease-cf09d63a2c-7/reference-007.webp"", ""assets/장기렌트_리스/lease-cf09d63a2c-7/reference-008.webp"", ""assets/장기렌트_리스/lease-cf09d63a2c-7/reference-009.webp"", ""assets/장기렌트_리스/lease-cf09d63a2c-7/reference-010.webp""]"
장기렌트_리스,삼성카드 다이렉트오토,lease-cf09d63a2c-8,https://directauto.samsungcard.com/oap/car-search/UOAPCS0702M1.jsp,https://directauto.samsungcard.com/oap/car-search/UOAPCS0702M1.jsp,삼성카드 다이렉트오토,,,complete,asset:https://static11.samsungcard.com/images/personal/common/bl_gray_bar_4x1.png:HTTPError; asset:https://static11.samsungcard.com/wcms/event//images/bg_square_list_box_180803_2_05_m.png:HTTPError; asset:https://static11.samsungcard.com/wcms/event//images/bg_square_list_box_180803_2_23_m.png:HTTPError; asset:https://static11.samsungcard.com/images/personal/event_img/bg_button_banner_190917.png:HTTPError; asset:https://static11.samsungcard.com/wcms/event//images/1-icon-1-common-2-accordion-14-px-gray-expand_3x.png:HTTPError; asset:https://static12.samsungcard.com/images/personal/benefits/btn_play_stop.png:HTTPError; asset:https://static11.samsungcard.com/wcms/event//bg_evt_life_onestop_point_line02.png:HTTPError; asset:https://static11.samsungcard.com/images/personal/event_img/211019_id_graph.png:HTTPError; asset:https://static11.samsungcard.com/images/personal/common/ico_play_stop_m.png:HTTPError; asset:https://static12.samsungcard.com/images/personal/event_img/e_ba_191025_bg.jpg:HTTPError; asset:https://static12.samsungcard.com/images/personal/common/bg_login_banner_m05.jpg:HTTPError; asset:https://static12.samsungcard.com/images/personal/common/bg_login_banner_m06.jpg:HTTPError,172,23,67,3,79,장기렌트·리스,28,28,28,28,36,2658,420,"[""assets/장기렌트_리스/lease-cf09d63a2c-8/logo-001.png"", ""assets/장기렌트_리스/lease-cf09d63a2c-8/logo-002.png"", ""assets/장기렌트_리스/lease-cf09d63a2c-8/logo-003.png"", ""assets/장기렌트_리스/lease-cf09d63a2c-8/logo-004.png"", ""assets/장기렌트_리스/lease-cf09d63a2c-8/logo-005.png"", ""assets/장기렌트_리스/lease-cf09d63a2c-8/logo-006.png"", ""assets/장기렌트_리스/lease-cf09d63a2c-8/logo-007.webp"", ""assets/장기렌트_리스/lease-cf09d63a2c-8/logo-008.webp"", ""assets/장기렌트_리스/lease-cf09d63a2c-8/logo-009.webp"", ""assets/장기렌트_리스/lease-cf09d63a2c-8/logo-010.webp"", ""assets/장기렌트_리스/lease-cf09d63a2c-8/logo-011.webp"", ""assets/장기렌트_리스/lease-cf09d63a2c-8/logo-012.webp"", ""assets/장기렌트_리스/lease-cf09d63a2c-8/logo-013.webp"", ""assets/장기렌트_리스/lease-cf09d63a2c-8/logo-014.webp"", ""assets/장기렌트_리스/lease-cf09d63a2c-8/logo-015.webp"", ""assets/장기렌트_리스/lease-cf09d63a2c-8/logo-016.png"", ""assets/장기렌트_리스/lease-cf09d63a2c-8/logo-017.webp"", ""assets/장기렌트_리스/lease-cf09d63a2c-8/logo-018.webp"", ""assets/장기렌트_리스/lease-cf09d63a2c-8/logo-019.webp"", ""assets/장기렌트_리스/lease-cf09d63a2c-8/logo-020.webp"", ""assets/장기렌트_리스/lease-cf09d63a2c-8/logo-021.webp"", ""assets/장기렌트_리스/lease-cf09d63a2c-8/logo-022.webp"", ""assets/장기렌트_리스/lease-cf09d63a2c-8/logo-023.png""]","[""assets/장기렌트_리스/lease-cf09d63a2c-8/banner-001.webp"", ""assets/장기렌트_리스/lease-cf09d63a2c-8/banner-002.webp"", ""assets/장기렌트_리스/lease-cf09d63a2c-8/banner-003.webp"", ""assets/장기렌트_리스/lease-cf09d63a2c-8/banner-004.webp"", ""assets/장기렌트_리스/lease-cf09d63a2c-8/banner-005.webp"", ""assets/장기렌트_리스/lease-cf09d63a2c-8/banner-006.webp"", ""assets/장기렌트_리스/lease-cf09d63a2c-8/banner-007.webp"", ""assets/장기렌트_리스/lease-cf09d63a2c-8/banner-008.webp"", ""assets/장기렌트_리스/lease-cf09d63a2c-8/banner-009.webp"", ""assets/장기렌트_리스/lease-cf09d63a2c-8/banner-010.webp"", ""assets/장기렌트_리스/lease-cf09d63a2c-8/banner-011.webp"", ""assets/장기렌트_리스/lease-cf09d63a2c-8/banner-012.webp"", ""assets/장기렌트_리스/lease-cf09d63a2c-8/banner-013.webp"", ""assets/장기렌트_리스/lease-cf09d63a2c-8/banner-014.webp"", ""assets/장기렌트_리스/lease-cf09d63a2c-8/banner-015.webp"", ""assets/장기렌트_리스/lease-cf09d63a2c-8/banner-016.webp"", ""assets/장기렌트_리스/lease-cf09d63a2c-8/banner-017.webp"", ""assets/장기렌트_리스/lease-cf09d63a2c-8/banner-018.webp"", ""assets/장기렌트_리스/lease-cf09d63a2c-8/banner-019.webp"", ""assets/장기렌트_리스/lease-cf09d63a2c-8/banner-020.webp"", ""assets/장기렌트_리스/lease-cf09d63a2c-8/banner-021.webp"", ""assets/장기렌트_리스/lease-cf09d63a2c-8/banner-022.webp"", ""assets/장기렌트_리스/lease-cf09d63a2c-8/banner-023.webp"", ""assets/장기렌트_리스/lease-cf09d63a2c-8/banner-024.webp"", ""assets/장기렌트_리스/lease-cf09d63a2c-8/banner-025.webp"", ""assets/장기렌트_리스/lease-cf09d63a2c-8/banner-026.webp"", ""assets/장기렌트_리스/lease-cf09d63a2c-8/banner-027.webp"", ""assets/장기렌트_리스/lease-cf09d63a2c-8/banner-028.webp"", ""assets/장기렌트_리스/lease-cf09d63a2c-8/banner-029.webp"", ""assets/장기렌트_리스/lease-cf09d63a2c-8/banner-030.webp"", ""assets/장기렌트_리스/lease-cf09d63a2c-8/banner-031.webp"", ""assets/장기렌트_리스/lease-cf09d63a2c-8/banner-032.webp"", ""assets/장기렌트_리스/lease-cf09d63a2c-8/banner-033.webp"", ""assets/장기렌트_리스/lease-cf09d63a2c-8/banner-034.webp"", ""assets/장기렌트_리스/lease-cf09d63a2c-8/banner-035.webp"", ""assets/장기렌트_리스/lease-cf09d63a2c-8/banner-036.webp"", ""assets/장기렌트_리스/lease-cf09d63a2c-8/banner-037.webp"", ""assets/장기렌트_리스/lease-cf09d63a2c-8/banner-038.webp"", ""assets/장기렌트_리스/lease-cf09d63a2c-8/banner-039.webp"", ""assets/장기렌트_리스/lease-cf09d63a2c-8/banner-040.webp"", ""assets/장기렌트_리스/lease-cf09d63a2c-8/banner-041.webp"", ""assets/장기렌트_리스/lease-cf09d63a2c-8/banner-042.webp"", ""assets/장기렌트_리스/lease-cf09d63a2c-8/banner-043.webp"", ""assets/장기렌트_리스/lease-cf09d63a2c-8/banner-044.webp"", ""assets/장기렌트_리스/lease-cf09d63a2c-8/banner-045.webp"", ""assets/장기렌트_리스/lease-cf09d63a2c-8/banner-046.webp"", ""assets/장기렌트_리스/lease-cf09d63a2c-8/banner-047.webp"", ""assets/장기렌트_리스/lease-cf09d63a2c-8/banner-048.webp"", ""assets/장기렌트_리스/lease-cf09d63a2c-8/banner-049.webp"", ""assets/장기렌트_리스/lease-cf09d63a2c-8/banner-050.webp"", ""assets/장기렌트_리스/lease-cf09d63a2c-8/banner-051.webp"", ""assets/장기렌트_리스/lease-cf09d63a2c-8/banner-052.webp"", ""assets/장기렌트_리스/lease-cf09d63a2c-8/banner-053.webp"", ""assets/장기렌트_리스/lease-cf09d63a2c-8/banner-054.webp"", ""assets/장기렌트_리스/lease-cf09d63a2c-8/banner-055.webp"", ""assets/장기렌트_리스/lease-cf09d63a2c-8/banner-056.webp"", ""assets/장기렌트_리스/lease-cf09d63a2c-8/banner-057.webp"", ""assets/장기렌트_리스/lease-cf09d63a2c-8/banner-058.webp"", ""assets/장기렌트_리스/lease-cf09d63a2c-8/banner-059.webp"", ""assets/장기렌트_리스/lease-cf09d63a2c-8/banner-060.webp"", ""assets/장기렌트_리스/lease-cf09d63a2c-8/banner-061.webp"", ""assets/장기렌트_리스/lease-cf09d63a2c-8/banner-062.webp"", ""assets/장기렌트_리스/lease-cf09d63a2c-8/banner-063.webp"", ""assets/장기렌트_리스/lease-cf09d63a2c-8/banner-064.webp"", ""assets/장기렌트_리스/lease-cf09d63a2c-8/banner-065.webp"", ""assets/장기렌트_리스/lease-cf09d63a2c-8/banner-066.webp"", ""assets/장기렌트_리스/lease-cf09d63a2c-8/banner-067.webp""]","[""assets/장기렌트_리스/lease-cf09d63a2c-8/social-001.webp"", ""assets/장기렌트_리스/lease-cf09d63a2c-8/social-002.webp"", ""assets/장기렌트_리스/lease-cf09d63a2c-8/social-003.webp""]","[""assets/장기렌트_리스/lease-cf09d63a2c-8/reference-001.webp"", ""assets/장기렌트_리스/lease-cf09d63a2c-8/reference-002.webp"", ""assets/장기렌트_리스/lease-cf09d63a2c-8/reference-003.webp"", ""assets/장기렌트_리스/lease-cf09d63a2c-8/reference-004.webp"", ""assets/장기렌트_리스/lease-cf09d63a2c-8/reference-005.webp"", ""assets/장기렌트_리스/lease-cf09d63a2c-8/reference-006.webp"", ""assets/장기렌트_리스/lease-cf09d63a2c-8/reference-007.webp"", ""assets/장기렌트_리스/lease-cf09d63a2c-8/reference-008.webp"", ""assets/장기렌트_리스/lease-cf09d63a2c-8/reference-009.webp"", ""assets/장기렌트_리스/lease-cf09d63a2c-8/reference-010.webp"", ""assets/장기렌트_리스/lease-cf09d63a2c-8/reference-011.webp"", ""assets/장기렌트_리스/lease-cf09d63a2c-8/reference-012.webp"", ""assets/장기렌트_리스/lease-cf09d63a2c-8/reference-013.webp"", ""assets/장기렌트_리스/lease-cf09d63a2c-8/reference-014.webp"", ""assets/장기렌트_리스/lease-cf09d63a2c-8/reference-015.webp"", ""assets/장기렌트_리스/lease-cf09d63a2c-8/reference-016.webp"", ""assets/장기렌트_리스/lease-cf09d63a2c-8/reference-017.webp"", ""assets/장기렌트_리스/lease-cf09d63a2c-8/reference-018.webp"", ""assets/장기렌트_리스/lease-cf09d63a2c-8/reference-019.webp"", ""assets/장기렌트_리스/lease-cf09d63a2c-8/reference-020.webp"", ""assets/장기렌트_리스/lease-cf09d63a2c-8/reference-021.webp"", ""assets/장기렌트_리스/lease-cf09d63a2c-8/reference-022.webp"", ""assets/장기렌트_리스/lease-cf09d63a2c-8/reference-023.webp"", ""assets/장기렌트_리스/lease-cf09d63a2c-8/reference-024.webp"", ""assets/장기렌트_리스/lease-cf09d63a2c-8/reference-025.webp"", ""assets/장기렌트_리스/lease-cf09d63a2c-8/reference-026.webp"", ""assets/장기렌트_리스/lease-cf09d63a2c-8/reference-027.webp"", ""assets/장기렌트_리스/lease-cf09d63a2c-8/reference-028.webp"", ""assets/장기렌트_리스/lease-cf09d63a2c-8/reference-029.webp"", ""assets/장기렌트_리스/lease-cf09d63a2c-8/reference-030.webp"", ""assets/장기렌트_리스/lease-cf09d63a2c-8/reference-031.webp"", ""assets/장기렌트_리스/lease-cf09d63a2c-8/reference-032.webp"", ""assets/장기렌트_리스/lease-cf09d63a2c-8/reference-033.webp"", ""assets/장기렌트_리스/lease-cf09d63a2c-8/reference-034.webp"", ""assets/장기렌트_리스/lease-cf09d63a2c-8/reference-035.webp"", ""assets/장기렌트_리스/lease-cf09d63a2c-8/reference-036.webp"", ""assets/장기렌트_리스/lease-cf09d63a2c-8/reference-037.webp"", ""assets/장기렌트_리스/lease-cf09d63a2c-8/reference-038.webp"", ""assets/장기렌트_리스/lease-cf09d63a2c-8/reference-039.webp"", ""assets/장기렌트_리스/lease-cf09d63a2c-8/reference-040.webp"", ""assets/장기렌트_리스/lease-cf09d63a2c-8/reference-041.webp"", ""assets/장기렌트_리스/lease-cf09d63a2c-8/reference-042.webp"", ""assets/장기렌트_리스/lease-cf09d63a2c-8/reference-043.webp"", ""assets/장기렌트_리스/lease-cf09d63a2c-8/reference-044.webp"", ""assets/장기렌트_리스/lease-cf09d63a2c-8/reference-045.webp"", ""assets/장기렌트_리스/lease-cf09d63a2c-8/reference-046.webp"", ""assets/장기렌트_리스/lease-cf09d63a2c-8/reference-047.webp"", ""assets/장기렌트_리스/lease-cf09d63a2c-8/reference-048.webp"", ""assets/장기렌트_리스/lease-cf09d63a2c-8/reference-049.webp"", ""assets/장기렌트_리스/lease-cf09d63a2c-8/reference-050.webp"", ""assets/장기렌트_리스/lease-cf09d63a2c-8/reference-051.webp"", ""assets/장기렌트_리스/lease-cf09d63a2c-8/reference-052.webp"", ""assets/장기렌트_리스/lease-cf09d63a2c-8/reference-053.webp"", ""assets/장기렌트_리스/lease-cf09d63a2c-8/reference-054.webp"", ""assets/장기렌트_리스/lease-cf09d63a2c-8/reference-055.webp"", ""assets/장기렌트_리스/lease-cf09d63a2c-8/reference-056.webp"", ""assets/장기렌트_리스/lease-cf09d63a2c-8/reference-057.webp"", ""assets/장기렌트_리스/lease-cf09d63a2c-8/reference-058.webp"", ""assets/장기렌트_리스/lease-cf09d63a2c-8/reference-059.webp"", ""assets/장기렌트_리스/lease-cf09d63a2c-8/reference-060.webp"", ""assets/장기렌트_리스/lease-cf09d63a2c-8/reference-061.webp"", ""assets/장기렌트_리스/lease-cf09d63a2c-8/reference-062.webp"", ""assets/장기렌트_리스/lease-cf09d63a2c-8/reference-063.webp"", ""assets/장기렌트_리스/lease-cf09d63a2c-8/reference-064.webp"", ""assets/장기렌트_리스/lease-cf09d63a2c-8/reference-065.webp"", ""assets/장기렌트_리스/lease-cf09d63a2c-8/reference-066.webp"", ""assets/장기렌트_리스/lease-cf09d63a2c-8/reference-067.webp"", ""assets/장기렌트_리스/lease-cf09d63a2c-8/reference-068.webp"", ""assets/장기렌트_리스/lease-cf09d63a2c-8/reference-069.webp"", ""assets/장기렌트_리스/lease-cf09d63a2c-8/reference-070.webp"", ""assets/장기렌트_리스/lease-cf09d63a2c-8/reference-071.webp"", ""assets/장기렌트_리스/lease-cf09d63a2c-8/reference-072.webp"", ""assets/장기렌트_리스/lease-cf09d63a2c-8/reference-073.webp"", ""assets/장기렌트_리스/lease-cf09d63a2c-8/reference-074.webp"", ""assets/장기렌트_리스/lease-cf09d63a2c-8/reference-075.webp"", ""assets/장기렌트_리스/lease-cf09d63a2c-8/reference-076.webp"", ""assets/장기렌트_리스/lease-cf09d63a2c-8/reference-077.webp"", ""assets/장기렌트_리스/lease-cf09d63a2c-8/reference-078.webp"", ""assets/장기렌트_리스/lease-cf09d63a2c-8/reference-079.webp""]"
장기렌트_리스,신한카드 마이카,lease-cf09d63a2c-9,https://mycar.shinhancard.com/conts/html/auto/rental/rentalcar/ADPFM111R61.html,https://mycar.shinhancard.com/conts/html/auto/rental/rentalcar/ADPFM111R61.html,신한카드 마이카,,,partial,,3,0,1,1,1,장기렌트·리스,1,1,1,0,6,21,21,[],"[""assets/장기렌트_리스/lease-cf09d63a2c-9/banner-001.webp""]","[""assets/장기렌트_리스/lease-cf09d63a2c-9/social-001.webp""]","[""assets/장기렌트_리스/lease-cf09d63a2c-9/reference-001.webp""]"
장기렌트_리스,아마존카,lease-cf09d63a2c-10,https://www.amazoncar.co.kr/,https://www.amazoncar.co.kr/,아마존카,,,partial,,7,0,3,0,4,장기렌트·리스,1,1,1,1,1,21,21,[],"[""assets/장기렌트_리스/lease-cf09d63a2c-10/banner-001.webp"", ""assets/장기렌트_리스/lease-cf09d63a2c-10/banner-002.webp"", ""assets/장기렌트_리스/lease-cf09d63a2c-10/banner-003.webp""]",[],"[""assets/장기렌트_리스/lease-cf09d63a2c-10/reference-001.webp"", ""assets/장기렌트_리스/lease-cf09d63a2c-10/reference-002.webp"", ""assets/장기렌트_리스/lease-cf09d63a2c-10/reference-003.webp"", ""assets/장기렌트_리스/lease-cf09d63a2c-10/reference-004.webp""]"
